<?xml version="1.0" encoding="UTF-8"?>
<!-- edited with XMLSPY v2004 rel. 4 U (http://www.xmlspy.com) by Bernhard Reiterer (3S-Smart Software Solutions GmbH) -->
<DeviceDescription xmlns="http://www.3s-software.com/schemas/DeviceDescription-1.0.xsd">
  <Types namespace="localTypes">
    <StructType name="StructStatistics">
      <Component identifier="SendFrameCount" type="std:UDINT">
        <Default>0</Default>
        <VisibleName name="local:Component.SendFrameCount">SendFrameCount</VisibleName>
      </Component>
      <Component identifier="FramesPerSecond" type="std:UDINT">
        <Default>0</Default>
        <VisibleName name="local:Component.FramesPerSecond">FramesPerSecond</VisibleName>
      </Component>
      <Component identifier="LostFrameCount" type="std:UDINT">
        <Default>0</Default>
        <VisibleName name="local:Component.LostFrameCount">LostFrameCount</VisibleName>
      </Component>
      <Component identifier="TxErrorCount" type="std:UDINT">
        <Default>0</Default>
        <VisibleName name="local:Component.TxErrorCount">TxErrorCount</VisibleName>
      </Component>
      <Component identifier="RxErrorCount" type="std:UDINT">
        <Default>0</Default>
        <VisibleName name="local:Component.RxErrorCount">RxErrorCount</VisibleName>
      </Component>
    </StructType>
  </Types>
  <Strings namespace="local">
    <Language lang="de">
      <String identifier="typename">EtherCAT Master</String>
      <String identifier="typedescription">EtherCAT Master...</String>
      <String identifier="_3S">3S - Smart Software Solutions GmbH</String>
      <String identifier="PCI_Interface">PCI-Bus</String>
      <String identifier="Parameter.OutputSlaves">AnzahlAusgangSlaves</String>
      <String identifier="Parameter.OutputSlavesDesc">Anzahl der Slaves mit Ausgaengen</String>
      <String identifier="Parameter.InputSlaves">AnzahlEingangSlaves</String>
      <String identifier="Parameter.InputSlavesDesc">Anzahl der Slaves mit Eingaengen</String>
      <String identifier="Parameter.SrcAddress1">QuellAdresse1</String>
      <String identifier="Parameter.SrcAddress1Desc">Zwei Null Bytes und die ersten beiden Bytes der Quelladresse</String>
      <String identifier="Parameter.SrcAddress2">QuellAdresse2</String>
      <String identifier="Parameter.SrcAddress2Desc">Untere 4 Bytes der Quelladresse</String>
      <String identifier="Parameter.DestAddress1">ZielAdresse1</String>
      <String identifier="Parameter.DestAddress1Desc">Zwei Null Bytes und die ersten beiden Bytes der Zieladresse</String>
      <String identifier="Parameter.DestAddress2">ZielAdresse2</String>
      <String identifier="Parameter.DestAddress2Desc">Untere 4 Bytes der Zieladresse</String>
      <String identifier="Parameter.ImageOutAddress">SpeicherAbbildAdresseAus</String>
      <String identifier="Parameter.ImageOutAddressDesc">Adresse der Ausgaenge</String>
      <String identifier="Parameter.ImageOutLength">SpeicherAbbildLaengeAus</String>
      <String identifier="Parameter.ImageOutLengthDesc">Laenge der Ausgaenge</String>
      <String identifier="Parameter.ImageInAddress">SpeicherAbbildAdresseEin</String>
      <String identifier="Parameter.ImageInAddressDesc">Adresse der Eingaenge</String>
      <String identifier="Parameter.ImageInLength">SpeicherAbbildLaengeEin</String>
      <String identifier="Parameter.ImageInLengthDesc">Laenge der Eingaenge</String>
      <String identifier="Parameter.Autoconfig">AutoKonfig</String>
      <String identifier="Parameter.AutoconfigDesc">Automatische Konfiguration</String>
      <String identifier="Parameter.MasterCycleTime">MasterZyklusZeit</String>
      <String identifier="Parameter.MasterCycleTimeDesc">Zykluszeit des Masters</String>
      <String identifier="Parameter.MasterUseLRW">MasterVerwendetLRW</String>
      <String identifier="Parameter.MasterUseLRWDesc">Master verwendet LRW Kommando</String>
      <String identifier="Parameter.SlaveAutoRestart">SlaveAutoNeustart</String>
      <String identifier="Parameter.SlaveAutoRestartDesc">Slave startet automatisch neu</String>
      <String identifier="Parameter.SlaveCheckMode">SlaveCheckMode</String>
      <String identifier="Parameter.SlaveAutoRestartDesc">Modus für Vendor und Product Code Überprüfung</String>
      <String identifier="Parameter.NetworkName">NetzwerkName</String>
      <String identifier="Parameter.NetworkNameDesc">Name der Netzwerkkarte</String>
      <String identifier="Parameter.SelectNetworkByName">NetzwerkwahlName</String>
      <String identifier="Parameter.SelectNetworkByNameDesc">Netzwerk per Name auswählen</String>
      <String identifier="Parameter.EnableTaskMessage">TaskFreigabe</String>
      <String identifier="Parameter.EnableTaskMessageDesc">Nachrichten pro Task freigeben</String>
      <String identifier="Parameter.DisableTaskGeneration">Taskerzeugung</String>
      <String identifier="Parameter.DisableTaskGenerationDesc">Automatische Taskerzeugung sperren</String>
      <String identifier="Parameter.FrameAtTaskStart">NachrichtAmTaskBeginn</String>
      <String identifier="Parameter.FrameAtTaskStartDesc">Sende Nachricht am Taskbeginn</String>
      <String identifier="Parameter.WaitForPacket">WarteFürPaket</String>
      <String identifier="Parameter.WaitForPacketDesc">Warte auf die Pakete im gleichen Zyklus/ NachrichtAmTaskBeginn muss ebenfalls gesetzt sein</String>
      <String identifier="Parameter.ScanForAliasAddress">ScanFuerAliasAddresse</String>
      <String identifier="Parameter.ScanForAliasAddressDesc">Aktiviert Scan Funktion für Alias Adresse</String>
      <String identifier="Parameter.SyncOffset">Syncverschiebung</String>
      <String identifier="Parameter.SyncOffsetDesc">Master Verschiebung des Synchronisationszeitpunkts</String>
      <String identifier="SecondNetworkAdapter">Zweiter Netzwerkadapter</String>
      <String identifier="Parameter.SecondAdapterActive">AktiviereZweitesNetzwerk</String>
      <String identifier="Parameter.SecondAdapterActiveDesc">Aktiviere zweite Netzwerkkarte</String>
      <String identifier="Parameter.SrcAddress">Quelladresse</String>
      <String identifier="Parameter.SrcAddressDesc">Quelladresse</String>
      <String identifier="Parameter.DestAddress">Zieladresse</String>
      <String identifier="Parameter.DestAddressDesc">Zieladresse</String>
      <String identifier="Parameter.SyncWindowMonitoring">SyncÜberwachung</String>
      <String identifier="Parameter.SyncWindowMonitoringDesc">Slave Synchronisation Überwachung</String>
      <String identifier="Parameter.DCSyncWindow">Syncfenster</String>
      <String identifier="Parameter.DCSyncWindowDesc">Syncüberwachungsfenster für xDistributedClockInSync</String>
      <String identifier="Parameter.CustomENIExport">ENIExport</String>
      <String identifier="Parameter.CustomENIExportDesc">Erzeuge ENI Datei mit besonderen Einstellungen</String>
      <String identifier="Parameter.CustomENIExport">IgnoriereManuelleAdressen</String>
      <String identifier="Parameter.CustomENIIgnoreManualAdressDesc">Ignoriere manuelle Adressen im ENI Export</String>
      <String identifier="Parameter.EnableSyncUnits">Verwende Sync Units</String>
      <String identifier="Parameter.EnableSyncUnitsDesc">Verwende Sync Units</String>
      <String identifier="Parameter.DCMode">DCModus</String>
      <String identifier="Parameter.DCModeDesc">Modus für Distributed Clock</String>
      <String identifier="Parameter.Statistics">Statistik</String>
      <String identifier="Parameter.ClearStatistics">Lösche Statistik</String>
      <String identifier="Parameter.ClearStatisticsDesc">Lösche Statistik</String>
      <String identifier="Component.SendFrameCount">SendFrameCount</String>
      <String identifier="Component.FramesPerSecond">FramesPerSecond</String>
      <String identifier="Component.LostFrameCount">LostFrameCount</String>
      <String identifier="Component.TxErrorCount">TxErrorCount</String>
      <String identifier="Component.RxErrorCount">RxErrorCount</String>
      <String identifier="Parameter.KeepInputData">Halte letzte Eingangsdaten</String>
      <String identifier="Parameter.KeepInputDataDesc">Halte letzte Eingangsdaten</String>
      <String identifier="Parameter.OnlyArpBroadCast">NurArpBroadcasts</String>
      <String identifier="Parameter.OnlyArpBroadCastDesc">true: übertrage nur ARP Broadcasts, false: übertrage  alle Broadcasts</String>
    </Language>
    <Language lang="en">
      <String identifier="typename">EtherCAT Master</String>
      <String identifier="typedescription">EtherCAT Master...</String>
      <String identifier="_3S">3S - Smart Software Solutions GmbH</String>
      <String identifier="PCI_Interface">PCI-Bus</String>
      <String identifier="Parameter.OutputSlaves">NumberOfOutputSlaves</String>
      <String identifier="Parameter.OutputSlavesDesc">Number of Slaves with an Output</String>
      <String identifier="Parameter.InputSlaves">NumberOfInputSlaves</String>
      <String identifier="Parameter.InputSlavesDesc">Number of Slaves with an Input</String>
      <String identifier="Parameter.SrcAddress1">SrcAddress1</String>
      <String identifier="Parameter.SrcAddress1Desc">Two zero Bytes and the First Two Bytes of the Source Address</String>
      <String identifier="Parameter.SrcAddress2">SrcAddress2</String>
      <String identifier="Parameter.SrcAddress2Desc">Lower 4 Bytes of the Source Address</String>
      <String identifier="Parameter.DestAddress1">DestAddress1</String>
      <String identifier="Parameter.DestAddress1Desc">Two zero Bytes and the First Two Bytes of the Destination Address</String>
      <String identifier="Parameter.DestAddress2">DestAddress2</String>
      <String identifier="Parameter.DestAddress2Desc">Lower 4 Bytes of the Destination Address</String>
      <String identifier="Parameter.ImageOutAddress">ImageOutAddress</String>
      <String identifier="Parameter.ImageOutAddressDesc">Address of the Output</String>
      <String identifier="Parameter.ImageOutLength">ImageOutLength</String>
      <String identifier="Parameter.ImageOutLengthDesc">Length of the Output</String>
      <String identifier="Parameter.ImageInAddress">ImageInAddress</String>
      <String identifier="Parameter.ImageInAddressDesc">Address of the Input</String>
      <String identifier="Parameter.ImageInLength">ImageInLength</String>
      <String identifier="Parameter.ImageInLengthDesc">Length of the Input</String>
      <String identifier="Parameter.Autoconfig">Autoconfig</String>
      <String identifier="Parameter.AutoconfigDesc">Automatic configuration</String>
      <String identifier="Parameter.MasterCycleTime">MasterCycleTime</String>
      <String identifier="Parameter.MasterCycleTimeDesc">Master Cycle Time</String>
      <String identifier="Parameter.MasterUseLRW">MasterUseLRW</String>
      <String identifier="Parameter.MasterUseLRWDesc">Master uses LRW command</String>
      <String identifier="Parameter.SlaveAutoRestart">SlaveAutorestart</String>
      <String identifier="Parameter.SlaveAutoRestartDesc">Slave restarts automatically</String>
      <String identifier="Parameter.SlaveCheckMode">SlaveCheckMode</String>
      <String identifier="Parameter.SlaveCheckModeDesc">Mode for vendor product check</String>
      <String identifier="Parameter.NetworkName">NetworkName</String>
      <String identifier="Parameter.NetworkNameDesc">Name of the network card</String>
      <String identifier="Parameter.SelectNetworkByName">SelectNetworkByName</String>
      <String identifier="Parameter.SelectNetworkByNameDesc">Select network by name</String>
      <String identifier="Parameter.EnableTaskMessage">EnableTaskMessage</String>
      <String identifier="Parameter.EnableTaskMessageDesc">Enable transmission per task</String>
      <String identifier="Parameter.DisableTaskGeneration">DisableTaskGeneration</String>
      <String identifier="Parameter.DisableTaskGenerationDesc">Disable automatic task generation</String>
      <String identifier="Parameter.FrameAtTaskStart">FrameAtTaskStart</String>
      <String identifier="Parameter.FrameAtTaskStartDesc">Send frame at task cycle start</String>
      <String identifier="Parameter.WaitForPacket">WaitForPacket</String>
      <String identifier="Parameter.WaitForPacketDesc">Wait for packets in the same cycle/ FrameAtTaskStart must be also set</String>
      <String identifier="Parameter.ScanForAliasAddress">ScanForAliasAddress</String>
      <String identifier="Parameter.ScanForAliasAddressDesc">Enables scan for alias address</String>
      <String identifier="Parameter.SyncOffset">SyncOffset</String>
      <String identifier="Parameter.SyncOffsetDesc">Master synchronisation offset</String>
      <String identifier="SecondNetworkAdapter">Second Network adapter</String>
      <String identifier="Parameter.SecondAdapterActive">EnableSecondAdapter</String>
      <String identifier="Parameter.SecondAdapterActiveDesc">Enable second network adapter</String>
      <String identifier="Parameter.SrcAddress">SrcAddress</String>
      <String identifier="Parameter.SrcAddressDesc">Source Address</String>
      <String identifier="Parameter.DestAddress">DestAddress</String>
      <String identifier="Parameter.DestAddressDesc">Destination Address</String>
      <String identifier="Parameter.SyncWindowMonitoring">SyncWindowMonitoring</String>
      <String identifier="Parameter.SyncWindowMonitoringDesc">Slave sync window monitoring</String>
      <String identifier="Parameter.DCSyncWindow">DCSyncInWindow</String>
      <String identifier="Parameter.DCSyncWindowDesc">sync window for xDistributedClockInSync</String>
      <String identifier="Parameter.CustomENIExport">CustomENIExport</String>
      <String identifier="Parameter.CustomENIExportDesc">Export ENI file with custom settings</String>
      <String identifier="Parameter.CustomENIExport">IgnoreManualAddres</String>
      <String identifier="Parameter.CustomENIIgnoreManualAdressDesc">Ignore manual address settings in the ENI export</String>
      <String identifier="Parameter.EnableSyncUnits">Enable sync units</String>
      <String identifier="Parameter.EnableSyncUnitsDesc">Enable support for sync units</String>
      <String identifier="Parameter.DCMode">DCMode</String>
      <String identifier="Parameter.DCModeDesc">Mode for distributed clock</String>
      <String identifier="Parameter.Statistics">Statistics</String>
      <String identifier="Parameter.ClearStatistics">Clear Statistics</String>
      <String identifier="Parameter.ClearStatisticsDesc">Clear Statistics</String>
      <String identifier="Component.SendFrameCount">SendFrameCount</String>
      <String identifier="Component.FramesPerSecond">FramesPerSecond</String>
      <String identifier="Component.LostFrameCount">LostFrameCount</String>
      <String identifier="Component.TxErrorCount">TxErrorCount</String>
      <String identifier="Component.RxErrorCount">RxErrorCount</String>
      <String identifier="Parameter.KeepInputData">Keep last input data</String>
      <String identifier="Parameter.KeepInputDataDesc">Keep last input data</String>
      <String identifier="Parameter.OnlyArpBroadCast">OnlyArpBroadcasts</String>
      <String identifier="Parameter.OnlyArpBroadCastDesc">true: transmit only ARP broadcasts, false: transmit all broadcasts</String>
    </Language>
  </Strings>
  <Device>
    <DeviceIdentification>
      <Type>64</Type>
      <Id>0000 0001</Id>
      <Version>3.5.12.0</Version>
    </DeviceIdentification>
    <DeviceInfo>
      <Name name="local:typename">EtherCAT Master</Name>
      <Description name="local:typedescription">EtherCAT Master</Description>
      <Vendor name="local:_3S">3S - Smart Software Solutions GmbH</Vendor>
    </DeviceInfo>
    <Connector connectorId="1" explicit="false" hostpath="-1" interface="Common.PCI" moduleType="257" role="child" hideInStatusPage="True">
      <InterfaceName name="local:PCI_Interface">PCI-Bus</InterfaceName>
      <Slot allowEmpty="false" count="1" />
    </Connector>
    <Connector connectorId="2" explicit="false" hostpath="1" interface="Common.Ethercat" moduleType="64" role="parent">
      <InterfaceName name="local:EtherCAT_Interface">EtherCAT</InterfaceName>
      <Var max="1024" />
      <HostParameterSet>
        <Parameter ParameterId="1073741826" type="std:DWORD">
          <!--16#40000002-->
          <Attributes offlineaccess="readwrite" download="true" functional="false" />
          <Default>0</Default>
          <Name name="local:Parameter.OutputSlaves">NumberOfOutputSlaves</Name>
          <Description name="local:Parameter.OutputSlavesDesc">Number of Slaves with an Output</Description>
        </Parameter>
        <Parameter ParameterId="1073741827" type="std:DWORD">
          <!--16#40000003-->
          <Attributes offlineaccess="readwrite" download="true" functional="false" />
          <Default>0</Default>
          <Name name="local:Parameter.InputSlaves">NumberOfInputSlaves</Name>
          <Description name="local:Parameter.InputSlavesDesc">Number of Slaves with an Input</Description>
        </Parameter>
        <Parameter ParameterId="1073741829" type="std:DWORD">
          <!--16#40000005-->
          <Attributes offlineaccess="readwrite" download="true" functional="false" />
          <Default>0</Default>
          <Name name="local:Parameter.SrcAddress1">SrcAddress1</Name>
          <Description name="local:Parameter.SrcAddress1Desc">Two zero Bytes and the First Two Bytes of the Source Address</Description>
        </Parameter>
        <Parameter ParameterId="1073741830" type="std:DWORD">
          <!--16#40000006-->
          <Attributes offlineaccess="readwrite" download="true" functional="false" />
          <Default>0</Default>
          <Name name="local:Parameter.SrcAddress2">SrcAddress2</Name>
          <Description name="local:Parameter.SrcAddress2Desc">Lower 4 Bytes of the Source Address</Description>
        </Parameter>
        <Parameter ParameterId="1073741831" type="std:DWORD">
          <!--16#40000007-->
          <Attributes offlineaccess="readwrite" download="true" functional="false" />
          <Default>65535</Default>
          <!--16#0000 ffff-->
          <Name name="local:Parameter.DestAddress1">DestAddress1</Name>
          <Description name="local:Parameter.DestAddress1Desc">Two zero Bytes and the First Two Bytes of the Destination Address</Description>
        </Parameter>
        <Parameter ParameterId="1073741832" type="std:DWORD">
          <!--16#40000008-->
          <Attributes offlineaccess="readwrite" download="true" functional="false" />
          <Default>4294967295</Default>
          <!--16#ffff ffff-->
          <Name name="local:Parameter.DestAddress2">DestAddress2</Name>
          <Description name="local:Parameter.DestAddress2Desc">Lower 4 Bytes of the Destination Address</Description>
        </Parameter>
        <Parameter ParameterId="1073741833" type="std:DWORD">
          <!--16#40000009-->
          <Attributes offlineaccess="readwrite" download="true" functional="false" />
          <Default>33554432</Default>
          <Name name="local:Parameter.ImageOutAddress">ImageOutAddress</Name>
          <Description name="local:Parameter.ImageOutAddressDesc">Address of the Output</Description>
        </Parameter>
        <Parameter ParameterId="1073741834" type="std:DWORD">
          <!--16#4000000A-->
          <Attributes offlineaccess="readwrite" download="true" functional="false" />
          <Default>0</Default>
          <Name name="local:Parameter.ImageOutLength">ImageOutLength</Name>
          <Description name="local:Parameter.ImageOutLengthDesc">Length of the Output</Description>
        </Parameter>
        <Parameter ParameterId="1073741835" type="std:DWORD">
          <!--16#4000000B-->
          <Attributes offlineaccess="readwrite" download="true" functional="false" />
          <Default>16777216</Default>
          <Name name="local:Parameter.ImageInAddress">ImageInAddress</Name>
          <Description name="local:Parameter.ImageInAddressDesc">Address of the Input</Description>
        </Parameter>
        <Parameter ParameterId="1073741836" type="std:DWORD">
          <!--16#4000000C-->
          <Attributes offlineaccess="readwrite" download="true" functional="false" />
          <Default>0</Default>
          <Name name="local:Parameter.ImageInLength">ImageInLength</Name>
          <Description name="local:Parameter.ImageInLengthDesc">Length of the Input</Description>
        </Parameter>
        <Parameter ParameterId="805306368" type="std:DWORD">
          <!--16#30000000 // ETC_AUTOCONFIG -->
          <Attributes offlineaccess="readwrite" download="true" functional="false" />
          <Default>1</Default>
          <Name name="local:Parameter.Autoconfig">Autoconfig</Name>
          <Description name="local:Parameter.AutoconfigDesc">Autoconfig</Description>
        </Parameter>
        <Parameter ParameterId="805326848" type="std:DWORD">
          <!--16#30005000 // ETC_MASTER_CYCLETIME -->
          <Attributes offlineaccess="readwrite" download="true" functional="false" />
          <Default>4000</Default>
          <Name name="local:Parameter.MasterCycleTime">MasterCycleTime</Name>
          <Description name="local:Parameter.MasterCycleTimeDesc">Master Cycle Time</Description>
        </Parameter>
        <Parameter ParameterId="805371904" type="std:BOOL">
          <!--16#30010000 // ETC_MASTER_USELRW -->
          <Attributes offlineaccess="readwrite" download="true" functional="false" />
          <Default>FALSE</Default>
          <Name name="local:Parameter.MasterUseLRW">MasterUseLRW</Name>
          <Description name="local:Parameter.MasterUseLRWDesc">Master uses LRW command</Description>
        </Parameter>
        <Parameter ParameterId="805392384" type="std:BOOL">
          <Attributes offlineaccess="readwrite" download="true" functional="false" />
          <Default>FALSE</Default>
          <Name name="local:Parameter.SlaveAutoRestart">SlaveAutoRestart</Name>
          <Description name="local:Parameter.SlaveAutoRestartDesc">Slave restarts automatically</Description>
        </Parameter>
        <Parameter ParameterId="805437440" type="std:USINT">
          <Attributes offlineaccess="readwrite" download="true" functional="false" />
          <Default>0</Default>
          <Name name="local:Parameter.SlaveCheckMode">SlaveCheckMode</Name>
          <Description name="local:Parameter.SlaveCheckModeDesc">Mode for vendor product check</Description>
        </Parameter>
        <Parameter ParameterId="805457920" type="std:STRING(100)">
          <Attributes offlineaccess="readwrite" download="true" functional="false" />
          <Default>''</Default>
          <Name name="local:Parameter.NetworkName">NetworkName</Name>
          <Description name="local:Parameter.NetworkNameDesc">Name of the network card</Description>
        </Parameter>
        <Parameter ParameterId="805457921" type="std:WSTRING(100)">
          <Attributes offlineaccess="readwrite" download="true" functional="false" />
          <Default>""</Default>
          <Name name="local:Parameter.NetworkName">NetworkName</Name>
          <Description name="local:Parameter.NetworkNameDesc">Name of the network card</Description>
        </Parameter>
        <Parameter ParameterId="805458176" type="std:BOOL">
          <Attributes offlineaccess="readwrite" download="true" functional="false" />
          <Default>FALSE</Default>
          <Name name="local:Parameter.SelectNetworkByName">SelectNetworkByName</Name>
          <Description name="local:Parameter.SelectNetworkByNameDesc">Select network by name</Description>
        </Parameter>
        <Parameter ParameterId="805458432" type="std:BOOL">
          <Attributes offlineaccess="readwrite" download="true" functional="false" />
          <Default>FALSE</Default>
          <Name name="local:Parameter.EnableTaskMessage">EnableTaskMessage</Name>
          <Description name="local:Parameter.EnableTaskMessageDesc">Enable transmission per task</Description>
        </Parameter>
        <Parameter ParameterId="805458688" type="std:BOOL">
          <Attributes offlineaccess="readwrite" download="true" functional="false" />
          <Default>FALSE</Default>
          <Name name="local:Parameter.DisableTaskGeneration">DisableTaskGeneration</Name>
          <Description name="local:Parameter.DisableTaskGenerationDesc">Disable automatic task generation</Description>
        </Parameter>
        <Parameter ParameterId="805458944" type="std:BOOL">
          <Attributes offlineaccess="readwrite" download="true" functional="false" />
          <Default>FALSE</Default>
          <Name name="local:Parameter.FrameAtTaskStart">FrameAtTaskStart</Name>
          <Description name="local:Parameter.FrameAtTaskStartDesc">Send frame at task cycle start</Description>
        </Parameter>
        <Parameter ParameterId="805458960" type="std:BOOL">
          <Attributes offlineaccess="readwrite" download="true" functional="false" />
          <Default>FALSE</Default>
          <Name name="local:Parameter.WaitForPacket">WaitForPacket</Name>
          <Description name="local:Parameter.WaitForPacketDesc">Wait for packets in the same cycle/ FrameAtTaskStart must be also set</Description>
        </Parameter>
        <Parameter ParameterId="805459280" type="std:WORD">
          <Attributes offlineaccess="readwrite" download="true" functional="false" />
          <Default>50</Default>
          <Name name="local:Parameter.DCSyncWindow">DCSyncInWindow</Name>
          <Description name="local:Parameter.DCSyncWindowDesc">Sync In Window setting</Description>
        </Parameter>
        <Parameter ParameterId="805459200" type="std:BOOL">
          <Attributes offlineaccess="readwrite" download="true" functional="false" />
          <Default>TRUE</Default>
          <Name name="local:Parameter.ScanForAliasAddress">ScanForAliasAddress</Name>
          <Description name="local:Parameter.ScanForAliasAddressDesc">Enables scan for alias address</Description>
        </Parameter>
        <Parameter ParameterId="805459456" type="std:SINT">
          <Attributes offlineaccess="readwrite" download="true" functional="false" />
          <Default>20</Default>
          <Name name="local:Parameter.SyncOffset">SyncOffset</Name>
          <Description name="local:Parameter.SyncOffsetDesc">Master synchronisation offset</Description>
        </Parameter>
        <Parameter ParameterId="805459712" type="std:UDINT">
          <Attributes offlineaccess="readwrite" download="true" functional="false" />
          <Default>0</Default>
          <Name name="local:Parameter.SyncWindowMonitoring">SyncWindowMonitoring</Name>
          <Description name="local:Parameter.SyncWindowMonitoringDesc">Slave sync window monitoring</Description>
        </Parameter>
        <Parameter ParameterId="805459713" type="std:UDINT">
          <Attributes offlineaccess="none" download="false" />
          <Default>0</Default>
          <Name name="local:Parameter.DCMode">DCMode</Name>
          <Description name="local:Parameter.DCModeDesc">Mode for distributed clock</Description>
        </Parameter>
        <ParameterSection>
          <Name name="local:SecondNetworkAdapter">Second Network adapter</Name>
          <Parameter ParameterId="1073745920" type="std:BOOL">
            <!--16#40000005-->
            <Attributes offlineaccess="readwrite" download="true" functional="false" />
            <Default>FALSE</Default>
            <Name name="local:Parameter.SecondAdapterActive">EnableSecondAdapter</Name>
            <Description name="local:Parameter.SecondAdapterActiveDesc">Enable second network adapter</Description>
          </Parameter>
          <Parameter ParameterId="1073745925" type="std:ARRAY [0..5] OF BYTE">
            <!--16#40000005-->
            <Attributes offlineaccess="readwrite" download="true" functional="false" />
            <Default>[0,0,0,0,0,0]</Default>
            <Name name="local:Parameter.SrcAddress">SrcAddress</Name>
            <Description name="local:Parameter.SrcAddressDesc">Source Address</Description>
          </Parameter>
          <Parameter ParameterId="1073745927" type="std:ARRAY [0..5] OF BYTE">
            <!--16#40000007-->
            <Attributes offlineaccess="readwrite" download="true" functional="false" />
            <Default>[255,255,255,255,255,255]</Default>
            <Name name="local:Parameter.DestAddress">DestAddress</Name>
            <Description name="local:Parameter.DestAddressDesc">Destination Address</Description>
          </Parameter>
          <Parameter ParameterId="1073745929" type="std:STRING(100)">
            <Attributes offlineaccess="readwrite" download="true" functional="false" />
            <Default>''</Default>
            <Name name="local:Parameter.NetworkName">NetworkName</Name>
            <Description name="local:Parameter.NetworkNameDesc">Name of the network card</Description>
          </Parameter>
          <Parameter ParameterId="1073745930" type="std:WSTRING(100)">
            <Attributes offlineaccess="readwrite" download="true" functional="false" />
            <Default>""</Default>
            <Name name="local:Parameter.NetworkName">NetworkName</Name>
            <Description name="local:Parameter.NetworkNameDesc">Name of the network card</Description>
          </Parameter>
          <Parameter ParameterId="1073745931" type="std:BOOL">
            <Attributes offlineaccess="readwrite" download="true" functional="false" />
            <Default>FALSE</Default>
            <Name name="local:Parameter.SelectNetworkByName">SelectNetworkByName</Name>
            <Description name="local:Parameter.SelectNetworkByNameDesc">Select network by name</Description>
          </Parameter>
        </ParameterSection>
        <Parameter ParameterId="805459968" type="std:BOOL">
          <Attributes offlineaccess="none" download="false" functional="false" />
          <Default>FALSE</Default>
          <Name name="local:Parameter.CustomENIExport">CustomENIExport</Name>
          <Description name="local:Parameter.CustomENIExportDesc">Export ENI file with custom settings</Description>
        </Parameter>
        <Parameter ParameterId="805459969" type="std:BOOL">
          <Attributes offlineaccess="none" download="false" functional="false" />
          <Default>FALSE</Default>
          <Name name="local:Parameter.CustomENIIgnoreManualAdress">IgnoreManualAddress</Name>
          <Description name="local:Parameter.CustomENIIgnoreManualAdressDesc">Ignore manual address settings in the ENI export</Description>
        </Parameter>
        <Parameter ParameterId="805459984" type="std:BOOL">
          <Attributes offlineaccess="none" download="true" functional="false" />
          <Default>TRUE</Default>
          <Name name="local:Parameter.EnableSyncUnits">Enable sync units</Name>
          <Description name="local:Parameter.EnableSyncUnitsDesc">Enable support for sync units</Description>
        </Parameter>
        <Parameter ParameterId="805392640" type="std:BOOL">
          <Attributes offlineaccess="readwrite" download="true" />
          <Default>FALSE</Default>
          <Name name="local:Parameter.KeepInputData">Keep last input data</Name>
          <Description name="local:Parameter.KeepInputDataDesc">Keep last input data</Description>
        </Parameter>
        <Parameter ParameterId="805392650" type="std:BOOL">
          <Attributes offlineaccess="readwrite" download="true" />
          <Default>TRUE</Default>
          <Name name="local:Parameter.OnlyArpBroadCast">OnlyArpBroadcasts</Name>
          <Description name="local:Parameter.OnlyArpBroadCastDesc">true: transmit only ARP broadcasts, false: transmit all broadcasts</Description>
        </Parameter>
        <Parameter ParameterId="1879052288" type="std:UDINT">
          <Attributes offlineaccess="none" download="false" />
          <Default>50662144</Default>
          <Name name="local:Parameter.ConfigVersion">Config version</Name>
          <Description name="local:Parameter.ConfigVersionDesc">Config version</Description>
        </Parameter>
        <ParameterSection>
          <Name name="local:Diagnosis">Diagnosis</Name>
          <Parameter ParameterId="805502976" type="localTypes:StructStatistics">
            <Attributes channel="diag" download="true" offlineaccess="none" />
            <Default>
            </Default>
            <Name name="local:Parameter.Statistics">Statistics</Name>
          </Parameter>
          <Parameter ParameterId="805502977" type="std:BOOL">
            <Attributes channel="diagack" offlineaccess="readwrite" download="true" />
            <Default>FALSE</Default>
            <Name name="local:Parameter.ClearStatistics">Clear statistics</Name>
            <Description name="local:Parameter.ClearStatisticsDesc">Clear statistics</Description>
          </Parameter>
        </ParameterSection>
      </HostParameterSet>
      <DriverInfo needsBusCycle="true" needsBusCycleBeforeReadInputs="true" defaultBusCycleTask="EtherCAT_Task">
        <RequiredCyclicTask taskname="EtherCAT_Task" priority="1" cycletime="t#4ms" />
        <RequiredLib identifier="IODrvEtherCAT" libname="IODrvEtherCAT" placeholderlib="IODrvEtherCAT" vendor="3S - Smart Software Solutions GmbH" version="*">
          <FBInstance basename="$(DeviceName)" fbname="IODrvEtherCAT" fbnamediag="IODrvEtherCAT_Diag">
            <Initialize methodName="Initialize" />
            <CyclicCall methodname="TransmitTaskFrames" task="#eachtask" whentocall="afterWriteOutputs" />
          </FBInstance>
        </RequiredLib>
        <Scan supported="true" />
      </DriverInfo>
    </Connector>
    <DeviceParameterSet>
    </DeviceParameterSet>
    <ExtendedSettings>
      <ts:TargetSettings xmlns:ts="http://www.3s-software.com/schemas/TargetSettings-0.1.xsd">
        <ts:section name="deviceconfiguration">
          <ts:setting name="createBitChannels" type="boolean" access="visible">
            <ts:value>1</ts:value>
          </ts:setting>
        </ts:section>
        <ts:section name="library-management">
          <ts:section name="placeholder-libraries">
            <ts:setting name="IODrvEtherCAT" type="string" access="visible">
              <ts:value>IODrvEtherCAT, 3.5.12.0 (3S - Smart Software Solutions GmbH)</ts:value>
            </ts:setting>
          </ts:section>
        </ts:section>
      </ts:TargetSettings>
    </ExtendedSettings>
  </Device>
</DeviceDescription>