<?xml version="1.0" encoding="utf-8"?>
<DeviceDescription xmlns="http://www.3s-software.com/schemas/DeviceDescription-1.0.xsd" xmlns:ts="http://www.3s-software.com/schemas/TargetSettings-0.1.xsd" xmlns:xsi="http://www.w3.org/2001/XMLSchema-instance">
  <Types namespace="local">   </Types>
  <Strings namespace="local">
    <Language lang="en">
      <String identifier="ModelName">iR-PU01-P</String>
      <String identifier="DeviceDescription">1-Axis Motion Controller(PA/PB), 1-Encoder (A/B/Z),4-point digital output,4-point Digital Input, Consumption(5V)-108mA/0.54 W</String>
      <String identifier="VendorName">Weintek Labs., Inc.</String>
      <String identifier="typename">MyDevice_With_Libs</String>
      <String identifier="typedescription">iR IO</String>
    </Language>
  </Strings>
  <Device hideInCatalogue="false">
    <DeviceIdentification>
      <Type>32073</Type>
      <Id>16bf 0819</Id>
      <Version>1.0.0.0</Version>
    </DeviceIdentification>
    <DeviceInfo>
	  <Name name="local:ModelName">iR-PU01-P</Name>
      <Description name="local:DeviceDescription">1-Axis Motion Controller(PA/PB), 1-Encoder (A/B/Z),4-point digital output,4-point Digital Input</Description>
      <Vendor name="local:VendorName">Weintek Labs., Inc.</Vendor>
      <OrderNumber>iR-PU01-P</OrderNumber>
    </DeviceInfo>
    <Connector moduleType="32073" interface="Weintek:Internal" role="child" explicit="false" connectorId="1" hostpath="-1">
      <InterfaceName name="local:PCI">Module</InterfaceName>
      <DriverInfo needsBusCycle="true">
	  </DriverInfo>
      <Slot count="1" allowEmpty="false"></Slot>
      <HostParameterSet>
	    <Parameter ParameterId="3000" type="std:USINT">
          <Attributes channel="input" download="true" functional="false" offlineaccess="read" onlineaccess="read" />
          <Default>0</Default>
          <Name name="local:in0">Digital Input</Name>
		  <Description name="local:in0">Digital Input</Description>
        </Parameter>
		<Parameter ParameterId="3001" type="std:USINT">
          <Attributes channel="input" download="true" functional="false" offlineaccess="read" onlineaccess="read" />
          <Default>0</Default>
          <Name name="local:in1">Mode of Operation Display</Name>
		  <Description name="local:in1">Mode of Operation Display</Description>
        </Parameter>
		<Parameter ParameterId="3002" type="std:UINT">
          <Attributes channel="input" download="true" functional="false" offlineaccess="read" onlineaccess="read" />
          <Default>0</Default>
          <Name name="local:in2">StatusWord</Name>
        </Parameter>
		<Parameter ParameterId="3003" type="std:DINT">
          <Attributes channel="input" download="true" functional="false" offlineaccess="read" onlineaccess="read" />
          <Default>0</Default>
          <Name name="local:in3">Position actual value</Name>
        </Parameter>
		<Parameter ParameterId="3004" type="std:DINT">
          <Attributes channel="input" download="true" functional="false" offlineaccess="read" onlineaccess="read" />
          <Default>0</Default>
          <Name name="local:in4">Velocity actual value</Name>
        </Parameter>
		<Parameter ParameterId="3005" type="std:DINT">
          <Attributes channel="input" download="true" functional="false" offlineaccess="read" onlineaccess="read" />
          <Default>0</Default>
          <Name name="local:in5">Position demand internal value</Name>
        </Parameter>
		<Parameter ParameterId="3006" type="std:USINT">
          <Attributes channel="input" download="true" functional="false" offlineaccess="read" onlineaccess="read" />
          <Default>0</Default>
          <Name name="local:in6">Digital Output Status</Name>
        </Parameter>
		<Parameter ParameterId="3007" type="std:USINT">
          <Attributes channel="input" download="true" functional="false" offlineaccess="read" onlineaccess="read" />
          <Default>0</Default>
          <Name name="local:in7">Capture Channel Status</Name>
        </Parameter>
		<Parameter ParameterId="3008" type="std:UINT">
          <Attributes channel="input" download="true" functional="false" offlineaccess="read" onlineaccess="read" />
          <Default>0</Default>
          <Name name="local:in8">Error code</Name>
        </Parameter>
		<Parameter ParameterId="3009" type="std:DINT">
          <Attributes channel="input" download="true" functional="false" offlineaccess="read" onlineaccess="read" />
          <Default>0</Default>
          <Name name="local:in9">2nd additional position actual value</Name>
        </Parameter>	
		<Parameter ParameterId="3010" type="std:UDINT">
          <Attributes channel="input" download="true" functional="false" offlineaccess="read" onlineaccess="read" />
          <Default>0</Default>
          <Name name="local:in10">Reserved</Name>
        </Parameter>
		<Parameter ParameterId="3011" type="std:UDINT">
          <Attributes channel="input" download="true" functional="false" offlineaccess="read" onlineaccess="read" />
          <Default>0</Default>
          <Name name="local:in11">Reserved</Name>
        </Parameter>		
	  	<Parameter ParameterId="4000" type="std:USINT">
          <Attributes channel="output" download="true" functional="false" offlineaccess="write" onlineaccess="write" />
          <Default>0</Default>
          <Name name="local:out0">DO</Name>
		  <Description name="local:out0">Digital Output</Description>
        </Parameter>
		<Parameter ParameterId="4001" type="std:USINT">
          <Attributes channel="output" download="true" functional="false" offlineaccess="write" onlineaccess="write" />
          <Default>0</Default>
          <Name name="local:out1">Mode of Operation</Name>
        </Parameter>
		<Parameter ParameterId="4002" type="std:UINT">
          <Attributes channel="output" download="true" functional="false" offlineaccess="write" onlineaccess="write" />
          <Default>0</Default>
          <Name name="local:out3">ControlWord</Name>
		</Parameter>
		<Parameter ParameterId="4003" type="std:DINT">
          <Attributes channel="output" download="true" functional="false" offlineaccess="write" onlineaccess="write" />
          <Default>0</Default>
          <Name name="local:out4">Target Position</Name>
        </Parameter>
		<Parameter ParameterId="4004" type="std:UDINT">
          <Attributes channel="output" download="true" functional="false" offlineaccess="write" onlineaccess="write" />
          <Default>0</Default>
          <Name name="local:out5">Profile velocity</Name>
        </Parameter>
		<Parameter ParameterId="4005" type="std:DINT">
          <Attributes channel="output" download="UDINT" functional="false" offlineaccess="write" onlineaccess="write" />
          <Default>0</Default>
          <Name name="local:out6">Target velocity</Name>
        </Parameter>
		<Parameter ParameterId="4006" type="std:DINT">
          <Attributes channel="output" download="UDINT" functional="false" offlineaccess="write" onlineaccess="write" />
          <Default>0</Default>
          <Name name="local:out7">Profile acceleration</Name>
        </Parameter>
		<Parameter ParameterId="4007" type="std:DINT">
          <Attributes channel="output" download="UDINT" functional="false" offlineaccess="write" onlineaccess="write" />
          <Default>0</Default>
          <Name name="local:out8">Profile deceleration</Name>
        </Parameter>
		<Parameter ParameterId="4008" type="std:DINT">
          <Attributes channel="output" download="UDINT" functional="false" offlineaccess="write" onlineaccess="write" />
          <Default>0</Default>
          <Name name="local:out9">Reserved</Name>
        </Parameter>
		<Parameter ParameterId="4009" type="std:DINT">
          <Attributes channel="output" download="UDINT" functional="false" offlineaccess="write" onlineaccess="write" />
          <Default>0</Default>
          <Name name="local:out10">Reserved</Name>
        </Parameter>
		<!--  Parameter added  -->
		<Parameter ParameterId="22348032" type="std:USINT">
          <Attributes channel="none" download="true" functional="false" offlineaccess="readwrite" onlineaccess="readwrite" />
		  <Default>0</Default>
          <Name name="local:22348032">Axis Pulse Input Method</Name>
          <Description name="local:22348032.Desc"> </Description>
        </Parameter>
				<Parameter ParameterId="22348288" type="std:UDINT">
          <Attributes channel="none" download="true" functional="false" offlineaccess="readwrite" onlineaccess="readwrite" />
		  <Default>0</Default>
          <Name name="local:22348288">Input Polarity</Name>
          <Description name="local:22348288.Desc"> </Description>
        </Parameter>
        <Parameter ParameterId="22348545" type="std:USINT">
          <Attributes channel="none" download="true" functional="false" offlineaccess="readwrite" onlineaccess="readwrite" />
		  <Default>1</Default>
          <Name name="local:22348545">Digital Input 0 Function</Name>
          <Description name="local:22348545.Desc"> </Description>
        </Parameter>
		<Parameter ParameterId="22348546" type="std:USINT">
          <Attributes channel="none" download="true" functional="false" offlineaccess="readwrite" onlineaccess="readwrite" />
		  <Default>1</Default>
          <Name name="local:22348546">Digital Input 1 Function</Name>
          <Description name="local:22348546.Desc"> </Description>
        </Parameter>
		<Parameter ParameterId="22348547" type="std:USINT">
          <Attributes channel="none" download="true" functional="false" offlineaccess="readwrite" onlineaccess="readwrite" />
		  <Default>1</Default>
          <Name name="local:22348547">Digital Input 2 Function</Name>
          <Description name="local:22348547.Desc"> </Description>
        </Parameter>
		<Parameter ParameterId="22348548" type="std:USINT">
          <Attributes channel="none" download="true" functional="false" offlineaccess="readwrite" onlineaccess="readwrite" />
		  <Default>1</Default>
          <Name name="local:22348548">Digital Input 3 Function</Name>
          <Description name="local:22348548.Desc"> </Description>
        </Parameter>
		<Parameter ParameterId="22348549" type="std:USINT">
          <Attributes channel="none" download="true" functional="false" offlineaccess="readwrite" onlineaccess="readwrite" />
		  <Default>0</Default>
          <Name name="local:22348549">Digital Input A Function</Name>
          <Description name="local:22348549.Desc"> </Description>
        </Parameter>
		<Parameter ParameterId="22348550" type="std:USINT">
          <Attributes channel="none" download="true" functional="false" offlineaccess="readwrite" onlineaccess="readwrite" />
		  <Default>0</Default>
          <Name name="local:22348550">Digital Input B Function</Name>
          <Description name="local:22348550.Desc"> </Description>
        </Parameter>
		<Parameter ParameterId="22348551" type="std:USINT">
          <Attributes channel="none" download="true" functional="false" offlineaccess="readwrite" onlineaccess="readwrite" />
		  <Default>1</Default>
          <Name name="local:22348551">Digital Input Z Function</Name>
          <Description name="local:22348551.Desc"> </Description>
        </Parameter>
		<Parameter ParameterId="22348801" type="std:USINT">
          <Attributes channel="none" download="true" functional="false" offlineaccess="readwrite" onlineaccess="readwrite" />
		  <Default>3</Default>
          <Name name="local:22348801">Digital Input 0 Filter</Name>
          <Description name="local:22348801.Desc"> </Description>
        </Parameter>
		<Parameter ParameterId="22348802" type="std:USINT">
          <Attributes channel="none" download="true" functional="false" offlineaccess="readwrite" onlineaccess="readwrite" />
		  <Default>3</Default>
          <Name name="local:22348802">Digital Input 1 Filter</Name>
          <Description name="local:22348802.Desc"> </Description>
        </Parameter>
		<Parameter ParameterId="22348803" type="std:USINT">
          <Attributes channel="none" download="true" functional="false" offlineaccess="readwrite" onlineaccess="readwrite" />
		  <Default>3</Default>
          <Name name="local:22348803">Digital Input 2 Filter</Name>
          <Description name="local:22348803.Desc"> </Description>
        </Parameter>
		<Parameter ParameterId="22348804" type="std:USINT">
          <Attributes channel="none" download="true" functional="false" offlineaccess="readwrite" onlineaccess="readwrite" />
		  <Default>3</Default>
          <Name name="local:22348804">Digital Input 3 Filter</Name>
          <Description name="local:22348804.Desc"> </Description>
        </Parameter>
		<Parameter ParameterId="22348805" type="std:USINT">
          <Attributes channel="none" download="true" functional="false" offlineaccess="readwrite" onlineaccess="readwrite" />
		  <Default>3</Default>
          <Name name="local:22348805">Digital Input A Filter</Name>
          <Description name="local:22348805.Desc"> </Description>
        </Parameter>
		<Parameter ParameterId="22348806" type="std:USINT">
          <Attributes channel="none" download="true" functional="false" offlineaccess="readwrite" onlineaccess="readwrite" />
		  <Default>3</Default>
          <Name name="local:22348806">Digital Input B Filter</Name>
          <Description name="local:22348806.Desc"> </Description>
        </Parameter>
		<Parameter ParameterId="22348807" type="std:USINT">
          <Attributes channel="none" download="true" functional="false" offlineaccess="readwrite" onlineaccess="readwrite" />
		  <Default>3</Default>
          <Name name="local:22348807">Digital Input Z Filter</Name>
          <Description name="local:22348807.Desc"> </Description>
        </Parameter>
		<Parameter ParameterId="22352128" type="std:USINT">
          <Attributes channel="none" download="true" functional="false" offlineaccess="readwrite" onlineaccess="readwrite" />
		  <Default>0</Default>
          <Name name="local:22352128"> Pulse Output Method</Name>
          <Description name="local:22352128.Desc"> </Description>
        </Parameter>
		<Parameter ParameterId="22352384" type="std:UDINT">
          <Attributes channel="none" download="true" functional="false" offlineaccess="readwrite" onlineaccess="readwrite" />
		  <Default>0</Default>
          <Name name="local:22352384"> Output Polarity</Name>
          <Description name="local:22352384.Desc"> </Description>
        </Parameter>
		<Parameter ParameterId="22352641" type="std:USINT">
          <Attributes channel="none" download="true" functional="false" offlineaccess="readwrite" onlineaccess="readwrite" />
		  <Default>0</Default>
          <Name name="local:22352641">Digital Output 0 Function</Name>
          <Description name="local:22352641.Desc"> </Description>
        </Parameter>
		<Parameter ParameterId="22352642" type="std:USINT">
          <Attributes channel="none" download="true" functional="false" offlineaccess="readwrite" onlineaccess="readwrite" />
		  <Default>0</Default>
          <Name name="local:22352642">Digital Output 1 Function</Name>
          <Description name="local:22352642.Desc"> </Description>
        </Parameter>
		<Parameter ParameterId="22352643" type="std:USINT">
          <Attributes channel="none" download="true" functional="false" offlineaccess="readwrite" onlineaccess="readwrite" />
		  <Default>0</Default>
          <Name name="local:22352643">Digital Output 2 Function</Name>
          <Description name="local:22352643.Desc"> </Description>
        </Parameter>
		<Parameter ParameterId="22352644" type="std:USINT">
          <Attributes channel="none" download="true" functional="false" offlineaccess="readwrite" onlineaccess="readwrite" />
		  <Default>0</Default>
          <Name name="local:22352644">Digital Output 3 Function</Name>
          <Description name="local:22352644.Desc"> </Description>
        </Parameter>
		<Parameter ParameterId="22352645" type="std:USINT">
          <Attributes channel="none" download="true" functional="false" offlineaccess="readwrite" onlineaccess="readwrite" />
		  <Default>0</Default>
          <Name name="local:22352645">Digital Output PA Function</Name>
          <Description name="local:22352645.Desc"> </Description>
        </Parameter>
		<Parameter ParameterId="22352646" type="std:USINT">
          <Attributes channel="none" download="true" functional="false" offlineaccess="readwrite" onlineaccess="readwrite" />
		  <Default>0</Default>
          <Name name="local:22352646">Digital Output PB Function</Name>
          <Description name="local:22352646.Desc"> </Description>
        </Parameter>
		<Parameter ParameterId="22352897" type="std:USINT">
          <Attributes channel="none" download="true" functional="false" offlineaccess="readwrite" onlineaccess="readwrite" />
		  <Default>0</Default>
          <Name name="local:22352897">DO 0 abort connection option</Name>
          <Description name="local:22352897.Desc"> </Description>
        </Parameter>
		<Parameter ParameterId="22352898" type="std:USINT">
          <Attributes channel="none" download="true" functional="false" offlineaccess="readwrite" onlineaccess="readwrite" />
		  <Default>0</Default>
          <Name name="local:22352898">DO 1 abort connection option</Name>
          <Description name="local:22352898.Desc"> </Description>
        </Parameter>
		<Parameter ParameterId="22352899" type="std:USINT">
          <Attributes channel="none" download="true" functional="false" offlineaccess="readwrite" onlineaccess="readwrite" />
		  <Default>0</Default>
          <Name name="local:22352899">DO 2 abort connection option</Name>
          <Description name="local:22352899.Desc"> </Description>
        </Parameter>
		<Parameter ParameterId="22352900" type="std:USINT">
          <Attributes channel="none" download="true" functional="false" offlineaccess="readwrite" onlineaccess="readwrite" />
		  <Default>0</Default>
          <Name name="local:22352900">DO 3 abort connection option</Name>
          <Description name="local:22352900.Desc"> </Description>
        </Parameter>
		<Parameter ParameterId="22352901" type="std:USINT">
          <Attributes channel="none" download="true" functional="false" offlineaccess="readwrite" onlineaccess="readwrite" />
		  <Default>0</Default>
          <Name name="local:22352901">DO PA abort connection option</Name>
          <Description name="local:22352901.Desc"> </Description>
        </Parameter>
		<Parameter ParameterId="22352902" type="std:USINT">
          <Attributes channel="none" download="true" functional="false" offlineaccess="readwrite" onlineaccess="readwrite" />
		  <Default>0</Default>
          <Name name="local:22352902">DO PB abort connection option</Name>
          <Description name="local:22352902.Desc"> </Description>
        </Parameter>
		<Parameter ParameterId="22354433" type="std:UDINT">
          <Attributes channel="none" download="true" functional="false" offlineaccess="readwrite" onlineaccess="readwrite" />
		  <Default>0</Default>
          <Name name="local:22354433">PWM Output D0 setting</Name>
          <Description name="local:22354433.Desc"> </Description>
        </Parameter>		
		<Parameter ParameterId="22354434" type="std:UDINT">
          <Attributes channel="none" download="true" functional="false" offlineaccess="readwrite" onlineaccess="readwrite" />
		  <Default>0</Default>
          <Name name="local:22354434">PWM Output D1/PB setting</Name>
          <Description name="local:22354434.Desc"> </Description>
        </Parameter>	
		<Parameter ParameterId="22355969" type="std:UDINT">
          <Attributes channel="none" download="true" functional="false" offlineaccess="readwrite" onlineaccess="readwrite" />
		  <Default>0</Default>
          <Name name="local:22355969">Axis Setting1 -Motion Cycle Time</Name>
          <Description name="local:22355969.Desc"> </Description>
        </Parameter>		
		<Parameter ParameterId="22355970" type="std:UDINT">
          <Attributes channel="none" download="true" functional="false" offlineaccess="readwrite" onlineaccess="readwrite" />
		  <Default>0</Default>
          <Name name="local:22355970">Axis Setting1 -V Bias</Name>
          <Description name="local:22355970.Desc"> </Description>
        </Parameter>
		<Parameter ParameterId="22356225" type="std:UINT">
          <Attributes channel="none" download="true" functional="false" offlineaccess="readwrite" onlineaccess="readwrite" />
		  <Default>0</Default>
          <Name name="local:22356225">Axis Setting2 -Backlash compensation(pulse)</Name>
          <Description name="local:22356225.Desc"> </Description>
        </Parameter>
		<Parameter ParameterId="22358017" type="std:DINT">
          <Attributes channel="none" download="true" functional="false" offlineaccess="readwrite" onlineaccess="readwrite" />
		  <Default>0</Default>
          <Name name="local:22358017">1st additional position modulo range</Name>
          <Description name="local:22358017.Desc"> </Description>
        </Parameter>
		<Parameter ParameterId="22358018" type="std:DINT">
          <Attributes channel="none" download="true" functional="false" offlineaccess="readwrite" onlineaccess="readwrite" />
		  <Default>0</Default>
          <Name name="local:22358018">2nd additional position modulo range</Name>
          <Description name="local:22358018.Desc"> </Description>
        </Parameter>	
		<Parameter ParameterId="22358273" type="std:DINT">
          <Attributes channel="none" download="true" functional="false" offlineaccess="readwrite" onlineaccess="readwrite" />
		  <Default>0</Default>
          <Name name="local:22358273">1st additional home offset</Name>
          <Description name="local:22358273.Desc"> </Description>
        </Parameter>
		<Parameter ParameterId="22358274" type="std:DINT">
          <Attributes channel="none" download="true" functional="false" offlineaccess="readwrite" onlineaccess="readwrite" />
		  <Default>0</Default>
          <Name name="local:22358274">2nd additional home offset</Name>
          <Description name="local:22358274.Desc"> </Description>
        </Parameter>		
		<Parameter ParameterId="22360065" type="std:USINT">
          <Attributes channel="none" download="true" functional="false" offlineaccess="readwrite" onlineaccess="readwrite" />
		  <Default>0</Default>
          <Name name="local:22360065">Gear -Master Direction Limit</Name>
          <Description name="local:22360065.Desc"> </Description>
        </Parameter>
		<Parameter ParameterId="22360066" type="std:USINT">
          <Attributes channel="none" download="true" functional="false" offlineaccess="readwrite" onlineaccess="readwrite" />
		  <Default>0</Default>
          <Name name="local:22360066">Gear -Slave(PU) Direction Limit</Name>
          <Description name="local:22360066.Desc"> </Description>
        </Parameter>
		<Parameter ParameterId="22360067" type="std:USINT">
          <Attributes channel="none" download="true" functional="false" offlineaccess="readwrite" onlineaccess="readwrite" />
		  <Default>0</Default>
          <Name name="local:22360067">Gear -Moving Average Size</Name>
          <Description name="local:22360067.Desc"> </Description>
        </Parameter>
		<Parameter ParameterId="22360068" type="std:UDINT">
          <Attributes channel="none" download="true" functional="false" offlineaccess="readwrite" onlineaccess="readwrite" />
		  <Default>0</Default>
          <Name name="local:22360068">Gear -Following error window</Name>
          <Description name="local:22360068.Desc"> </Description>
        </Parameter>
		<Parameter ParameterId="22360069" type="std:UINT">
          <Attributes channel="none" download="true" functional="false" offlineaccess="readwrite" onlineaccess="readwrite" />
		  <Default>0</Default>
          <Name name="local:22360069">Gear -Following error time out</Name>
          <Description name="local:22360069.Desc"> </Description>
        </Parameter>
		<Parameter ParameterId="22380545" type="std:USINT">
          <Attributes channel="none" download="true" functional="false" offlineaccess="readwrite" onlineaccess="readwrite" />
		  <Default>0</Default>
          <Name name="local:22380545">DigitalCamSwitch Enable</Name>
          <Description name="local:22380545.Desc"> </Description>
        </Parameter>		
        <Parameter ParameterId="22380546" type="std:USINT">
          <Attributes channel="none" download="true" functional="false" offlineaccess="readwrite" onlineaccess="readwrite" />
		  <Default>0</Default>
          <Name name="local:22380546">DigitalCamSwitch EnableMask Track 0-5</Name>
          <Description name="local:22380546.Desc"> </Description>
        </Parameter>				
		<Parameter ParameterId="22380801" type="std:USINT">
          <Attributes channel="none" download="true" functional="false" offlineaccess="readwrite" onlineaccess="readwrite" />
		  <Default>0</Default>
          <Name name="local:22380801"> DigitalCamSwitch Track D0 Source</Name>
          <Description name="local:22380801.Desc"> </Description>
        </Parameter>
		<Parameter ParameterId="22380802" type="std:USINT">
          <Attributes channel="none" download="true" functional="false" offlineaccess="readwrite" onlineaccess="readwrite" />
		  <Default>0</Default>
          <Name name="local:22380802"> DigitalCamSwitch Track D1 Source</Name>
          <Description name="local:22380802.Desc"> </Description>
        </Parameter>
		<Parameter ParameterId="22380803" type="std:USINT">
          <Attributes channel="none" download="true" functional="false" offlineaccess="readwrite" onlineaccess="readwrite" />
		  <Default>0</Default>
          <Name name="local:22380803"> DigitalCamSwitch Track D2 Reference Source</Name>
          <Description name="local:22380803.Desc"> </Description>
        </Parameter>
		<Parameter ParameterId="22380804" type="std:USINT">
          <Attributes channel="none" download="true" functional="false" offlineaccess="readwrite" onlineaccess="readwrite" />
		  <Default>0</Default>
          <Name name="local:22380804">DigitalCamSwitch Track D3 Source</Name>
          <Description name="local:22380804.Desc"> </Description>
        </Parameter>
		<Parameter ParameterId="22380805" type="std:USINT">
          <Attributes channel="none" download="true" functional="false" offlineaccess="readwrite" onlineaccess="readwrite" />
		  <Default>0</Default>
          <Name name="local:22380805">DigitalCamSwitch Track PA Source</Name>
          <Description name="local:22380805.Desc"> </Description>
        </Parameter>
		<Parameter ParameterId="22380806" type="std:USINT">
          <Attributes channel="none" download="true" functional="false" offlineaccess="readwrite" onlineaccess="readwrite" />
		  <Default>0</Default>
          <Name name="local:22380806">DigitalCamSwitch Track PB Source</Name>
          <Description name="local:22380806.Desc"> </Description>
        </Parameter>
		<Parameter ParameterId="22384385" type="std:UDINT">
          <Attributes channel="none" download="true" functional="false" offlineaccess="readwrite" onlineaccess="readwrite" />
		  <Default>0</Default>
          <Name name="local:22384385">Motion Output Setting 0</Name>
          <Description name="local:22384385.Desc"> </Description>
        </Parameter>
		<Parameter ParameterId="22384386" type="std:UDINT">
          <Attributes channel="none" download="true" functional="false" offlineaccess="readwrite" onlineaccess="readwrite" />
		  <Default>0</Default>
          <Name name="local:22384386">Motion Output Setting 1</Name>
          <Description name="local:22384386.Desc"> </Description>
        </Parameter>
		<Parameter ParameterId="22384387" type="std:UDINT">
          <Attributes channel="none" download="true" functional="false" offlineaccess="readwrite" onlineaccess="readwrite" />
		  <Default>0</Default>
          <Name name="local:22384387">Motion Output Setting 2</Name>
          <Description name="local:22384387.Desc"> </Description>
        </Parameter>
		<Parameter ParameterId="22384641" type="std:USINT">
          <Attributes channel="none" download="true" functional="false" offlineaccess="readwrite" onlineaccess="readwrite" />
		  <Default>0</Default>
          <Name name="local:22384387"> Capture Channel Enable Byte 0</Name>
          <Description name="local:22384387.Desc"> </Description>
        </Parameter>	
		<Parameter ParameterId="23070464" type="std:INT">
          <Attributes channel="none" download="true" functional="false" offlineaccess="readwrite" onlineaccess="readwrite" />
		  <Default>1</Default>
          <Name name="local:23070464">Abort connection option code</Name>
          <Description name="local:23070464.Desc"> </Description>
        </Parameter>
		<Parameter ParameterId="23092736" type="std:INT">
          <Attributes channel="none" download="true" functional="false" offlineaccess="readwrite" onlineaccess="readwrite" />
		  <Default>0</Default>
          <Name name="local:23092736">Fault reaction option code</Name>
          <Description name="local:23092736.Desc"> </Description>
        </Parameter>
		<Parameter ParameterId="23100162" type="std:DINT">
          <Attributes channel="none" download="true" functional="false" offlineaccess="readwrite" onlineaccess="readwrite" />
		  <Default>0</Default>
          <Name name="local:23100162"> Max position range limit</Name>
          <Description name="local:23100162.Desc"> </Description>
        </Parameter>	
		<Parameter ParameterId="23100416" type="std:DINT">
          <Attributes channel="none" download="true" functional="false" offlineaccess="readwrite" onlineaccess="readwrite" />
		  <Default>0</Default>
          <Name name="local:23100416">Home offset</Name>
          <Description name="local:23100416.Desc"> </Description>
        </Parameter>
		<Parameter ParameterId="23100673" type="std:DINT">
          <Attributes channel="none" download="true" functional="false" offlineaccess="readwrite" onlineaccess="readwrite" />
		  <Default>0</Default>
          <Name name="local:23100673">Axis Software position limit - Min position limit</Name>
          <Description name="local:23100673.Desc"> </Description>
        </Parameter>
		<Parameter ParameterId="23100674" type="std:DINT">
          <Attributes channel="none" download="true" functional="false" offlineaccess="readwrite" onlineaccess="readwrite" />
		  <Default>0</Default>
          <Name name="local:23100674">Axis Software position limit - Max position limit</Name>
          <Description name="local:23100674.Desc"> </Description>
        </Parameter>
		<Parameter ParameterId="23101184" type="std:UDINT">
          <Attributes channel="none" download="true" functional="false" offlineaccess="readwrite" onlineaccess="readwrite" />
		  <Default>0</Default>
          <Name name="local:23101184">Max profile velocity</Name>
          <Description name="local:23101184.Desc"> </Description>
        </Parameter>
		<Parameter ParameterId="23101440" type="std:UDINT">
          <Attributes channel="none" download="true" functional="false" offlineaccess="readwrite" onlineaccess="readwrite" />
		  <Default>0</Default>
          <Name name="local:23101440">Max motor speed </Name>
          <Description name="local:23101440.Desc"> </Description>
        </Parameter>
		<Parameter ParameterId="23102720" type="std:UDINT">
          <Attributes channel="none" download="true" functional="false" offlineaccess="readwrite" onlineaccess="readwrite" />
		  <Default>10000</Default>
          <Name name="local:23102720">Quick stop deceleration</Name>
          <Description name="local:23102720.Desc"> </Description>
        </Parameter>
		<Parameter ParameterId="23105281" type="std:UDINT">
          <Attributes channel="none" download="true" functional="false" offlineaccess="readwrite" onlineaccess="readwrite" />
		  <Default>0</Default>
          <Name name="local:23105281">Axis Position encoder resolution-Encoder increments</Name>
          <Description name="local:23105281.Desc"> </Description>
        </Parameter>
		<Parameter ParameterId="23105282" type="std:UDINT">
          <Attributes channel="none" download="true" functional="false" offlineaccess="readwrite" onlineaccess="readwrite" />
		  <Default>0</Default>
          <Name name="local:23105282">Axis Position encoder resolution-Motor revolutions</Name>
          <Description name="local:23105282.Desc"> </Description>
        </Parameter>
		<Parameter ParameterId="23105793" type="std:UDINT">
          <Attributes channel="none" download="true" functional="false" offlineaccess="readwrite" onlineaccess="readwrite" />
		  <Default>1</Default>
          <Name name="local:23105793"> Gear ratio-Motor shaft revolutions</Name>
          <Description name="local:23105793.Desc"> </Description>
        </Parameter>
		<Parameter ParameterId="23105794" type="std:UDINT">
          <Attributes channel="none" download="true" functional="false" offlineaccess="readwrite" onlineaccess="readwrite" />
		  <Default>1</Default>
          <Name name="local:23105794"> Gear ratio-Driving shaft revolutions</Name>
          <Description name="local:23105794.Desc"> </Description>
        </Parameter>
		<Parameter ParameterId="23106049" type="std:UDINT">
          <Attributes channel="none" download="true" functional="false" offlineaccess="readwrite" onlineaccess="readwrite" />
		  <Default>1</Default>
          <Name name="local:23106049">Feed  constant -Feed </Name>
          <Description name="local:23106049.Desc"> </Description>
        </Parameter>
		<Parameter ParameterId="23106050" type="std:UDINT">
          <Attributes channel="none" download="true" functional="false" offlineaccess="readwrite" onlineaccess="readwrite" />
		  <Default>1</Default>
          <Name name="local:23106050">Feed  constant -Shaft revolutions </Name>
          <Description name="local:23106050.Desc"> </Description>
        </Parameter>
		<Parameter ParameterId="23107584" type="std:SINT">
          <Attributes channel="none" download="true" functional="false" offlineaccess="readwrite" onlineaccess="readwrite" />
		  <Default>37</Default>
          <Name name="local:23107584">Homing method </Name>
          <Description name="local:23107584.Desc"> </Description>
        </Parameter>
		<Parameter ParameterId="23107841" type="std:UDINT">
          <Attributes channel="none" download="true" functional="false" offlineaccess="readwrite" onlineaccess="readwrite" />
		  <Default>0</Default>
          <Name name="local:23107841">home-Speed during search for switch </Name>
          <Description name="local:23107841.Desc"> </Description>
        </Parameter>
		<Parameter ParameterId="23107842" type="std:UDINT">
          <Attributes channel="none" download="true" functional="false" offlineaccess="readwrite" onlineaccess="readwrite" />
		  <Default>0</Default>
          <Name name="local:23107842">home-Speed during search for zero </Name>
          <Description name="local:23107842.Desc"> </Description>
        </Parameter>
		<Parameter ParameterId="23108096" type="std:UDINT">
          <Attributes channel="none" download="true" functional="false" offlineaccess="readwrite" onlineaccess="readwrite" />
		  <Default>0</Default>
          <Name name="local:23108096">Homing acceleration </Name>
          <Description name="local:23108096.Desc"> </Description>
        </Parameter>
		<Parameter ParameterId="23110657" type="std:UDINT">
          <Attributes channel="none" download="true" functional="false" offlineaccess="readwrite" onlineaccess="readwrite" />
		  <Default>10000000</Default>
          <Name name="local:23110657">Profile jerk </Name>
          <Description name="local:23110657.Desc"> </Description>
        </Parameter>
		<Parameter ParameterId="23119104" type="std:UDINT">
          <Attributes channel="none" download="true" functional="false" offlineaccess="readwrite" onlineaccess="readwrite" />
		  <Default>0</Default>
          <Name name="local:23119104">Max acceleration</Name>
          <Description name="local:23119104.Desc"> </Description>
        </Parameter>
		<Parameter ParameterId="23119360" type="std:UDINT">
          <Attributes channel="none" download="true" functional="false" offlineaccess="readwrite" onlineaccess="readwrite" />
		  <Default>0</Default>
          <Name name="local:23119360">Max deceleration </Name>
          <Description name="local:23119360.Desc"> </Description>
        </Parameter>
		<Parameter ParameterId="23127553" type="std:UDINT">
          <Attributes channel="none" download="true" functional="false" offlineaccess="readwrite" onlineaccess="readwrite" />
		  <Default>0</Default>
          <Name name="local:23127553"> 1st additional position encoder resolution  -encoder increments </Name>
          <Description name="local:23127553.Desc"> </Description>
        </Parameter>
		<Parameter ParameterId="23127554" type="std:UDINT">
          <Attributes channel="none" download="true" functional="false" offlineaccess="readwrite" onlineaccess="readwrite" />
		  <Default>0</Default>
          <Name name="local:23127554"> 2nd additional position encoder resolution  -encoder increments </Name>
          <Description name="local:23127554.Desc"> </Description>
        </Parameter>
		<Parameter ParameterId="23128065" type="std:UDINT">
          <Attributes channel="none" download="true" functional="false" offlineaccess="readwrite" onlineaccess="readwrite" />
		  <Default>0</Default>
          <Name name="local:23128065"> 1st additional gear ratio-motor shaft revolutions </Name>
          <Description name="local:23128065.Desc"> </Description>
        </Parameter>
		<Parameter ParameterId="23128066" type="std:UDINT">
          <Attributes channel="none" download="true" functional="false" offlineaccess="readwrite" onlineaccess="readwrite" />
		  <Default>0</Default>
          <Name name="local:23128066"> 2nd additional gear ratio-motor shaft revolutions</Name>
          <Description name="local:23128066.Desc"> </Description>
        </Parameter>
		<Parameter ParameterId="23128321" type="std:UDINT">
          <Attributes channel="none" download="true" functional="false" offlineaccess="readwrite" onlineaccess="readwrite" />
		  <Default>0</Default>
          <Name name="local:23128321"> 1st additional feed constant -feed </Name>
          <Description name="local:23128321.Desc"> </Description>
        </Parameter>
		<Parameter ParameterId="23128322" type="std:UDINT">
          <Attributes channel="none" download="true" functional="false" offlineaccess="readwrite" onlineaccess="readwrite" />
		  <Default>0</Default>
          <Name name="local:23128322"> 2nd additional feed constant -feed</Name>
          <Description name="local:23128322.Desc"> </Description>
        </Parameter>
        <Parameter ParameterId="23128833" type="std:UDINT">
          <Attributes channel="none" download="true" functional="false" offlineaccess="readwrite" onlineaccess="readwrite" />
		  <Default>0</Default>
          <Name name="local:23128833"> 1st additional position encoder resolution -motor revolutions </Name>
          <Description name="local:23128833.Desc"> </Description>
        </Parameter>
		<Parameter ParameterId="23128834" type="std:UDINT">
          <Attributes channel="none" download="true" functional="false" offlineaccess="readwrite" onlineaccess="readwrite" />
		  <Default>0</Default>
          <Name name="local:23128834"> 2nd additional position encoder resolution -motor revolutions</Name>
          <Description name="local:23128834.Desc"> </Description>
        </Parameter>
		<Parameter ParameterId="23129345" type="std:UDINT">
          <Attributes channel="none" download="true" functional="false" offlineaccess="readwrite" onlineaccess="readwrite" />
		  <Default>0</Default>
          <Name name="local:23129345"> 1st additional gear ratio -driving shaft revolutions </Name>
          <Description name="local:23129345.Desc"> </Description>
        </Parameter>
		<Parameter ParameterId="23129346" type="std:UDINT">
          <Attributes channel="none" download="true" functional="false" offlineaccess="readwrite" onlineaccess="readwrite" />
		  <Default>0</Default>
          <Name name="local:23129346"> 2nd additional gear ratio -driving shaft revolutions</Name>
          <Description name="local:23129346.Desc"> </Description>
        </Parameter>
		<Parameter ParameterId="23129601" type="std:UDINT">
          <Attributes channel="none" download="true" functional="false" offlineaccess="readwrite" onlineaccess="readwrite" />
		  <Default>0</Default>
          <Name name="local:23129601"> 1st additional feed constant  -driving shaft revolutions </Name>
          <Description name="local:23129601.Desc"> </Description>
        </Parameter>
		<Parameter ParameterId="23129602" type="std:UDINT">
          <Attributes channel="none" download="true" functional="false" offlineaccess="readwrite" onlineaccess="readwrite" />
		  <Default>0</Default>
          <Name name="local:23129602"> 2nd additional feed constant  -driving shaft revolutions</Name>
          <Description name="local:23129602.Desc"> </Description>
        </Parameter>
      </HostParameterSet>
    </Connector>
  </Device>
</DeviceDescription>
