<?xml version="1.0" encoding="utf-8"?>
<ExternalStrings>
	<Strings namespace="RTSLog_IoDrvEthernet">
		<Language lang="en-en">
			<String identifier="ID_00000001">{Component}: [{NetworkName}] successfully opened with IP: [{IPAddress}] and Subnetmask: [{Subnetmask}]</String>
			<String identifier="ID_00000002">{Component}: [{NetworkName}] is disabled for changing communication settings!</String>
			<String identifier="ID_00000003">{Component}: [{NetworkName}] could not be found on target! Please check Ethernet settings.</String>
			<String identifier="ID_00000004">{Component}: [{NetworkName}] not ready for communication yet. Try again later.</String>
			<String identifier="ID_00000005">{Component}: Setting IP Address and Subnetmask for [{NetworkName}] returned with Error Code {ErrorCode}</String>
			<String identifier="ID_00000006">{Component}: IP settings of Ethernet node aren´t as configured.</String>
			<String identifier="ID_00000007">{Component}: IP settings of Ethernet node aren´t as configured. Different subnet!</String>
			<String identifier="ID_00000008">{Component}: UpdateConfiguration: Could not load parameters! Returned with Error Code {ErrorCode}</String>
			<String identifier="ID_00000009">{Component}: Set-IP state conflict</String>
			<String identifier="ID_0000000A">{Component}: Changed IP Address from [{IPAddressOld}] to [{IPAddress}]</String>
			<String identifier="ID_0000000B">{Component}: Changed Subnetmask from [{SubnetmaskOld}] to [{Subnetmask}]</String>
			<String identifier="ID_0000000C">{Component}: Changed Gateway from [{GatewayOld}] to [{Gateway}]</String>
			<String identifier="ID_0000000D">{Component}: Setting IP Address and Subnetmask returned with Error Code {ErrorCode}</String>
			<String identifier="ID_0000000E">{Component}: Setting IP Address and Subnetmask returned with Error Code {ErrorCode}&#10;NetworkInterfaceName invalid</String>
			<String identifier="ID_0000000F">{Component}: Setting Standard Gateway returned with Error Code {ErrorCode}</String>
			<String identifier="ID_00000010">{Component}: Setting Standard Gateway returned with Error Code {ErrorCode}&#10;NetworkInterfaceName invalid</String>
			<String identifier="ID_00000011">{Component}: Changed NetworkInterface from [{AdapterOld}] to [{Adapter}]</String>
			<String identifier="ID_00000012">{Component}: Change NetworkInterface failed.</String>
			<String identifier="ID_00000013">{Component}: Change Settings not possible. The device is still enabled.</String>
		</Language>
	</Strings>
</ExternalStrings>
