<?xml version="1.0" encoding="UTF-8"?>
<DeviceDescription xmlns="http://www.3s-software.com/schemas/DeviceDescription-1.0.xsd" xmlns:ts="http://www.3s-software.com/schemas/TargetSettings-0.1.xsd">
  <Types namespace="localTypes">
    <StructType name="CHANNEL">
      <Component identifier="CycleTime" type="std:DWORD">
        <Default />
        <VisibleName name="local:CHANNEL.CycleTime">Cycle Time</VisibleName>
      </Component>
      <Component identifier="ReadOffset" type="std:UINT">
        <Default />
        <VisibleName name="local:CHANNEL.ReadOffset">Read Offset</VisibleName>
      </Component>
      <Component identifier="ReadLength" type="std:UINT">
        <Default />
        <VisibleName name="local:CHANNEL.ReadLength">Read Length</VisibleName>
      </Component>
      <Component identifier="WriteOffset" type="std:UINT">
        <Default />
        <VisibleName name="local:CHANNEL.WriteOffset">Write Offset</VisibleName>
      </Component>
      <Component identifier="WriteLength" type="std:UINT">
        <Default />
        <VisibleName name="local:CHANNEL.WriteLength">Write Length</VisibleName>
      </Component>
      <Component identifier="ChannelName" type="std:STRING">
        <Default />
        <VisibleName name="local:CHANNEL.ChannelName">Channel Name</VisibleName>
      </Component>
      <Component identifier="AccessType" type="std:STRING">
        <Default />
        <VisibleName name="local:CHANNEL.AccessType">Access Type</VisibleName>
      </Component>
      <Component identifier="Trigger" type="std:STRING">
        <Default />
        <VisibleName name="local:CHANNEL.Trigger">Trigger</VisibleName>
      </Component>
      <Component identifier="ChannelComment" type="std:STRING">
        <Default />
        <VisibleName name="local:CHANNEL.ChannelComment">Channel Comment</VisibleName>
      </Component>
      <Component identifier="ErrorHandling" type="std:STRING">
        <Default />
        <VisibleName name="local:CHANNEL.ErrorHandling">Error Handling</VisibleName>
      </Component>
    </StructType>
    <StructType name="CHANNEL2">
      <Component identifier="CycleTime" type="std:DWORD">
        <Default />
        <VisibleName name="local:CHANNEL.CycleTime">Cycle Time</VisibleName>
      </Component>
      <Component identifier="FunctionCode" type="std:UINT">
        <Default />
        <VisibleName name="local:CHANNEL.FunctionCode">Function Code</VisibleName>
      </Component>
      <Component identifier="ReadOffset" type="std:UINT">
        <Default />
        <VisibleName name="local:CHANNEL.ReadOffset">Read Offset</VisibleName>
      </Component>
      <Component identifier="ReadLength" type="std:UINT">
        <Default />
        <VisibleName name="local:CHANNEL.ReadLength">Read Length</VisibleName>
      </Component>
      <Component identifier="WriteOffset" type="std:UINT">
        <Default />
        <VisibleName name="local:CHANNEL.WriteOffset">Write Offset</VisibleName>
      </Component>
      <Component identifier="WriteLength" type="std:UINT">
        <Default />
        <VisibleName name="local:CHANNEL.WriteLength">Write Length</VisibleName>
      </Component>
      <Component identifier="ChannelName" type="std:STRING">
        <Default />
        <VisibleName name="local:CHANNEL.ChannelName">Channel Name</VisibleName>
      </Component>
      <Component identifier="AccessType" type="std:STRING">
        <Default />
        <VisibleName name="local:CHANNEL.AccessType">Access Type</VisibleName>
      </Component>
      <Component identifier="Trigger" type="std:STRING">
        <Default />
        <VisibleName name="local:CHANNEL.Trigger">Trigger</VisibleName>
      </Component>
      <Component identifier="ChannelComment" type="std:STRING">
        <Default />
        <VisibleName name="local:CHANNEL.ChannelComment">Channel Comment</VisibleName>
      </Component>
      <Component identifier="ErrorHandling" type="std:STRING">
        <Default />
        <VisibleName name="local:CHANNEL.ErrorHandling">Error Handling</VisibleName>
      </Component>
    </StructType>
    <EnumType basetype="std:USINT" name="TriggerEnumType">
      <Enum identifier="TRIGGER_APP">
        <Value>0</Value>
        <VisibleName name="local:TRIGGER_APP">APPLICATION</VisibleName>
      </Enum>
      <Enum identifier="TRIGGER_CYCLIC">
        <Value>5</Value>
        <VisibleName name="local:TRIGGER_CYCLIC">CYCLIC</VisibleName>
      </Enum>
      <Enum identifier="TRIGGER_RISING_EDGE">
        <Value>6</Value>
        <VisibleName name="local:TRIGGER_RISING_EDGE">RISING_EDGE</VisibleName>
      </Enum>
    </EnumType>
    <EnumType basetype="std:BOOL" name="ErrorHandlingEnumType">
      <Enum identifier="KeepLastValue">
        <Value>true</Value>
        <VisibleName name="local:KeepLastValue">Keep last value</VisibleName>
      </Enum>
      <Enum identifier="SetZero">
        <Value>false</Value>
        <VisibleName name="local:SetZero">Set to zero</VisibleName>
      </Enum>
    </EnumType>
    <!-- New version of Channel-config data structure, saves about 300 bytes per channel !	-->
    <StructType name="CHANNEL_PACKED">
      <Component identifier="FunctionCode" type="std:UINT">
        <Default />
        <VisibleName name="local:CHANNEL.FunctionCode">Function Code</VisibleName>
      </Component>
      <Component identifier="ReadOffset" type="std:UINT">
        <Default />
        <VisibleName name="local:CHANNEL.ReadOffset">Read Offset</VisibleName>
      </Component>
      <Component identifier="ReadLength" type="std:UINT">
        <Default />
        <VisibleName name="local:CHANNEL.ReadLength">Read Length</VisibleName>
      </Component>
      <Component identifier="WriteOffset" type="std:UINT">
        <Default />
        <VisibleName name="local:CHANNEL.WriteOffset">Write Offset</VisibleName>
      </Component>
      <Component identifier="WriteLength" type="std:UINT">
        <Default />
        <VisibleName name="local:CHANNEL.WriteLength">Write Length</VisibleName>
      </Component>
      <Component identifier="Trigger" type="localTypes:TriggerEnumType">
        <Default />
        <VisibleName name="local:CHANNEL.Trigger">Trigger</VisibleName>
      </Component>
      <Component identifier="CycleTime" type="std:DWORD">
        <Default />
        <VisibleName name="local:CHANNEL.CycleTime">Cycle Time</VisibleName>
      </Component>
      <Component identifier="ErrorHandling" type="localTypes:ErrorHandlingEnumType">
        <Default />
        <VisibleName name="local:CHANNEL.ErrorHandling">Error Handling</VisibleName>
      </Component>
      <Component identifier="EnableRegisterBitMapping" type="std:BOOL">
        <Default />
        <VisibleName name="local:CHANNEL.EnableRegisterBitMapping">EnableRegisterBitMapping</VisibleName>
      </Component>
      <!--
      <Component identifier="AccessType" type="std:USINT">			   Notwendig !?! 
        <Default />
        <VisibleName name="local:CHANNEL.AccessType">Access Type</VisibleName>
      </Component>
	  -->
    </StructType>
    <!-- New version of Channel-Init data structure -->
    <StructType name="CHANNEL_INIT">
      <Component identifier="FunctionCode" type="std:UINT">
        <Default />
        <VisibleName name="local:CHANNEL.FunctionCode">Function Code</VisibleName>
      </Component>
      <Component identifier="WriteOffset" type="std:UINT">
        <Default />
        <VisibleName name="local:CHANNEL.WriteOffset">Write Offset</VisibleName>
      </Component>
      <Component identifier="WriteLength" type="std:UINT">
        <Default />
        <VisibleName name="local:CHANNEL.WriteLength">Write Length</VisibleName>
      </Component>
      <Component identifier="InitValue" type="std:UINT">
        <Default />
        <VisibleName name="local:CHANNEL.InitValue">Init Value</VisibleName>
      </Component>
    </StructType>
    <BitfieldType basetype="std:WORD" name="REGISTERBITS">
      <Component identifier="Bit0" type="std:BOOL">
        <Default>FALSE</Default>
        <VisibleName name="local:Dummy">Bit 0</VisibleName>
      </Component>
      <Component identifier="Bit1" type="std:BOOL">
        <Default>FALSE</Default>
        <VisibleName name="local:Dummy">Bit 1</VisibleName>
      </Component>
      <Component identifier="Bit2" type="std:BOOL">
        <Default>FALSE</Default>
        <VisibleName name="local:Dummy">Bit 2</VisibleName>
      </Component>
      <Component identifier="Bit3" type="std:BOOL">
        <Default>FALSE</Default>
        <VisibleName name="local:Dummy">Bit 3</VisibleName>
      </Component>
      <Component identifier="Bit4" type="std:BOOL">
        <Default>FALSE</Default>
        <VisibleName name="local:Dummy">Bit 4</VisibleName>
      </Component>
      <Component identifier="Bit5" type="std:BOOL">
        <Default>FALSE</Default>
        <VisibleName name="local:Dummy">Bit 5</VisibleName>
      </Component>
      <Component identifier="Bit6" type="std:BOOL">
        <Default>FALSE</Default>
        <VisibleName name="local:Dummy">Bit 6</VisibleName>
      </Component>
      <Component identifier="Bit7" type="std:BOOL">
        <Default>FALSE</Default>
        <VisibleName name="local:Dummy">Bit 7</VisibleName>
      </Component>
      <Component identifier="Bit8" type="std:BOOL">
        <Default>FALSE</Default>
        <VisibleName name="local:Dummy">Bit 8</VisibleName>
      </Component>
      <Component identifier="Bit9" type="std:BOOL">
        <Default>FALSE</Default>
        <VisibleName name="local:Dummy">Bit 9</VisibleName>
      </Component>
      <Component identifier="Bit10" type="std:BOOL">
        <Default>FALSE</Default>
        <VisibleName name="local:Dummy">Bit 10</VisibleName>
      </Component>
      <Component identifier="Bit11" type="std:BOOL">
        <Default>FALSE</Default>
        <VisibleName name="local:Dummy">Bit 11</VisibleName>
      </Component>
      <Component identifier="Bit12" type="std:BOOL">
        <Default>FALSE</Default>
        <VisibleName name="local:Dummy">Bit 12</VisibleName>
      </Component>
      <Component identifier="Bit13" type="std:BOOL">
        <Default>FALSE</Default>
        <VisibleName name="local:Dummy">Bit 13</VisibleName>
      </Component>
      <Component identifier="Bit14" type="std:BOOL">
        <Default>FALSE</Default>
        <VisibleName name="local:Dummy">Bit 14</VisibleName>
      </Component>
      <Component identifier="Bit15" type="std:BOOL">
        <Default>FALSE</Default>
        <VisibleName name="local:Dummy">Bit 15</VisibleName>
      </Component>
    </BitfieldType>
  </Types>
  <Strings namespace="local">
    <Language lang="de-de">
      <String identifier="typename">Modbus TCP Slave</String>
      <String identifier="typedescription">Ein Geraet, das als Slave für einen Modbus TCP Master konfiguriert ist.</String>
      <String identifier="_3S">3S - Smart Software Solutions GmbH</String>
    </Language>
  </Strings>
  <Strings namespace="preset">
    <Language lang="de-de">
      <String identifier="presetDesc5">Übersetzter Preset</String>
    </Language>
    <Language lang="en-en">
      <String identifier="presetDesc5">Translated Preset</String>
    </Language>
  </Strings>
  <Device>
    <DeviceIdentification>
      <Type>89</Type>
      <Id>0000 0005</Id>
      <Version>3.5.15.0</Version>
    </DeviceIdentification>
    <DeviceInfo>
      <Name name="local:typename">Modbus TCP Slave</Name>
      <Description name="local:typedescription">A generic Modbus device that is configured as Slave for a Modbus TCP Master.</Description>
      <Vendor name="local:_3S">3S - Smart Software Solutions GmbH</Vendor>
      <OrderNumber>-</OrderNumber>
    </DeviceInfo>
    <Connector connectorId="1" explicit="false" hostpath="-1" interface="Common.ModbusTCPMaster" moduleType="89" role="child">
      <InterfaceName name="local:ModbusSerialMaster">ModbusTCPSlave</InterfaceName>
      <Slot allowEmpty="false" count="1" />
      <!--
		To make configuration for the end user easier, a Slave's available registers may be defined as a "Preset". 
		These presets will be displayed in a dropdown box when adding Channels to a Slave via the Modbus Configurator.
		
		Format:
		Valid XML-element named <ModbusPresets> beneath the devdesc-element <Custom>.
		
		The presets are grouped by the addressed Modbus memory area:
		<CoilPresets>
		<DiscreteInputPresets>
		<InputRegisterPresets>
		<HoldingRegisterPresets>
		
		Below each of these memeory area elements, a list of <Preset> elements is defined:
		<CoilPresets>
            <Preset offset="3">text zu 3</Preset>
            <Preset offset="5" langRef="local:presetDesc5">default text for offsrt 5</Preset>		
		</CoilPresets>
		Each preset elements must have an offset attribute, it's content is the default text that is displayed in the Combo-box.
		It can optionally have a langRef attribute for i18n purpose
		
		Optionally a prefix including the offset Nr can be displayed:
		Example prefixFormat = {0:X4}  (four hex. numbers)
			<Preset offset="5">Offset 5</Preset>             -> 0004 Offset 5
            <Preset offset="1000">One Thousand</Preset>		 -> 03DE One Thousand	
		Example prefixFormat = {0:D4}:  (four decimal numbers, followed by an ':')
			<Preset offset="5">Offset 5</Preset>             -> 0004: Offset 5
            <Preset offset="1000">One Thousand</Preset>		 -> 1000: One Thousand				
		-->
      <!--<Custom>
        <ModbusPresets showNumericPrefix="false" prefixFormat="{0:D4}:" xmlns="">
          <CoilPresets>
            <Preset offset="1">Default</Preset>
            <Preset offset="5">Coil Offset 5</Preset>
            <Preset offset="1000">One Thousand</Preset>
          </CoilPresets>
          <DiscreteInputPresets>
            <Preset offset="1">Default</Preset>
            <Preset offset="1000">qwert</Preset>
          </DiscreteInputPresets>          
          <InputRegisterPresets>
            <Preset offset="3">text zu 3</Preset>
            <Preset offset="5" langRef="preset:presetDesc5">Default Text in en-en</Preset>
          </InputRegisterPresets> 
          <HoldingRegisterPresets>
            <Preset offset="1">Default</Preset>
            <Preset offset="5" langRef="preset:presetDesc5">Default Text in en-en</Preset>
			<Preset offset="1000">One Thousand</Preset>
          </HoldingRegisterPresets> 		   
        </ModbusPresets>
      </Custom>	  -->
      <!--
      <Appearance>
        <ShowEditor>ModbusTCPMasterSlavePage</ShowEditor>

        <ShowEditor>ModbusSlaveChannelPage</ShowEditor>
        <ShowEditor>ModbusSlaveInitPage</ShowEditor>

        <ShowEditor>IOMappingEditor</ShowEditor>
        <ShowEditor>StatusPage</ShowEditor>
        <ShowEditor>DeviceInformation</ShowEditor>
      </Appearance>
-->
      <HostParameterSet>
        <!-- find better ID ! -->
        <Parameter ParameterId="8000" type="std:BOOL">
          <Attributes offlineaccess="read" download="false" functional="false" />
          <Default>true</Default>
          <!-- oder false ? -->
          <Name name="local:Parameter.NewChannelConfig">NewChannelConfig</Name>
          <Description name="local:Parameter.NewChannelConfig">Use the new Channel-Config format</Description>
        </Parameter>
        <!-- Update Config ? only performed if true 
        <Parameter ParameterId="8001" type="std:BOOL">	
			<Attributes offlineaccess="read" download="false" functional="false"/>
			<Default>false</Default>
			<Name name="local:Parameter.UpdatedChannelConfig">UpdatedChannelConfig</Name>
			<Description name="local:Parameter.UpatedChannelConfig">Updated to the new Channel-Config format</Description>
		</Parameter>
		-->
        <Parameter ParameterId="9100" type="std:USINT">
          <Attributes offlineaccess="readwrite" download="true" functional="false" />
          <Default>16#FF</Default>
          <Name name="local:Parameter.SlaveAddr">Unit-ID</Name>
          <Description name="local:Parameter.SlaveAddr">Unit-ID of the Device</Description>
        </Parameter>
        <Parameter ParameterId="9101" type="std:DWORD">
          <Attributes offlineaccess="readwrite" download="true" functional="false" />
          <Default>1000</Default>
          <Name name="local:Parameter.ResponseTimeout">ResponseTimeout</Name>
          <Description name="local:Parameter.ResponseTimeout">Maximum time for a Slave to respond in ms</Description>
        </Parameter>
        <Parameter ParameterId="9102" type="std:ARRAY[0..3] OF BYTE">
          <Attributes offlineaccess="readwrite" download="true" functional="false" />
          <Default>[192, 168, 0, 1]</Default>
          <Name name="local:Parameter.IPAddress">IPAddress</Name>
          <Description name="local:Parameter.IPAddress">Configure IP Address of TCP SLave.</Description>
        </Parameter>
        <!-- remove this parameter from description, if fixed port = 502 is required ! -->
        <Parameter ParameterId="9103" type="std:UINT">
          <Attributes offlineaccess="readwrite" download="true" functional="false" />
          <Default>502</Default>
          <Name name="local:Parameter.Port">Port</Name>
          <Description name="local:Parameter.Port">Port where the slave is listening</Description>
        </Parameter>
        <Parameter ParameterId="1879052288" type="std:UDINT">
          <Attributes offlineaccess="read" onlineaccess="read" download="true" functional="false" />
          <Default>16#03050B00</Default>
          <Name name="local:Parameter.ConfigVersion">ConfigVersion</Name>
        </Parameter>
      </HostParameterSet>
      <DriverInfo needsBusCycle="false">
        <RequiredLib identifier="IoDrvModbusTCP" libname="IoDrvModbusTCP" vendor="3S - Smart Software Solutions GmbH" version="*" placeholderlib="IoDrvModbusTCP">
          <FBInstance basename="$(DeviceName)" fbname="ModbusTCPSlave" fbnamediag="ModbusTCPSlave_Diag">
            <Initialize methodName="Initialize" />
          </FBInstance>
        </RequiredLib>
        <Scan supported="false" />
      </DriverInfo>
    </Connector>
    <Connector connectorId="2" explicit="false" hostpath="1" interface="Common.ModbusSerialGateway" moduleType="95" role="parent">
      <!--  moduleType=0x5F -->
      <InterfaceName name="local:NONE">ModbusGenericSerialMaster</InterfaceName>
      <Var max="32" />
      <AdditionalInterface interface="Common.ModbusGenericSerialMaster" />
    </Connector>
    <ExtendedSettings>
      <ts:TargetSettings>
        <ts:section name="deviceconfiguration">
          <ts:setting name="createBitChannels" type="boolean" access="visible">
            <ts:value>1</ts:value>
          </ts:setting>
        </ts:section>
      </ts:TargetSettings>
    </ExtendedSettings>
    <DeviceParameterSet>
      <!--  	
	DEPRECATED : OLD DEFINITION OF PRESETS
	(changed with V 3.4, downward compatibility)
	
	Device Parameter Presets: To make configuration for the end user easier, a Slave's available registers may be defined as a "Preset". 
	These presets will be displayed in a dropdown box when adding Channels to a Slave via the Modbus Configurator.
	
	Format:

	"ParameterId" has to be unique and consecutively numbered starting at "8100".
	"onlineaccess" specifies, wether the preset uses a 'read' or "write" function. 

	"Default" starts with a MODBUS_REGISTER_NUMBER (optionally followed by a SPACE and textual description). 
	The MODBUS_REGISTER_NUMBER may be entered in decimal or hex format in the range from 0 to 65535.

	Example for valid "Default" strings:
		<Default>'0xabcd Motor Speed'</Default>	
		<Default>'1234 Motor Speed'</Default>	
		<Default>'0XABCD'</Default>


	"Description" is used for storing the Modbus function code as defined in the official Modbus Specification. 
	Use one of the following decimal numbers (optionally followed by a SPACE and textual description):
                1 = Read Coils
  		2 = Read Discrete Inputs 
                3 = Read Holding Registers
                4 = Read Input Registers 
                5 = Write Single Coil 
                6 = Write Single Register 
                15 = Write Multiple Coils 
                16 = Write Multiple Registers  

	Example for valid "Description" strings:	
	 	<Description name="local:Parameter.FunctionCode">6</Description>
	 	<Description name="local:Parameter.FunctionCode">6 = Write Single Register</Description>

      // START OF PRESETS:
      <Parameter ParameterId="8100" type="std:STRING">
        <Attributes onlineaccess="read" download="true" functional="false"/>
        <Default>'0x0001 Default'</Default>
        <Name name="local:Parameter.Preset">Preset</Name>
        <Description name="local:Parameter.FunctionCode">3 = Read Holding Registers</Description>
      </Parameter>
      <Parameter ParameterId="8101" type="std:STRING">
        <Attributes onlineaccess="write" download="true" functional="false"/>
        <Default>'0x0001 Default'</Default>
        <Name name="local:Parameter.Preset">Preset</Name>
        <Description name="local:Parameter.FunctionCode">16 = Write Multiple Registers</Description>
      </Parameter>
	 -->
    </DeviceParameterSet>
    <CompatibleVersions>
      <Version>3.5.*.*</Version>
    </CompatibleVersions>
  </Device>
</DeviceDescription>