<?xml version="1.0" encoding="UTF-8"?>
<DeviceDescription xmlns="http://www.3s-software.com/schemas/DeviceDescription-1.0.xsd" xmlns:ts="http://www.3s-software.com/schemas/TargetSettings-0.1.xsd" xmlns:xsi="http://www.w3.org/2001/XMLSchema-instance">
  <Types namespace="localTypes">
    <RangeType name="RangeNetworkID" basetype="std:DWORD">
      <Min>0</Min>
      <Max>63</Max>
      <Default>0</Default>
    </RangeType>
    <EnumType basetype="std:INT" name="Error">
      <Enum identifier="NO_ERROR">
        <Value>0</Value>
        <VisibleName name="local:NO_ERROR">No error occurred.</VisibleName>
      </Enum>
      <Enum identifier="NO_29BIT_ID">
        <Value>10202</Value>
        <VisibleName name="local:NO_29BIT_ID">29 bit identifiers are not supported by this CAN driver.</VisibleName>
      </Enum>
      <Enum identifier="WRONG_BAUDRATE">
        <Value>10203</Value>
        <VisibleName name="local:WRONG_BAUDRATE">Baudrate is not supported by this CAN driver.</VisibleName>
      </Enum>
      <Enum identifier="NO_MEMORY">
        <Value>10204</Value>
        <VisibleName name="local:NO_MEMORY">No more heap memory.</VisibleName>
      </Enum>
      <Enum identifier="INVALID_NETID">
        <Value>10205</Value>
        <VisibleName name="local:INVALID_NETID">Invalid Network ID.</VisibleName>
        <Description name="local:INVALID_NETID_DESC">Please use correct Network ID and check that CAN driver component is loaded.</Description>
      </Enum>
      <Enum identifier="NO_DRIVER">
        <Value>10210</Value>
        <VisibleName name="local:NO_DRIVER">No CAN driver found.</VisibleName>
        <Description name="local:NO_DRIVER_DESC">Please use correct Network ID and check that CAN driver component is loaded.</Description>
      </Enum>
      <Enum identifier="MBM_NO_MEMORY">
        <Value>30103</Value>
        <VisibleName name="local:MBM_NO_MEMORY">No more heap memory.</VisibleName>
      </Enum>
    </EnumType>
    <EnumType basetype="std:INT" name="BusState">
      <Enum identifier="UNKNOWN">
        <Value>0</Value>
        <VisibleName name="local:UNKOWN">UNKNOWN</VisibleName>
        <Description name="local:UNKOWN_DESC">The state of the network is not known or bus state is not implemented by driver.</Description>
      </Enum>
      <Enum identifier="ERR_FREE">
        <Value>1</Value>
        <VisibleName name="local:ERR_FREE">ERROR FREE</VisibleName>
        <Description name="local:ERR_FREE_DESC">No occurrence of CAN bus errors so far. The error counters of the chip are zero.</Description>
      </Enum>
      <Enum identifier="ACTIVE">
        <Value>2</Value>
        <VisibleName name="local:ACTIVE">ACTIVE</VisibleName>
        <Description name="local:ACTIVE_DESC">Only few CAN bus errors so far. The error counters of the chip are below the warning level.</Description>
      </Enum>
      <Enum identifier="WARNING">
        <Value>3</Value>
        <VisibleName name="local:WARNING">WARNING</VisibleName>
        <Description name="local:WARNING_DESC">Occurrence of some CAN bus errors. The error counters are above the warning level.</Description>
      </Enum>
      <Enum identifier="PASSIVE">
        <Value>4</Value>
        <VisibleName name="local:PASSIVE">PASSIVE</VisibleName>
        <Description name="local:PASSIVE_DESC">Too many CAN bus errors. The error counters are above the error level.</Description>
      </Enum>
      <Enum identifier="BUSOFF">
        <Value>5</Value>
        <VisibleName name="local:BUSOFF">BUSOFF</VisibleName>
        <Description name="local:BUSOFF_DESC">The node has been separated from the CAN bus. The error counter has exceeded the admissible maximum.</Description>
      </Enum>
      <Enum identifier="NO_DRIVER">
        <Value>-1</Value>
        <VisibleName name="local:NO_DRIVER">NO DRIVER</VisibleName>
        <Description name="local:NO_DRIVER_DESC">No driver available.</Description>
      </Enum>
    </EnumType>
    <StructType name="CAN_Diag">
      <Component identifier="structVersion" type="std:UDINT" offlineaccess="none" onlineaccess="none">
        <Default>1</Default>
        <VisibleName name="localStrings:structVersion">Struct Version</VisibleName>
      </Component>
      <Component identifier="currentNetId" type="std:USINT">
        <Default>
        </Default>
        <VisibleName name="localStrings:currentNetId">Current Network ID</VisibleName>
        <Description name="localStrings:currentNetIdDesc">Currently used Network ID. Can be changed at runtime by DeviceDiagnosis Reconfigure.</Description>
      </Component>
      <Component identifier="currentBaudrate" type="std:UINT">
        <Default>
        </Default>
        <VisibleName name="localStrings:currentBaudrate">Current Baudrate</VisibleName>
        <Description name="localStrings:currentBaudrateDesc">Currently used Baudrate. Can be changed at runtime by DeviceDiagnosis Reconfigure.</Description>
      </Component>
      <Component identifier="busState" type="localTypes:BusState">
        <Default>NO_DRIVER</Default>
        <VisibleName name="localStrings:busState">Bus state</VisibleName>
      </Component>
      <Component identifier="busAlarm" type="std:BOOL">
        <Default>
        </Default>
        <VisibleName name="localStrings:busAlarm">Bus Alarm</VisibleName>
        <Description name="localStrings:busAlarmDesc">If CAN driver signals a bus alarm a critical bus error occurred. The fieldbus stack will reintialize the CAN chip.</Description>
      </Component>
      <Component identifier="busErrorCounter" type="std:UDINT">
        <Default>
        </Default>
        <VisibleName name="localStrings:busErrorCounter">Bus Error counter</VisibleName>
        <Description name="localStrings:busErrorCounterDesc">Number of occurred bus errors. Will be reset if diagnosis will be acknowledged.</Description>
      </Component>
      <Component identifier="errorcode" type="localTypes:Error">
        <Default>
        </Default>
        <VisibleName name="localStrings:errorcode">Last Driver Open Error</VisibleName>
      </Component>
      <Component identifier="driverInstances" type="std:UINT">
        <Default>
        </Default>
        <VisibleName name="localStrings:driverInstances">Driver Instances</VisibleName>
        <Description name="localStrings:driverInstancesDesc">Number of driver instances currently opened by underlying fieldbus stacks.</Description>
      </Component>
      <Component identifier="busLoad" type="std:USINT">
        <Default>
        </Default>
        <VisibleName name="localStrings:busLoad">Bus Load</VisibleName>
        <Description name="localStrings:busLoadDesc">Bus load in percent. If CAN driver does not support bus load measurement value remains 0.</Description>
      </Component>
      <Component identifier="txCounter" type="std:UDINT">
        <Default>
        </Default>
        <VisibleName name="localStrings:txCounter">Tx Counter</VisibleName>
        <Description name="localStrings:txCounterDesc">Number of successful sent CAN telegrams.</Description>
      </Component>
      <Component identifier="txErrorCounter" type="std:UDINT">
        <Default>
        </Default>
        <VisibleName name="localStrings:txErrorCounter">Tx Error Counter</VisibleName>
        <Description name="localStrings:txErrorCounterDesc">Value of transmit error counter provided by CAN chip.</Description>
      </Component>
      <Component identifier="rxCounter" type="std:UDINT">
        <Default>
        </Default>
        <VisibleName name="localStrings:rxCounter">Rx Counter</VisibleName>
        <Description name="localStrings:rxCounterDesc">Number of successful received CAN telegrams.</Description>
      </Component>
      <Component identifier="rxErrorCounter" type="std:UDINT">
        <Default>
        </Default>
        <VisibleName name="localStrings:rxErrorCounter">Rx Error Counter</VisibleName>
        <Description name="localStrings:rxErrorCounterDesc">Value of receive error counter provided by CAN chip.</Description>
      </Component>
      <Component identifier="lostCounter" type="std:UDINT">
        <Default>
        </Default>
        <VisibleName name="localStrings:lostCounter">Lost Counter</VisibleName>
        <Description name="localStrings:lostCounterDesc">Number of lost receive CAN telegrams.</Description>
      </Component>
    </StructType>
  </Types>
  <Strings namespace="localStrings">
    <Language lang="en-en">
      <String identifier="TypeName">CANbus</String>
      <String identifier="TypeDescription">Needed for all fieldbusses which communicate over the CANBus, e.g. CANopen or J1939.</String>
      <String identifier="_3S">3S - Smart Software Solutions GmbH</String>
      <String identifier="Settings">Settings</String>
      <String identifier="Parameter_Baudrate">Baudrate</String>
      <String identifier="DummyParameter1">DummyParameter1</String>
      <String identifier="DummyParameter2">DummyParameter2</String>
      <String identifier="NetID">NetID</String>
      <String identifier="BlockFDTSDO">BlockFDTSDO</String>
    </Language>
  </Strings>
  <Files namespace="local">
    <Language lang="en">
      <File fileref="local" identifier="CANbusStrings">
        <LocalFile>CANbusStrings.xml</LocalFile>
      </File>
    </Language>
  </Files>
  <Device>
    <DeviceIdentification>
      <Type>15</Type>
      <Id>181015</Id>
      <Version>3.5.15.0</Version>
    </DeviceIdentification>
    <DeviceInfo>
      <Name name="localStrings:TypeName">CANbus</Name>
      <Description name="localStrings:TypeDescription">Needed for all fieldbusses which communicate over the CANBus, e.g. CANopen or J1939.</Description>
      <Vendor name="localStrings:_3S">3S - Smart Software Solutions GmbH</Vendor>
      <OrderNumber>
      </OrderNumber>
      <AdditionalFiles>
        <File key="ExternalStrings" name="local:CANbusStrings">CANbusStrings.xml</File>
      </AdditionalFiles>
    </DeviceInfo>
    <Connector role="child" connectorId="0" interface="Common.PCI" moduleType="257" explicit="false" hideInStatusPage="true">
      <Slot count="1" allowEmpty="false" />
    </Connector>
    <Connector role="parent" hostpath="0" connectorId="1" interface="Common.CANbus" moduleType="15">
      <InterfaceName name="local:NONE">CANbus</InterfaceName>
      <Var />
      <HostParameterSet>
        <ParameterSection>
          <Name name="Settings">Settings</Name>
          <Parameter ParameterId="0" type="std:INT">
            <Attributes download="true" functional="false" />
            <Default>250</Default>
            <Name name="localStrings:Parameter_Baudrate">Baudrate</Name>
            <Unit name="kbit_per_s">kbit/s</Unit>
          </Parameter>
          <Parameter ParameterId="1" type="std:DWORD">
            <Attributes download="true" offlineaccess="none" onlineaccess="none" />
            <Default>0</Default>
            <Name name="localStrings:DummyParameter1">DummyParameter1</Name>
          </Parameter>
          <Parameter ParameterId="2" type="localTypes:RangeNetworkID">
            <Attributes download="true" functional="false" />
            <Default>0</Default>
            <Name name="localStrings:NetID">NetID</Name>
          </Parameter>
          <Parameter ParameterId="3" type="std:ARRAY[0..8] OF INT">
            <Attributes download="false" functional="false" offlineaccess="read" onlineaccess="read" />
            <Default>[0, 10, 20, 50, 100, 125, 250, 500, 800, 1000]</Default>
            <Name name="localStrings:SupportedBaudrates">SupportedBaudrates</Name>
            <Unit name="kbit_per_s">kbit/s</Unit>
          </Parameter>
          <Parameter ParameterId="4096" type="std:BOOL">
            <Attributes download="false" functional="false" offlineaccess="readwrite" onlineaccess="read" />
            <Default>FALSE</Default>
            <Name name="localStrings:BlockFDTSDO">BlockFDTSDO</Name>
          </Parameter>
        </ParameterSection>
        <Parameter ParameterId="4098" type="std:BOOL">
          <Attributes download="false" offlineaccess="none" onlineaccess="none" />
          <Default>TRUE</Default>
          <Name name="localStrings:ShowLoggerPage">Show Logger Page</Name>
        </Parameter>
        <Parameter ParameterId="327936" type="localTypes:CAN_Diag">
          <Attributes offlineaccess="read" onlineaccess="read" download="true" functional="false" channel="diag" />
          <Default>
          </Default>
          <Name name="localStrings:DiagInfo">Diagnosis Info</Name>
        </Parameter>
        <Parameter ParameterId="327937" type="std:BOOL">
          <Attributes offlineaccess="none" onlineaccess="none" download="true" functional="false" channel="diagAck" />
          <Default>FALSE</Default>
          <Name name="localStrings:DiagAck">Diag Acknowledge</Name>
          <Description name="localStrings:DiagAck">Diag Acknowledge</Description>
        </Parameter>
        <Parameter ParameterId="1879052288" type="std:UDINT">
          <Attributes download="true" offlineaccess="read" onlineaccess="read" />
          <Default>50663168</Default>
          <Name name="localStrings:ConfigVersion">Config Version</Name>
        </Parameter>
      </HostParameterSet>
      <DriverInfo needsBusCycle="false">
        <RequiredLib identifier="CANbusDevice" libname="CANbusDevice" placeholderlib="CANbusDevice" vendor="3S - Smart Software Solutions GmbH" version="*" loadAsSystemLibrary="true">
          <FBInstance basename="$(DeviceName)" fbname="CANbus" fbnamediag="CANbus_Diag">
            <Initialize methodName="Initialize" />
          </FBInstance>
        </RequiredLib>
      </DriverInfo>
    </Connector>
    <CompatibleVersions>
      <Version>3.4.*.*</Version>
      <Version>3.5.*.*</Version>
    </CompatibleVersions>
  </Device>
</DeviceDescription>