<?xml version="1.0" encoding="utf-8"?>
<ExternalStrings>
	<Strings namespace="RTSLog_CANbus">
		<Language lang="en-en">
			<String identifier="ID_00000001">NetID {p0}: Potential Rx Handle Leak: Both Rx message pool and Rx queue are empty.</String>
			<String identifier="ID_00000002">NetID {p0}: Rx message pool is empty. Rx queue contains still messages. </String>
			<String identifier="ID_00000003">NetID {p0}: CAN Messages lost (LostCounter > 0).</String>
			<String identifier="ID_00000004">NetID {p0}: RxErrorCounter of CAN chip above 0.</String>
			<String identifier="ID_00000005">NetID {p0}: TxErrorCounter of CAN chip above 0.</String>
			<String identifier="ID_00000006">NetID {p0}: CAN driver signals BusAlarm.</String>
			<String identifier="ID_00000007">NetID {p0}: Bus State: {p1:BusState}</String>
			<String identifier="ID_00000008">NetID {p0}: Rx message pool contains messages again.</String>
			<String identifier="ID_00000009">NetID {p0}: No more receive error. RxErrorCounter = 0</String>
			<String identifier="ID_0000000A">NetID {p0}: No more transmit error. TxErrorCounter = 0</String>
			<String identifier="ID_0000000B">NetID {p0}: No more BusAlarm.</String>
			<String identifier="ID_0000000C">NetID {p0}: No more bus error.</String>
		</Language>
	</Strings>
</ExternalStrings>
