<?xml version="1.0" encoding="utf-8"?>
<DeviceDescription xmlns="http://www.3s-software.com/schemas/DeviceDescription-1.0.xsd" xmlns:ts="http://www.3s-software.com/schemas/TargetSettings-0.1.xsd" xmlns:xsi="http://www.w3.org/2001/XMLSchema-instance">
  <Types namespace="localTypes">
	<EnumType name="UNIT_TYPE" basetype="std:UINT">
	  <Enum identifier="Celsius">
	    <Value>0</Value>
	    <VisibleName name="local:Celsius">Celsius</VisibleName>
	  </Enum>
      <Enum identifier="Fahrenheit">
        <Value>1</Value>
        <VisibleName name="local:Fahrenheit">Fahrenheit</VisibleName>
      </Enum>	  
    </EnumType>	
	<EnumType name="BitEN" basetype="std:BOOL">
	  <Enum identifier="DISABLE">
	    <Value>0</Value>
	    <VisibleName name="local:DISABLE">DISABLE</VisibleName>
	  </Enum>
      <Enum identifier="ENABLE">
        <Value>1</Value>
        <VisibleName name="local:ENABLE">ENABLE</VisibleName>
      </Enum>  
    </EnumType>
	<EnumType name="SIZE" basetype="std:UINT">
	  <Enum identifier="Times0">
	    <Value>0</Value>
	    <VisibleName name="local:Times0">Disable</VisibleName>
	  </Enum>
	  <Enum identifier="Times1">
	    <Value>1</Value>
	    <VisibleName name="local:Times1">1</VisibleName>
	  </Enum>
	  <Enum identifier="Times2">
	    <Value>2</Value>
	    <VisibleName name="local:Times2">2</VisibleName>
	  </Enum>
	  <Enum identifier="Times3">
	    <Value>3</Value>
	    <VisibleName name="local:Times3">3</VisibleName>
	  </Enum>
	  <Enum identifier="Times4">
	    <Value>4</Value>
	    <VisibleName name="local:Times4">4</VisibleName>
	  </Enum>
	  <Enum identifier="Times5">
	    <Value>5</Value>
	    <VisibleName name="local:Times5">5</VisibleName>
	  </Enum>
	  <Enum identifier="Times6">
	    <Value>6</Value>
	    <VisibleName name="local:Times6">6</VisibleName>
	  </Enum>
	  <Enum identifier="Times7">
	    <Value>7</Value>
	    <VisibleName name="local:Times7">7</VisibleName>
	  </Enum>
	  <Enum identifier="Times8">
	    <Value>8</Value>
	    <VisibleName name="local:Times8">8</VisibleName>
	  </Enum>
	  <Enum identifier="Times9">
	    <Value>9</Value>
	    <VisibleName name="local:Times9">9</VisibleName>
	  </Enum>
	  <Enum identifier="Times10">
	    <Value>10</Value>
	    <VisibleName name="local:Times10">10</VisibleName>
	  </Enum>
	  <Enum identifier="Times11">
	    <Value>11</Value>
	    <VisibleName name="local:Times11">11</VisibleName>
	  </Enum>
	  <Enum identifier="Times12">
	    <Value>12</Value>
	    <VisibleName name="local:Times12">12</VisibleName>
	  </Enum>
	  <Enum identifier="Times13">
	    <Value>13</Value>
	    <VisibleName name="local:Times13">13</VisibleName>
	  </Enum>
	  <Enum identifier="Times14">
	    <Value>14</Value>
	    <VisibleName name="local:Times14">14</VisibleName>
	  </Enum>
	  <Enum identifier="Times15">
	    <Value>15</Value>
	    <VisibleName name="local:Times15">15</VisibleName>
	  </Enum>
	  <Enum identifier="Times16">
	    <Value>16</Value>
	    <VisibleName name="local:Times16">16</VisibleName>
	  </Enum>
	  <Enum identifier="Times17">
	    <Value>17</Value>
	    <VisibleName name="local:Times17">17</VisibleName>
	  </Enum>
	  <Enum identifier="Times18">
	    <Value>18</Value>
	    <VisibleName name="local:Times18">18</VisibleName>
	  </Enum>
	  <Enum identifier="Times19">
	    <Value>19</Value>
	    <VisibleName name="local:Times19">19</VisibleName>
	  </Enum>
	  <Enum identifier="Times20">
	    <Value>20</Value>
	    <VisibleName name="local:Times20">20</VisibleName>
	  </Enum>
    </EnumType>	
	<EnumType name="MODE_TYPE" basetype="std:UINT">
	  <Enum identifier="Disable">
	    <Value>0</Value>
	    <VisibleName name="local:Disable">Disable</VisibleName>
	  </Enum>
      <Enum identifier="JType">
        <Value>1</Value>
        <VisibleName name="local:JType">J Type</VisibleName>
      </Enum>
      <Enum identifier="KType">
        <Value>2</Value>
        <VisibleName name="local:KType">K Type</VisibleName>
      </Enum>
      <Enum identifier="RType">
        <Value>3</Value>
        <VisibleName name="local:RType">R Type</VisibleName>
      </Enum>
      <Enum identifier="SType">
        <Value>4</Value>
        <VisibleName name="local:SType">S Type</VisibleName>
      </Enum>
      <Enum identifier="TType">
        <Value>5</Value>
        <VisibleName name="local:TType">T Type</VisibleName>
      </Enum>
	  <Enum identifier="EType">
        <Value>6</Value>
        <VisibleName name="local:EType">E Type</VisibleName>
      </Enum>
      <Enum identifier="NType">
        <Value>7</Value>
        <VisibleName name="local:NType">N Type</VisibleName>
      </Enum>
	  <Enum identifier="BType">
        <Value>8</Value>
        <VisibleName name="local:BType">B Type</VisibleName>
      </Enum>	
	  <Enum identifier="CType">
        <Value>9</Value>
        <VisibleName name="local:CType">C Type</VisibleName>
      </Enum>	
	  <Enum identifier="LType">
        <Value>10</Value>
        <VisibleName name="local:LType">L Type</VisibleName>
      </Enum>	
	  <Enum identifier="UType">
        <Value>11</Value>
        <VisibleName name="local:UType">U Type</VisibleName>
      </Enum>
      <Enum identifier="TXKType">
        <Value>12</Value>
        <VisibleName name="local:TXKType">TXK/XK(L) Type</VisibleName>
      </Enum>
	  <Enum identifier="BP1Type">
        <Value>13</Value>
        <VisibleName name="local:BP1Type">TBP/BP(A)-1 Type</VisibleName>
      </Enum>
      <Enum identifier="BP2Type">
        <Value>14</Value>
        <VisibleName name="local:BP2Type">TBP/BP(A)-2 Type</VisibleName>
      </Enum>
      <Enum identifier="BP3Type">
        <Value>15</Value>
        <VisibleName name="local:BP3Type">TBP/BP(A)-3 Type</VisibleName>
      </Enum>
      <Enum identifier="MType">
        <Value>16</Value>
        <VisibleName name="local:MType">M Type</VisibleName>
      </Enum>
      <Enum identifier="PT100385Type">
        <Value>17</Value>
        <VisibleName name="local:PT100385Type">PT100-385 Type</VisibleName>
      </Enum>
      <Enum identifier="PT100392Type">
        <Value>18</Value>
        <VisibleName name="local:PT100392Type">PT100-392 Type</VisibleName>
      </Enum>
      <Enum identifier="PT1000385Type">
        <Value>19</Value>
        <VisibleName name="local:PT1000385Type">PT1000-385 Type</VisibleName>
      </Enum>
      <Enum identifier="PT1000392Type">
        <Value>20</Value>
        <VisibleName name="local:PT1000392Type">PT1000-392 Type</VisibleName>
      </Enum>
      <Enum identifier="LGNi1000Type">
        <Value>21</Value>
        <VisibleName name="local:LGNi1000Type">LG-Ni1000 Type</VisibleName>
      </Enum>
      <Enum identifier="Ni100Type">
        <Value>22</Value>
        <VisibleName name="local:Ni100Type">Ni100 Type</VisibleName>
      </Enum>
      <Enum identifier="Ni1000Type">
        <Value>23</Value>
        <VisibleName name="local:Ni1000Type">Ni1000 Type</VisibleName>
      </Enum>
      <Enum identifier="Cu50Type">
        <Value>24</Value>
        <VisibleName name="local:Cu50Type">Cu50 Type</VisibleName>
      </Enum>
      <Enum identifier="Cu100Type">
        <Value>25</Value>
        <VisibleName name="local:Cu100Type">Cu100 Type</VisibleName>
      </Enum>
      <Enum identifier="UserType">
        <Value>26</Value>
        <VisibleName name="local:UserType">User Define Type</VisibleName>
      </Enum>
      <Enum identifier="500ohmType">
        <Value>27</Value>
        <VisibleName name="local:500ohmType">0-500ohm Type</VisibleName>
      </Enum>
      <Enum identifier="5KohmType">
        <Value>28</Value>
        <VisibleName name="local:5KohmType">0-5Kohm Type</VisibleName>
      </Enum>
      <Enum identifier="2VType">
        <Value>35</Value>
        <VisibleName name="local:2VType">-2V~+2V Type</VisibleName>
      </Enum>
      <Enum identifier="1VType">
        <Value>36</Value>
        <VisibleName name="local:1VType">-1V~+1V Type</VisibleName>
      </Enum>
	  <Enum identifier="500mVType">
        <Value>37</Value>
        <VisibleName name="local:500mVType">-500mV~+500mV Type</VisibleName>
      </Enum>	
	  <Enum identifier="250mVType">
        <Value>38</Value>
        <VisibleName name="local:250mVType">-250mV~+250mV Type</VisibleName>
      </Enum>	
	  <Enum identifier="125mVType">
        <Value>39</Value>
        <VisibleName name="local:125mVType">-125mV~+125mV Type</VisibleName>
      </Enum>	
	  <Enum identifier="62mVType">
        <Value>40</Value>
        <VisibleName name="local:62mVType">-62.5mV~+62.5mV Type</VisibleName>
      </Enum>
      <Enum identifier="31mVType">
        <Value>41</Value>
        <VisibleName name="local:31mVType">-31.25mV~+31.25mV Type</VisibleName>
      </Enum>		  
    </EnumType>
	 <BitfieldType name="BitUINT" basetype="std:UINT" >
		  <Component identifier="Bit0" type="localTypes:BitEN">
		    <Default>1</Default>
			<VisibleName name="localtype:SByte.Bit0"> Channel 0 Input Detection </VisibleName>
		  </Component>
		  <Component identifier="Bit1" type="localTypes:BitEN">
		    <Default>1</Default>
			<VisibleName name="localtype:SByte.Bit1"> Channel 1 Input Detection </VisibleName>
		  </Component>
		  <Component identifier="Bit2" type="localTypes:BitEN">
		    <Default>1</Default>
			<VisibleName name="localtype:SByte.Bit2"> Channel 2 Input Detection </VisibleName>
		  </Component>
		  <Component identifier="Bit3" type="localTypes:BitEN">
		    <Default>1</Default>
			<VisibleName name="localtype:SByte.Bit3"> Channel 3 Input Detection </VisibleName>
		  </Component>
		  <Component identifier="Bit4" type="std:BOOL">
			 <Default>1</Default>
			<VisibleName name="localtype:SByte.Bit4"> BIT4 </VisibleName>
		  </Component>
		  <Component identifier="Bit5" type="std:BOOL">
			 <Default>1</Default>
			<VisibleName name="localtype:SByte.Bit5"> BIT5 </VisibleName>
		  </Component>
		  <Component identifier="Bit6" type="std:BOOL">
			 <Default>1</Default>
			<VisibleName name="localtype:SByte.Bit6"> BIT6 </VisibleName>
		  </Component>
		  <Component identifier="Bit7" type="std:BOOL">
			 <Default>1</Default>
			<VisibleName name="localtype:SByte.Bit7"> BIT7 </VisibleName>
		  </Component>
	  </BitfieldType>
  </Types>
   
  <Strings namespace="local">
    <Language lang="en">
      <String identifier="ModelName">iR-AI04-TR</String>
      <String identifier="DeviceDescription">4 × Temperature Input , RTD/Thermocouple, Consumption(5V)-65mA/0.325W </String>
      <String identifier="VendorName">Weintek Labs., Inc.</String>
      <String identifier="typename">MyDevice_With_Libs</String>
      <String identifier="typedescription">iR IO</String>
    </Language>
  </Strings>
  <Device hideInCatalogue="false">
    <DeviceIdentification>
      <Type>31062</Type>
      <Id>16bf 0426</Id>
      <Version>1.0.0.0</Version>
    </DeviceIdentification>
    <DeviceInfo>
	  <Name name="local:ModelName">iR-AI04-TR</Name>
      <Description name="local:DeviceDescription">4 × Temperature Input , RTD/Thermocouple</Description>
      <Vendor name="local:VendorName">Weintek Labs., Inc.</Vendor>
      <OrderNumber>iR-AI04-TR</OrderNumber>
    </DeviceInfo>
    <Connector moduleType="31062" interface="Weintek:Internal" role="child" explicit="false" connectorId="1" hostpath="-1">
      <InterfaceName name="local:PCI">Module</InterfaceName>
      <DriverInfo needsBusCycle="true">
	  </DriverInfo>
      <Slot count="1" allowEmpty="false"></Slot>
      <HostParameterSet>
	    <Parameter ParameterId="5000" type="std:INT">
          <Attributes channel="input" download="true" functional="false" offlineaccess="read" onlineaccess="read" />
          <Default>0</Default>
          <Name name="local:in0">AI0</Name>
        </Parameter>	   
  		<Parameter ParameterId="5001" type="std:INT">
          <Attributes channel="input" download="true" functional="false" offlineaccess="read" onlineaccess="read" />
          <Default>0</Default>
          <Name name="local:in1">AI1</Name>
        </Parameter>	    
        <Parameter ParameterId="5002" type="std:INT">
          <Attributes channel="input" download="true" functional="false" offlineaccess="read" onlineaccess="read" />
          <Default>0</Default>
          <Name name="local:in2">AI2</Name>
        </Parameter>	    
		<Parameter ParameterId="5003" type="std:INT">
          <Attributes channel="input" download="true" functional="false" offlineaccess="read" onlineaccess="read" />
          <Default>0</Default>
          <Name name="local:in3">AI3</Name>
        </Parameter>
				<!--  Parameter added  -->
		<Parameter ParameterId="10000" type="localTypes:MODE_TYPE">
          <Attributes channel="none" download="true" functional="false" offlineaccess="write" onlineaccess="none" />
          <Default>JType</Default>
          <Name name="local:Id10000">Channel 0 Input Mode</Name>
          <Description name="local:Id10000.Desc"> Thermocouple or RTD </Description>
        </Parameter>
		<Parameter ParameterId="10001" type="localTypes:MODE_TYPE">
          <Attributes channel="none" download="true" functional="false" offlineaccess="write" onlineaccess="none" />
          <Default>JType</Default>
          <Name name="local:Id10001">Channel 1 Input Mode</Name>
          <Description name="local:Id10001.Desc"> Thermocouple or RTD </Description>
        </Parameter>
		<Parameter ParameterId="10002" type="localTypes:MODE_TYPE">
          <Attributes channel="none" download="true" functional="false" offlineaccess="write" onlineaccess="none" />
          <Default>JType</Default>
          <Name name="local:Id10002">Channel 2 Input Mode</Name>
          <Description name="local:Id10002.Desc">  Thermocouple or RTD </Description>
        </Parameter>
		<Parameter ParameterId="10003" type="localTypes:MODE_TYPE">
          <Attributes channel="none" download="true" functional="false" offlineaccess="write" onlineaccess="none" />
          <Default>JType</Default>
          <Name name="local:Id10003">Channel 3 Input Mode</Name>
          <Description name="local:Id10003.Desc"> Thermocouple or RTD  </Description>
        </Parameter>
		<Parameter ParameterId="10004" type="std:INT">
          <Attributes channel="none" download="true" functional="false" offlineaccess="write" onlineaccess="none" />
          <Default>32000</Default>
          <Name name="local:Id10004">Channel 0 Scale Range Upper Limit</Name>
          <Description name="local:Id10004.Desc"> Only for Voltage Mode </Description>
        </Parameter>
		<Parameter ParameterId="10005" type="std:INT">
          <Attributes channel="none" download="true" functional="false" offlineaccess="write" onlineaccess="none" />
          <Default>32000</Default>
          <Name name="local:Id10005">Channel 1 Scale Range Upper Limit</Name>
          <Description name="local:Id10005.Desc"> Only for Voltage Mode</Description>
        </Parameter>
		<Parameter ParameterId="10006" type="std:INT">
          <Attributes channel="none" download="true" functional="false" offlineaccess="write" onlineaccess="none" />
          <Default>32000</Default>
          <Name name="local:Id10006">Channel 2 Scale Range Upper Limit</Name>
          <Description name="local:Id10006.Desc"> Only for Voltage Mode</Description>
        </Parameter>
		<Parameter ParameterId="10007" type="std:INT">
          <Attributes channel="none" download="true" functional="false" offlineaccess="write" onlineaccess="none" />
          <Default>32000</Default>
          <Name name="local:Id10007">Channel 3 Scale Range Upper Limit</Name>
          <Description name="local:Id10007.Desc"> Only for Voltage Mode</Description>
        </Parameter>
		<Parameter ParameterId="10008" type="std:INT">
          <Attributes channel="none" download="true" functional="false" offlineaccess="write" onlineaccess="none" />
          <Default>-32000</Default>
          <Name name="local:Id10008">Channel 0 Scale Range Lower Limit</Name>
          <Description name="local:Id10008.Desc">Only for Voltage Mode</Description>
        </Parameter>
		<Parameter ParameterId="10009" type="std:INT">
          <Attributes channel="none" download="true" functional="false" offlineaccess="write" onlineaccess="none" />
          <Default>-32000</Default>
          <Name name="local:Id10009">Channel 1 Scale Range Lower Limit</Name>
          <Description name="local:Id10009.Desc">Only for Voltage Mode </Description>
        </Parameter>
		<Parameter ParameterId="10010" type="std:INT">
          <Attributes channel="none" download="true" functional="false" offlineaccess="write" onlineaccess="none" />
          <Default>-32000</Default>
          <Name name="local:Id10010">Channel 2 Scale Range Lower Limit</Name>
          <Description name="local:Id10010.Desc"> Only for Voltage Mode</Description>
        </Parameter>
		<Parameter ParameterId="10011" type="std:INT">
          <Attributes channel="none" download="true" functional="false" offlineaccess="write" onlineaccess="none" />
          <Default>-32000</Default>
          <Name name="local:Id10011">Channel 3 Scale Range Lower Limit</Name>
          <Description name="local:Id10011.Desc"> Only for Voltage Mode </Description>
        </Parameter>
		<Parameter ParameterId="10012" type="localTypes:SIZE">
          <Attributes channel="none" download="true" functional="false" offlineaccess="write" onlineaccess="none" />
          <Default>5</Default>
          <Name name="local:Id10012">Channel 0  Filter Frame Size</Name>
          <Description name="local:Id10012.Desc">Allowable range : 0~20 </Description>
        </Parameter>
		<Parameter ParameterId="10013" type="localTypes:SIZE">
          <Attributes channel="none" download="true" functional="false" offlineaccess="write" onlineaccess="none" />
          <Default>5</Default>
          <Name name="local:Id10013">Channel 1  Filter Frame Size</Name>
          <Description name="local:Id10013.Desc"> Allowable range : 0~20</Description>
        </Parameter>
		<Parameter ParameterId="10014" type="localTypes:SIZE">
          <Attributes channel="none" download="true" functional="false" offlineaccess="write" onlineaccess="none" />
          <Default>5</Default>
          <Name name="local:Id10014">Channel 2  Filter Frame Size</Name>
          <Description name="local:Id10014.Desc"> Allowable range : 0~20</Description>
        </Parameter>
		<Parameter ParameterId="10015" type="localTypes:SIZE">
          <Attributes channel="none" download="true" functional="false" offlineaccess="write" onlineaccess="none" />
          <Default>5</Default>
          <Name name="local:Id10015">Channel 3  Filter Frame Size</Name>
          <Description name="local:Id10015.Desc">Allowable range : 0~20 </Description>
        </Parameter>
		<Parameter ParameterId="10018" type="localTypes:BitUINT">
          <Attributes channel="none" download="true" functional="false" offlineaccess="write" onlineaccess="none" />
          <Default>255</Default>
          <Name name="local:Id10018">Channel Detection </Name>
          <Description name="local:Id10018.Desc"> </Description>
        </Parameter>
		<Parameter ParameterId="10019" type="localTypes:UNIT_TYPE">
          <Attributes channel="none" download="true" functional="false" offlineaccess="write" onlineaccess="none" />
          <Default>Celsius</Default>
          <Name name="local:Id10019">Temperature Unit(°C/°F)  </Name>
          <Description name="local:Id10019.Desc"> 1LSB = 0.1 (°C/°F) </Description>
        </Parameter>
		<Parameter ParameterId="10020" type="std:INT">
          <Attributes channel="none" download="true" functional="false" offlineaccess="write" onlineaccess="none" />
          <Default>0</Default>
          <Name name="local:Id10020">Channel 0  Temperature Offset</Name>
		  <Unit name="local:Id10020"> 0.1 °C/°F </Unit>	
          <Description name="local:Id10020.Desc"> </Description>
        </Parameter>
		<Parameter ParameterId="10021" type="std:INT">
          <Attributes channel="none" download="true" functional="false" offlineaccess="write" onlineaccess="none" />
          <Default>0</Default>
          <Name name="local:Id10021">Channel 1  Temperature Offset</Name>
		  <Unit name="local:Id10021"> 0.1 °C/°F </Unit>	
          <Description name="local:Id10021.Desc"> </Description>
        </Parameter>
		<Parameter ParameterId="10022" type="std:INT">
          <Attributes channel="none" download="true" functional="false" offlineaccess="write" onlineaccess="none" />
          <Default>0</Default>
          <Name name="local:Id10022">Channel 2  Temperature Offset</Name>
		  <Unit name="local:Id10022"> 0.1 °C/°F </Unit>	
          <Description name="local:Id10022.Desc"> </Description>
        </Parameter>
		<Parameter ParameterId="10023" type="std:INT">
          <Attributes channel="none" download="true" functional="false" offlineaccess="write" onlineaccess="none" />
          <Default>0</Default>
          <Name name="local:Id10023">Channel 3  Temperature Offset</Name>
		  <Unit name="local:Id10023"> 0.1 °C/°F </Unit>	
          <Description name="local:Id10023.Desc"> </Description>
        </Parameter>
      </HostParameterSet>
    </Connector>
  </Device>
</DeviceDescription>
