<?xml version="1.0" encoding="utf-8" standalone="no"?>
<!--created with CoDeSys 3.0 (http://www.3s-software.com) by DeviceDescriptionBuilder (3S-Smart Software Solutions GmbH)-->
<DeviceDescription xmlns="http://www.3s-software.com/schemas/DeviceDescription-1.0.xsd" xmlns:ts="http://www.3s-software.com/schemas/TargetSettings-0.1.xsd" xmlns:xsi="http://www.w3.org/2001/XMLSchema-instance">
  <Types namespace="localTypes">
    <StructType name="Entry">
      <Component identifier="Index" type="std:UINT">
        <Default />
        <VisibleName name="local:Index">Index</VisibleName>
        <Description name="local:Index">Index</Description>
      </Component>
      <Component identifier="SubIndex" type="std:UINT">
        <Default />
        <VisibleName name="local:SubIndex">SubIndex</VisibleName>
        <Description name="local:SubIndex">SubIndex</Description>
      </Component>
      <Component identifier="Size" type="std:UINT">
        <Default />
        <VisibleName name="local:Size">Size</VisibleName>
        <Description name="local:Size">Size</Description>
      </Component>
      <Component identifier="Offset" type="std:UINT">
        <Default />
        <VisibleName name="local:Offset">Offset</VisibleName>
        <Description name="local:Offset">Offset</Description>
      </Component>
      <Component identifier="DependOnSlot" type="std:BOOL">
        <Default />
        <VisibleName name="local:DependOnSlot">DependOnSlot</VisibleName>
        <Description name="local:DependOnSlot">DependOnSlot</Description>
      </Component>
      <Component identifier="DependOnSlotGroup" type="std:BOOL">
        <Default />
        <VisibleName name="local:DependOnSlotGroup">DependOnSlotGroup</VisibleName>
        <Description name="local:DependOnSlotGroup">DependOnSlotGroup</Description>
      </Component>
    </StructType>
    <StructType name="PDO_Information">
      <Component identifier="Name" type="std:STRING">
        <Default />
        <VisibleName name="local:Name">Name</VisibleName>
        <Description name="local:Name">Name</Description>
      </Component>
      <Component identifier="DataType" type="std:STRING">
        <Default />
        <VisibleName name="local:DataType">DataType</VisibleName>
        <Description name="local:DataType">DataType</Description>
      </Component>
      <Component identifier="Default" type="std:STRING">
        <Default />
        <VisibleName name="local:Default">Default</VisibleName>
        <Description name="local:Default">Default</Description>
      </Component>
      <Component identifier="Comment" type="std:STRING">
        <Default />
        <VisibleName name="local:Comment">Comment</VisibleName>
        <Description name="local:Comment">Comment</Description>
      </Component>
    </StructType>
    <StructType name="RxTxPdo">
      <Component identifier="NumberofExcludes" type="std:INT">
        <Default />
        <VisibleName name="local:NumberofExcludes">NumberofExcludes</VisibleName>
      </Component>
      <Component identifier="NumberofEntries" type="std:INT">
        <Default />
        <VisibleName name="local:NumberofEntries">NumberofEntries</VisibleName>
      </Component>
      <Component identifier="Index" type="std:UINT">
        <Default />
        <VisibleName name="local:Index">Index</VisibleName>
      </Component>
      <Component identifier="Fixed" type="std:BOOL">
        <Default />
        <VisibleName name="local:Fixed">Fixed</VisibleName>
      </Component>
      <Component identifier="Mandatory" type="std:BOOL">
        <Default />
        <VisibleName name="local:Mandatory">Mandatory</VisibleName>
      </Component>
      <Component identifier="Virtual" type="std:BOOL">
        <Default />
        <VisibleName name="local:Virtual">Virtual</VisibleName>
      </Component>
      <Component identifier="Sm" type="std:INT">
        <Default />
        <VisibleName name="local:Sm">Sm</VisibleName>
      </Component>
      <Component identifier="Su" type="std:INT">
        <Default />
        <VisibleName name="local:Su">Su</VisibleName>
      </Component>
      <Component identifier="Name" type="std:STRING">
        <Default />
        <VisibleName name="local:Name">Name</VisibleName>
      </Component>
      <Component identifier="DependOnSlot" type="std:BOOL">
        <Default />
        <VisibleName name="local:DependOnSlot">DependOnSlot</VisibleName>
      </Component>
      <Component identifier="DependOnSlotGroup" type="std:BOOL">
        <Default />
        <VisibleName name="local:DependOnSlotGroup">DependOnSlotGroup</VisibleName>
      </Component>
      <Component identifier="OverwrittenByModule" type="std:BOOL">
        <Default />
        <VisibleName name="local:OverwrittenByModule">OverwrittenByModule</VisibleName>
      </Component>
    </StructType>
  </Types>
  <ParameterFilterFlags />
  <Strings namespace="local">
    <Language lang="en-en">
      <String identifier="devicename">iR-PU01-P Axis 3</String>
      <String identifier="instancename">PU01-Axis 3</String>
      <String identifier="typedevicedescription">EtherCAT Module imported from Slave XML: Weintek_iR_ECAT_IO.xml Device: iR-PU01-P Axis 3</String>
      <String identifier="WeintekLabsaaInca">Weintek Labs., Inc.</String>
      <String identifier="EtherCATModule">Module</String>
      <String identifier="General">General</String>
      <String identifier="ModuleIdent">Module ident</String>
      <String identifier="ModuleClass">Module class</String>
      <String identifier="ModulePdoGroup">Module pdo group</String>
      <String identifier="Entry">Entry</String>
      <String identifier="Index">Index</String>
      <String identifier="SubIndex">SubIndex</String>
      <String identifier="Size">Size</String>
      <String identifier="Offset">Offset</String>
      <String identifier="DependOnSlot">DependOnSlot</String>
      <String identifier="DependOnSlotGroup">DependOnSlotGroup</String>
      <String identifier="OverwrittenByModule">OverwrittenByModule</String>
      <String identifier="Name">Name</String>
      <String identifier="DataType">DataType</String>
      <String identifier="Default">Default</String>
      <String identifier="Comment">Comment</String>
      <String identifier="NumberofExcludes">NumberofExcludes</String>
      <String identifier="NumberofEntries">NumberofEntries</String>
      <String identifier="Fixed">Fixed</String>
      <String identifier="Mandatory">Mandatory</String>
      <String identifier="Virtual">Virtual</String>
      <String identifier="Sm">Sm</String>
      <String identifier="Su">Su</String>
      <String identifier="RxPDO">RxPDO</String>
      <String identifier="Parameter_NumberOfRx">Number of RxPDOs of the Slave</String>
      <String identifier="Exclude">Exclude</String>
      <String identifier="RxTxPdo">RxTxPdo</String>
      <String identifier="RxPDO1">RxPDO1</String>
      <String identifier="Axis20320DO20byte2001">Axis 3 DO byte 0</String>
      <String identifier="Axis20320Mode20of20operation2">Axis 3 Mode of operation</String>
      <String identifier="Axis20320Controlword3">Axis 3 Controlword</String>
      <String identifier="Axis20320Target20velocity4">Axis 3 Target velocity</String>
      <String identifier="Axis20320Target20position5">Axis 3 Target position</String>
      <String identifier="Axis20320Profile20velocity6">Axis 3 Profile velocity</String>
      <String identifier="Axis20320Profile20acceleration7">Axis 3 Profile acceleration</String>
      <String identifier="Axis20320Profile20deceleration8">Axis 3 Profile deceleration</String>
      <String identifier="Reserved9">Reserved</String>
      <String identifier="Reserved10">Reserved</String>
      <String identifier="TxPDO">TxPDO</String>
      <String identifier="Parameter_NumberOfTx">Number of TxPDOs of the Slave</String>
      <String identifier="TxPDO1">TxPDO1</String>
      <String identifier="Axis20320DI20byte2001">Axis 3 DI byte 0</String>
      <String identifier="Axis20320Mode20of20operation20display2">Axis 3 Mode of operation display</String>
      <String identifier="Axis20320Statusword3">Axis 3 Statusword</String>
      <String identifier="Axis20320Position20actual20value4">Axis 3 Position actual value</String>
      <String identifier="Axis20320Velocity20actual20value5">Axis 3 Velocity actual value</String>
      <String identifier="Axis20320Position20demand20internal20value6">Axis 3 Position demand internal value</String>
      <String identifier="Axis20320DO20status20byte2007">Axis 3 DO status byte 0</String>
      <String identifier="Axis20320Capture20status20byte2008">Axis 3 Capture status byte 0</String>
      <String identifier="Axis20320Error20code9">Axis 3 Error code</String>
      <String identifier="Axis203202nd20additional20position20actual20value10">Axis 3 2nd additional position actual value</String>
      <String identifier="Reserved11">Reserved</String>
      <String identifier="Reserved12">Reserved</String>
    </Language>
  </Strings>
  <Files namespace="local">
    <Language lang="en">
      <File identifier="XMLFile" fileref="local">
        <LocalFile>Weintek_iR_ECAT_IO.xml</LocalFile>
      </File>
    </Language>
  </Files>
  <Device hideInCatalogue="false">
    <DeviceIdentification>
      <Type>68</Type>
      <Id>6DD_0000081C_MO_PU01-Axis 3</Id>
      <Version>0</Version>
    </DeviceIdentification>
    <DeviceInfo>
      <Name name="local:devicename">iR-PU01-P Axis 3</Name>
      <Description name="local:typedevicedescription">EtherCAT Module imported from Slave XML: Weintek_iR_ECAT_IO.xml Device: iR-PU01-P Axis 3</Description>
      <Vendor name="local:WeintekLabsaaInca">Weintek Labs., Inc.</Vendor>
      <OrderNumber>PU01-Axis 3</OrderNumber>
      <DefaultInstanceName name="local:instancename">PU01-Axis 3</DefaultInstanceName>
      <AdditionalFiles>
        <File name="local:XMLFile" key="Common.File.XML.NativeDescription">Weintek_iR_ECAT_IO.xml</File>
      </AdditionalFiles>
    </DeviceInfo>
    <Connector moduleType="68" interface="Ethercat_6DD_Module_2076" role="child" explicit="false" hostpath="-1" connectorId="1">
      <InterfaceName name="local:EtherCATModule">Module</InterfaceName>
      <Slot count="1" allowEmpty="false" />
      <AdditionalInterface interface="Ethercat_6DD_Module_MO" />
      <HostParameterSet>
        <ParameterSection>
          <Name name="local:General">General</Name>
          <Parameter ParameterId="1090519040" type="std:DWORD">
            <Attributes offlineaccess="readwrite" download="true" />
            <Default>16#081C</Default>
            <Name name="local:ModuleIdent">Module ident</Name>
          </Parameter>
          <Parameter ParameterId="1090519056" type="std:STRING">
            <Attributes offlineaccess="readwrite" download="false" />
            <Default>'MO'</Default>
            <Name name="local:ModuleClass">Module class</Name>
          </Parameter>
          <Parameter ParameterId="1090519072" type="std:DINT">
            <Attributes offlineaccess="readwrite" download="true" />
            <Default>1</Default>
            <Name name="local:ModulePdoGroup">Module pdo group</Name>
          </Parameter>
        </ParameterSection>
        <ParameterSection>
          <Name name="local:RxPDO">RxPDO</Name>
          <Parameter ParameterId="1342504960" type="std:DWORD">
            <Attributes download="true" functional="false" />
            <Default>1</Default>
            <Name name="local:Parameter_NumberOfRx">Number of RxPDOs of the Slave</Name>
            <Description name="local:Parameter_NumberOfRx">Number of RxPDOs of the Slave</Description>
          </Parameter>
          <ParameterSection>
            <Name name="local:RxPDO1">RxPDO1</Name>
            <ParameterSection>
              <Name name="local:Axis20320DO20byte2001">Axis 3 DO byte 0</Name>
              <Parameter ParameterId="1879048194" type="localTypes:Entry">
                <Attributes offlineaccess="readwrite" download="true" />
                <Default>
                  <Element name="Index">16#5810</Element>
                  <Element name="SubIndex">1</Element>
                  <Element name="Size">8</Element>
                  <Element name="DependOnSlot">false</Element>
                </Default>
                <Name name="local:Axis20320DO20byte2001">Axis 3 DO byte 0</Name>
              </Parameter>
              <Parameter ParameterId="1880096770" type="localTypes:PDO_Information">
                <Attributes offlineaccess="readwrite" download="false" />
                <Default>
                  <Element name="Name">'Axis 3 DO byte 0'</Element>
                  <Element name="DataType">'USINT'</Element>
                  <Element name="Comment">''</Element>
                </Default>
                <Name name="local:Axis20320DO20byte2001">Axis 3 DO byte 0</Name>
              </Parameter>
            </ParameterSection>
            <ParameterSection>
              <Name name="local:Axis20320Mode20of20operation2">Axis 3 Mode of operation</Name>
              <Parameter ParameterId="1879048195" type="localTypes:Entry">
                <Attributes offlineaccess="readwrite" download="true" />
                <Default>
                  <Element name="Index">16#3860</Element>
                  <Element name="SubIndex">1</Element>
                  <Element name="Size">8</Element>
                  <Element name="DependOnSlot">false</Element>
                </Default>
                <Name name="local:Axis20320Mode20of20operation2">Axis 3 Mode of operation</Name>
              </Parameter>
              <Parameter ParameterId="1880096771" type="localTypes:PDO_Information">
                <Attributes offlineaccess="readwrite" download="false" />
                <Default>
                  <Element name="Name">'Axis 3 Mode of operation'</Element>
                  <Element name="DataType">'USINT'</Element>
                  <Element name="Comment">''</Element>
                </Default>
                <Name name="local:Axis20320Mode20of20operation2">Axis 3 Mode of operation</Name>
              </Parameter>
            </ParameterSection>
            <ParameterSection>
              <Name name="local:Axis20320Controlword3">Axis 3 Controlword</Name>
              <Parameter ParameterId="1879048196" type="localTypes:Entry">
                <Attributes offlineaccess="readwrite" download="true" />
                <Default>
                  <Element name="Index">16#3840</Element>
                  <Element name="SubIndex">0</Element>
                  <Element name="Size">16</Element>
                  <Element name="DependOnSlot">false</Element>
                </Default>
                <Name name="local:Axis20320Controlword3">Axis 3 Controlword</Name>
              </Parameter>
              <Parameter ParameterId="1880096772" type="localTypes:PDO_Information">
                <Attributes offlineaccess="readwrite" download="false" />
                <Default>
                  <Element name="Name">'Axis 3 Controlword'</Element>
                  <Element name="DataType">'UINT'</Element>
                  <Element name="Comment">''</Element>
                </Default>
                <Name name="local:Axis20320Controlword3">Axis 3 Controlword</Name>
              </Parameter>
            </ParameterSection>
            <ParameterSection>
              <Name name="local:Axis20320Target20velocity4">Axis 3 Target velocity</Name>
              <Parameter ParameterId="1879048197" type="localTypes:Entry">
                <Attributes offlineaccess="readwrite" download="true" />
                <Default>
                  <Element name="Index">16#38FF</Element>
                  <Element name="SubIndex">0</Element>
                  <Element name="Size">32</Element>
                  <Element name="DependOnSlot">false</Element>
                </Default>
                <Name name="local:Axis20320Target20velocity4">Axis 3 Target velocity</Name>
              </Parameter>
              <Parameter ParameterId="1880096773" type="localTypes:PDO_Information">
                <Attributes offlineaccess="readwrite" download="false" />
                <Default>
                  <Element name="Name">'Axis 3 Target velocity'</Element>
                  <Element name="DataType">'DINT'</Element>
                  <Element name="Comment">''</Element>
                </Default>
                <Name name="local:Axis20320Target20velocity4">Axis 3 Target velocity</Name>
              </Parameter>
            </ParameterSection>
            <ParameterSection>
              <Name name="local:Axis20320Target20position5">Axis 3 Target position</Name>
              <Parameter ParameterId="1879048198" type="localTypes:Entry">
                <Attributes offlineaccess="readwrite" download="true" />
                <Default>
                  <Element name="Index">16#387A</Element>
                  <Element name="SubIndex">0</Element>
                  <Element name="Size">32</Element>
                  <Element name="DependOnSlot">false</Element>
                </Default>
                <Name name="local:Axis20320Target20position5">Axis 3 Target position</Name>
              </Parameter>
              <Parameter ParameterId="1880096774" type="localTypes:PDO_Information">
                <Attributes offlineaccess="readwrite" download="false" />
                <Default>
                  <Element name="Name">'Axis 3 Target position'</Element>
                  <Element name="DataType">'DINT'</Element>
                  <Element name="Comment">''</Element>
                </Default>
                <Name name="local:Axis20320Target20position5">Axis 3 Target position</Name>
              </Parameter>
            </ParameterSection>
            <ParameterSection>
              <Name name="local:Axis20320Profile20velocity6">Axis 3 Profile velocity</Name>
              <Parameter ParameterId="1879048199" type="localTypes:Entry">
                <Attributes offlineaccess="readwrite" download="true" />
                <Default>
                  <Element name="Index">16#3881</Element>
                  <Element name="SubIndex">0</Element>
                  <Element name="Size">32</Element>
                  <Element name="DependOnSlot">false</Element>
                </Default>
                <Name name="local:Axis20320Profile20velocity6">Axis 3 Profile velocity</Name>
              </Parameter>
              <Parameter ParameterId="1880096775" type="localTypes:PDO_Information">
                <Attributes offlineaccess="readwrite" download="false" />
                <Default>
                  <Element name="Name">'Axis 3 Profile velocity'</Element>
                  <Element name="DataType">'UDINT'</Element>
                  <Element name="Comment">''</Element>
                </Default>
                <Name name="local:Axis20320Profile20velocity6">Axis 3 Profile velocity</Name>
              </Parameter>
            </ParameterSection>
            <ParameterSection>
              <Name name="local:Axis20320Profile20acceleration7">Axis 3 Profile acceleration</Name>
              <Parameter ParameterId="1879048200" type="localTypes:Entry">
                <Attributes offlineaccess="readwrite" download="true" />
                <Default>
                  <Element name="Index">16#3883</Element>
                  <Element name="SubIndex">0</Element>
                  <Element name="Size">32</Element>
                  <Element name="DependOnSlot">false</Element>
                </Default>
                <Name name="local:Axis20320Profile20acceleration7">Axis 3 Profile acceleration</Name>
              </Parameter>
              <Parameter ParameterId="1880096776" type="localTypes:PDO_Information">
                <Attributes offlineaccess="readwrite" download="false" />
                <Default>
                  <Element name="Name">'Axis 3 Profile acceleration'</Element>
                  <Element name="DataType">'DINT'</Element>
                  <Element name="Comment">''</Element>
                </Default>
                <Name name="local:Axis20320Profile20acceleration7">Axis 3 Profile acceleration</Name>
              </Parameter>
            </ParameterSection>
            <ParameterSection>
              <Name name="local:Axis20320Profile20deceleration8">Axis 3 Profile deceleration</Name>
              <Parameter ParameterId="1879048201" type="localTypes:Entry">
                <Attributes offlineaccess="readwrite" download="true" />
                <Default>
                  <Element name="Index">16#3884</Element>
                  <Element name="SubIndex">0</Element>
                  <Element name="Size">32</Element>
                  <Element name="DependOnSlot">false</Element>
                </Default>
                <Name name="local:Axis20320Profile20deceleration8">Axis 3 Profile deceleration</Name>
              </Parameter>
              <Parameter ParameterId="1880096777" type="localTypes:PDO_Information">
                <Attributes offlineaccess="readwrite" download="false" />
                <Default>
                  <Element name="Name">'Axis 3 Profile deceleration'</Element>
                  <Element name="DataType">'DINT'</Element>
                  <Element name="Comment">''</Element>
                </Default>
                <Name name="local:Axis20320Profile20deceleration8">Axis 3 Profile deceleration</Name>
              </Parameter>
            </ParameterSection>
            <ParameterSection>
              <Name name="local:Reserved9">Reserved</Name>
              <Parameter ParameterId="1879048202" type="localTypes:Entry">
                <Attributes offlineaccess="readwrite" download="true" />
                <Default>
                  <Element name="Index">16#5FF0</Element>
                  <Element name="SubIndex">0</Element>
                  <Element name="Size">32</Element>
                  <Element name="DependOnSlot">false</Element>
                </Default>
                <Name name="local:Reserved9">Reserved</Name>
              </Parameter>
              <Parameter ParameterId="1880096778" type="localTypes:PDO_Information">
                <Attributes offlineaccess="readwrite" download="false" />
                <Default>
                  <Element name="Name">'Reserved'</Element>
                  <Element name="DataType">'DINT'</Element>
                  <Element name="Comment">''</Element>
                </Default>
                <Name name="local:Reserved9">Reserved</Name>
              </Parameter>
            </ParameterSection>
            <ParameterSection>
              <Name name="local:Reserved10">Reserved</Name>
              <Parameter ParameterId="1879048203" type="localTypes:Entry">
                <Attributes offlineaccess="readwrite" download="true" />
                <Default>
                  <Element name="Index">16#5FF1</Element>
                  <Element name="SubIndex">0</Element>
                  <Element name="Size">32</Element>
                  <Element name="DependOnSlot">false</Element>
                </Default>
                <Name name="local:Reserved10">Reserved</Name>
              </Parameter>
              <Parameter ParameterId="1880096779" type="localTypes:PDO_Information">
                <Attributes offlineaccess="readwrite" download="false" />
                <Default>
                  <Element name="Name">'Reserved'</Element>
                  <Element name="DataType">'DINT'</Element>
                  <Element name="Comment">''</Element>
                </Default>
                <Name name="local:Reserved10">Reserved</Name>
              </Parameter>
            </ParameterSection>
            <Parameter ParameterId="1879048192" type="localTypes:RxTxPdo">
              <Attributes offlineaccess="readwrite" download="true" />
              <Default>
                <Element name="NumberofExcludes">0</Element>
                <Element name="NumberofEntries">10</Element>
                <Element name="Index">16#1600</Element>
                <Element name="Name">'Output'</Element>
                <Element name="Fixed">True</Element>
                <Element name="Mandatory">True</Element>
                <Element name="Virtual">FALSE</Element>
                <Element name="Sm">2</Element>
                <Element name="Su">0</Element>
                <Element name="DependOnSlot">true</Element>
              </Default>
              <Name name="local:RxTxPdo">RxTxPdo</Name>
            </Parameter>
          </ParameterSection>
        </ParameterSection>
        <ParameterSection>
          <Name name="local:TxPDO">TxPDO</Name>
          <Parameter ParameterId="1342636032" type="std:DWORD">
            <Attributes download="true" functional="false" />
            <Default>1</Default>
            <Name name="local:Parameter_NumberOfTx">Number of TxPDOs of the Slave</Name>
            <Description name="local:Parameter_NumberOfTx">Number of TxPDOs of the Slave</Description>
          </Parameter>
          <ParameterSection>
            <Name name="local:TxPDO1">TxPDO1</Name>
            <ParameterSection>
              <Name name="local:Axis20320DI20byte2001">Axis 3 DI byte 0</Name>
              <Parameter ParameterId="1879375874" type="localTypes:Entry">
                <Attributes offlineaccess="readwrite" download="true" />
                <Default>
                  <Element name="Index">16#5800</Element>
                  <Element name="SubIndex">1</Element>
                  <Element name="Size">8</Element>
                  <Element name="DependOnSlot">false</Element>
                </Default>
                <Name name="local:Axis20320DI20byte2001">Axis 3 DI byte 0</Name>
              </Parameter>
              <Parameter ParameterId="1880424450" type="localTypes:PDO_Information">
                <Attributes offlineaccess="readwrite" download="false" />
                <Default>
                  <Element name="Name">'Axis 3 DI byte 0'</Element>
                  <Element name="DataType">'USINT'</Element>
                  <Element name="Comment">''</Element>
                </Default>
                <Name name="local:Axis20320DI20byte2001">Axis 3 DI byte 0</Name>
              </Parameter>
            </ParameterSection>
            <ParameterSection>
              <Name name="local:Axis20320Mode20of20operation20display2">Axis 3 Mode of operation display</Name>
              <Parameter ParameterId="1879375875" type="localTypes:Entry">
                <Attributes offlineaccess="readwrite" download="true" />
                <Default>
                  <Element name="Index">16#3861</Element>
                  <Element name="SubIndex">0</Element>
                  <Element name="Size">8</Element>
                  <Element name="DependOnSlot">false</Element>
                </Default>
                <Name name="local:Axis20320Mode20of20operation20display2">Axis 3 Mode of operation display</Name>
              </Parameter>
              <Parameter ParameterId="1880424451" type="localTypes:PDO_Information">
                <Attributes offlineaccess="readwrite" download="false" />
                <Default>
                  <Element name="Name">'Axis 3 Mode of operation display'</Element>
                  <Element name="DataType">'USINT'</Element>
                  <Element name="Comment">''</Element>
                </Default>
                <Name name="local:Axis20320Mode20of20operation20display2">Axis 3 Mode of operation display</Name>
              </Parameter>
            </ParameterSection>
            <ParameterSection>
              <Name name="local:Axis20320Statusword3">Axis 3 Statusword</Name>
              <Parameter ParameterId="1879375876" type="localTypes:Entry">
                <Attributes offlineaccess="readwrite" download="true" />
                <Default>
                  <Element name="Index">16#3841</Element>
                  <Element name="SubIndex">0</Element>
                  <Element name="Size">16</Element>
                  <Element name="DependOnSlot">false</Element>
                </Default>
                <Name name="local:Axis20320Statusword3">Axis 3 Statusword</Name>
              </Parameter>
              <Parameter ParameterId="1880424452" type="localTypes:PDO_Information">
                <Attributes offlineaccess="readwrite" download="false" />
                <Default>
                  <Element name="Name">'Axis 3 Statusword'</Element>
                  <Element name="DataType">'UINT'</Element>
                  <Element name="Comment">''</Element>
                </Default>
                <Name name="local:Axis20320Statusword3">Axis 3 Statusword</Name>
              </Parameter>
            </ParameterSection>
            <ParameterSection>
              <Name name="local:Axis20320Position20actual20value4">Axis 3 Position actual value</Name>
              <Parameter ParameterId="1879375877" type="localTypes:Entry">
                <Attributes offlineaccess="readwrite" download="true" />
                <Default>
                  <Element name="Index">16#3864</Element>
                  <Element name="SubIndex">0</Element>
                  <Element name="Size">32</Element>
                  <Element name="DependOnSlot">false</Element>
                </Default>
                <Name name="local:Axis20320Position20actual20value4">Axis 3 Position actual value</Name>
              </Parameter>
              <Parameter ParameterId="1880424453" type="localTypes:PDO_Information">
                <Attributes offlineaccess="readwrite" download="false" />
                <Default>
                  <Element name="Name">'Axis 3 Position actual value'</Element>
                  <Element name="DataType">'DINT'</Element>
                  <Element name="Comment">''</Element>
                </Default>
                <Name name="local:Axis20320Position20actual20value4">Axis 3 Position actual value</Name>
              </Parameter>
            </ParameterSection>
            <ParameterSection>
              <Name name="local:Axis20320Velocity20actual20value5">Axis 3 Velocity actual value</Name>
              <Parameter ParameterId="1879375878" type="localTypes:Entry">
                <Attributes offlineaccess="readwrite" download="true" />
                <Default>
                  <Element name="Index">16#386C</Element>
                  <Element name="SubIndex">0</Element>
                  <Element name="Size">32</Element>
                  <Element name="DependOnSlot">false</Element>
                </Default>
                <Name name="local:Axis20320Velocity20actual20value5">Axis 3 Velocity actual value</Name>
              </Parameter>
              <Parameter ParameterId="1880424454" type="localTypes:PDO_Information">
                <Attributes offlineaccess="readwrite" download="false" />
                <Default>
                  <Element name="Name">'Axis 3 Velocity actual value'</Element>
                  <Element name="DataType">'DINT'</Element>
                  <Element name="Comment">''</Element>
                </Default>
                <Name name="local:Axis20320Velocity20actual20value5">Axis 3 Velocity actual value</Name>
              </Parameter>
            </ParameterSection>
            <ParameterSection>
              <Name name="local:Axis20320Position20demand20internal20value6">Axis 3 Position demand internal value</Name>
              <Parameter ParameterId="1879375879" type="localTypes:Entry">
                <Attributes offlineaccess="readwrite" download="true" />
                <Default>
                  <Element name="Index">16#38FC</Element>
                  <Element name="SubIndex">0</Element>
                  <Element name="Size">32</Element>
                  <Element name="DependOnSlot">false</Element>
                </Default>
                <Name name="local:Axis20320Position20demand20internal20value6">Axis 3 Position demand internal value</Name>
              </Parameter>
              <Parameter ParameterId="1880424455" type="localTypes:PDO_Information">
                <Attributes offlineaccess="readwrite" download="false" />
                <Default>
                  <Element name="Name">'Axis 3 Position demand internal value'</Element>
                  <Element name="DataType">'DINT'</Element>
                  <Element name="Comment">''</Element>
                </Default>
                <Name name="local:Axis20320Position20demand20internal20value6">Axis 3 Position demand internal value</Name>
              </Parameter>
            </ParameterSection>
            <ParameterSection>
              <Name name="local:Axis20320DO20status20byte2007">Axis 3 DO status byte 0</Name>
              <Parameter ParameterId="1879375880" type="localTypes:Entry">
                <Attributes offlineaccess="readwrite" download="true" />
                <Default>
                  <Element name="Index">16#5810</Element>
                  <Element name="SubIndex">2</Element>
                  <Element name="Size">8</Element>
                  <Element name="DependOnSlot">false</Element>
                </Default>
                <Name name="local:Axis20320DO20status20byte2007">Axis 3 DO status byte 0</Name>
              </Parameter>
              <Parameter ParameterId="1880424456" type="localTypes:PDO_Information">
                <Attributes offlineaccess="readwrite" download="false" />
                <Default>
                  <Element name="Name">'Axis 3 DO status byte 0'</Element>
                  <Element name="DataType">'USINT'</Element>
                  <Element name="Comment">''</Element>
                </Default>
                <Name name="local:Axis20320DO20status20byte2007">Axis 3 DO status byte 0</Name>
              </Parameter>
            </ParameterSection>
            <ParameterSection>
              <Name name="local:Axis20320Capture20status20byte2008">Axis 3 Capture status byte 0</Name>
              <Parameter ParameterId="1879375881" type="localTypes:Entry">
                <Attributes offlineaccess="readwrite" download="true" />
                <Default>
                  <Element name="Index">16#5891</Element>
                  <Element name="SubIndex">1</Element>
                  <Element name="Size">8</Element>
                  <Element name="DependOnSlot">false</Element>
                </Default>
                <Name name="local:Axis20320Capture20status20byte2008">Axis 3 Capture status byte 0</Name>
              </Parameter>
              <Parameter ParameterId="1880424457" type="localTypes:PDO_Information">
                <Attributes offlineaccess="readwrite" download="false" />
                <Default>
                  <Element name="Name">'Axis 3 Capture status byte 0'</Element>
                  <Element name="DataType">'USINT'</Element>
                  <Element name="Comment">''</Element>
                </Default>
                <Name name="local:Axis20320Capture20status20byte2008">Axis 3 Capture status byte 0</Name>
              </Parameter>
            </ParameterSection>
            <ParameterSection>
              <Name name="local:Axis20320Error20code9">Axis 3 Error code</Name>
              <Parameter ParameterId="1879375882" type="localTypes:Entry">
                <Attributes offlineaccess="readwrite" download="true" />
                <Default>
                  <Element name="Index">16#383F</Element>
                  <Element name="SubIndex">0</Element>
                  <Element name="Size">16</Element>
                  <Element name="DependOnSlot">false</Element>
                </Default>
                <Name name="local:Axis20320Error20code9">Axis 3 Error code</Name>
              </Parameter>
              <Parameter ParameterId="1880424458" type="localTypes:PDO_Information">
                <Attributes offlineaccess="readwrite" download="false" />
                <Default>
                  <Element name="Name">'Axis 3 Error code'</Element>
                  <Element name="DataType">'UINT'</Element>
                  <Element name="Comment">''</Element>
                </Default>
                <Name name="local:Axis20320Error20code9">Axis 3 Error code</Name>
              </Parameter>
            </ParameterSection>
            <ParameterSection>
              <Name name="local:Axis203202nd20additional20position20actual20value10">Axis 3 2nd additional position actual value</Name>
              <Parameter ParameterId="1879375883" type="localTypes:Entry">
                <Attributes offlineaccess="readwrite" download="true" />
                <Default>
                  <Element name="Index">16#38E4</Element>
                  <Element name="SubIndex">2</Element>
                  <Element name="Size">32</Element>
                  <Element name="DependOnSlot">false</Element>
                </Default>
                <Name name="local:Axis203202nd20additional20position20actual20value10">Axis 3 2nd additional position actual value</Name>
              </Parameter>
              <Parameter ParameterId="1880424459" type="localTypes:PDO_Information">
                <Attributes offlineaccess="readwrite" download="false" />
                <Default>
                  <Element name="Name">'Axis 3 2nd additional position actual value'</Element>
                  <Element name="DataType">'DINT'</Element>
                  <Element name="Comment">''</Element>
                </Default>
                <Name name="local:Axis203202nd20additional20position20actual20value10">Axis 3 2nd additional position actual value</Name>
              </Parameter>
            </ParameterSection>
            <ParameterSection>
              <Name name="local:Reserved11">Reserved</Name>
              <Parameter ParameterId="1879375884" type="localTypes:Entry">
                <Attributes offlineaccess="readwrite" download="true" />
                <Default>
                  <Element name="Index">16#5FF0</Element>
                  <Element name="SubIndex">0</Element>
                  <Element name="Size">32</Element>
                  <Element name="DependOnSlot">false</Element>
                </Default>
                <Name name="local:Reserved11">Reserved</Name>
              </Parameter>
              <Parameter ParameterId="1880424460" type="localTypes:PDO_Information">
                <Attributes offlineaccess="readwrite" download="false" />
                <Default>
                  <Element name="Name">'Reserved'</Element>
                  <Element name="DataType">'DINT'</Element>
                  <Element name="Comment">''</Element>
                </Default>
                <Name name="local:Reserved11">Reserved</Name>
              </Parameter>
            </ParameterSection>
            <ParameterSection>
              <Name name="local:Reserved12">Reserved</Name>
              <Parameter ParameterId="1879375885" type="localTypes:Entry">
                <Attributes offlineaccess="readwrite" download="true" />
                <Default>
                  <Element name="Index">16#5FF1</Element>
                  <Element name="SubIndex">0</Element>
                  <Element name="Size">32</Element>
                  <Element name="DependOnSlot">false</Element>
                </Default>
                <Name name="local:Reserved12">Reserved</Name>
              </Parameter>
              <Parameter ParameterId="1880424461" type="localTypes:PDO_Information">
                <Attributes offlineaccess="readwrite" download="false" />
                <Default>
                  <Element name="Name">'Reserved'</Element>
                  <Element name="DataType">'DINT'</Element>
                  <Element name="Comment">''</Element>
                </Default>
                <Name name="local:Reserved12">Reserved</Name>
              </Parameter>
            </ParameterSection>
            <Parameter ParameterId="1879375872" type="localTypes:RxTxPdo">
              <Attributes offlineaccess="readwrite" download="true" />
              <Default>
                <Element name="NumberofExcludes">0</Element>
                <Element name="NumberofEntries">12</Element>
                <Element name="Index">16#1A00</Element>
                <Element name="Name">'Input'</Element>
                <Element name="Fixed">True</Element>
                <Element name="Mandatory">True</Element>
                <Element name="Virtual">FALSE</Element>
                <Element name="Sm">3</Element>
                <Element name="Su">0</Element>
                <Element name="DependOnSlot">true</Element>
              </Default>
              <Name name="local:RxTxPdo">RxTxPdo</Name>
            </Parameter>
          </ParameterSection>
        </ParameterSection>
      </HostParameterSet>
      <Appearance>
        <ShowEditor>EthercatSDOEditorPage</ShowEditor>
        <ShowEditor>IoMappingEditor</ShowEditor>
        <ShowEditor>DeviceInformation</ShowEditor>
      </Appearance>
    </Connector>
  </Device>
  <ImportPluginVersion>3.5.0.0</ImportPluginVersion>
</DeviceDescription>