﻿<?xml version="1.0" encoding="utf-8"?>
<Symbolconfiguration xmlns="http://www.3s-software.com/schemas/Symbolconfiguration.xsd">
  <Header>
    <Version>3.5.10.0</Version>
    <SymbolConfigObject version="3.5.10.20" runtimeid="3.5.10.30" libversion="3.5.10.0" settings="LayoutCalculator=OptimizedClientSideLayoutCalculator" />
    <ProjectInfo name="iR_Application_PU_PWM_Inverter" devicename="Device" appname="Application" />
  </Header>
  <TypeList>
    <TypeSimple name="T_BOOL" size="1" swapsize="0" typeclass="Bool" iecname="BOOL" />
    <TypeSimple name="T_BYTE" size="1" swapsize="1" typeclass="Byte" iecname="BYTE" />
    <TypeSimple name="T_DINT" size="4" swapsize="4" typeclass="DInt" iecname="DINT" />
    <TypeSimple name="T_DWORD" size="4" swapsize="4" typeclass="DWord" iecname="DWORD" />
    <TypeSimple name="T_INT" size="2" swapsize="2" typeclass="Int" iecname="INT" />
    <TypeSimple name="T_SINT" size="1" swapsize="1" typeclass="SInt" iecname="SINT" />
    <TypeSimple name="T_UDINT" size="4" swapsize="4" typeclass="UDInt" iecname="UDINT" />
    <TypeSimple name="T_UINT" size="2" swapsize="2" typeclass="UInt" iecname="UINT" />
    <TypeSimple name="T_USINT" size="1" swapsize="1" typeclass="USInt" iecname="USINT" />
    <TypeSimple name="T_WORD" size="2" swapsize="2" typeclass="Word" iecname="WORD" />
    <TypeArray name="T_ARRAY__1__12__OF_WORD" size="24" nativesize="24" typeclass="Array" iecname="ARRAY [1..12] OF WORD" basetype="T_WORD">
      <ArrayDim minrange="1" maxrange="12" />
    </TypeArray>
    <TypeSimple name="T_CAA_COUNT" size="4" swapsize="4" typeclass="UDInt" iecname="CAA.COUNT" aliasedtype="T_UDINT" aliasediecname="UDINT" />
    <TypeSimple name="T_CAA_PVOID" size="4" swapsize="4" typeclass="DWord" iecname="CAA.PVOID" aliasedtype="T_DWORD" aliasediecname="DWORD" />
    <TypeSimple name="T_CAA_TICK" size="4" swapsize="4" typeclass="UDInt" iecname="CAA.TICK" aliasedtype="T_UDINT" aliasediecname="UDINT" />
    <TypeUserDef name="T_CANOPEN_KERNEL_ERROR" size="2" nativesize="2" swapsize="2" typeclass="Enum" iecname="CANOPEN_KERNEL_ERROR" basetype="T_WORD">
      <UserDefElement type="T_CANOPEN_KERNEL_ERROR" iecname="CANOPEN_KERNEL_NO_ERROR" enumvalue="0" />
      <UserDefElement type="T_CANOPEN_KERNEL_ERROR" iecname="CANOPEN_KERNEL_OTHER_ERROR" enumvalue="1" />
      <UserDefElement type="T_CANOPEN_KERNEL_ERROR" iecname="CANOPEN_KERNEL_DATA_OVERFLOW" enumvalue="2" />
      <UserDefElement type="T_CANOPEN_KERNEL_ERROR" iecname="CANOPEN_KERNEL_TIMEOUT" enumvalue="3" />
      <UserDefElement type="T_CANOPEN_KERNEL_ERROR" iecname="CANOPEN_KERNEL_CANBUS_OFF" enumvalue="16" />
      <UserDefElement type="T_CANOPEN_KERNEL_ERROR" iecname="CANOPEN_KERNEL_CAN_ERROR_PASSIVE" enumvalue="17" />
      <UserDefElement type="T_CANOPEN_KERNEL_ERROR" iecname="CANOPEN_INTERNAL_FB_ERROR" enumvalue="33" />
      <UserDefElement type="T_CANOPEN_KERNEL_ERROR" iecname="CANOPEN_NO_MORE_MEMORY" enumvalue="34" />
      <UserDefElement type="T_CANOPEN_KERNEL_ERROR" iecname="CANOPEN_WRONG_PARAMETER" enumvalue="35" />
      <UserDefElement type="T_CANOPEN_KERNEL_ERROR" iecname="CANOPEN_NODEID_UNKNOWN" enumvalue="36" />
      <UserDefElement type="T_CANOPEN_KERNEL_ERROR" iecname="CANOPEN_NETID_UNKNOWN" enumvalue="37" />
      <UserDefElement type="T_CANOPEN_KERNEL_ERROR" iecname="CANOPEN_REQUEST_ERROR" enumvalue="38" />
      <UserDefElement type="T_CANOPEN_KERNEL_ERROR" iecname="CANOPEN_SDOCHANNEL_UNKNOWN" enumvalue="39" />
      <UserDefElement type="T_CANOPEN_KERNEL_ERROR" iecname="CANOPEN_NO_DRIVER" enumvalue="40" />
      <UserDefElement type="T_CANOPEN_KERNEL_ERROR" iecname="CANOPEN_CONFIGURATION_ERROR" enumvalue="41" />
      <UserDefElement type="T_CANOPEN_KERNEL_ERROR" iecname="CANOPEN_GUARDING_ERROR" enumvalue="42" />
    </TypeUserDef>
    <TypeUserDef name="T_ERROR" size="2" nativesize="2" swapsize="2" typeclass="Enum" iecname="ERROR" basetype="T_INT">
      <UserDefElement type="T_ERROR" iecname="NO_ERROR" enumvalue="0" />
      <UserDefElement type="T_ERROR" iecname="FIRST_ERROR" enumvalue="10400" />
      <UserDefElement type="T_ERROR" iecname="TIME_OUT" enumvalue="10401" />
      <UserDefElement type="T_ERROR" iecname="NOT_OPEN" enumvalue="10404" />
      <UserDefElement type="T_ERROR" iecname="ALREADY_OPEN" enumvalue="10405" />
      <UserDefElement type="T_ERROR" iecname="ALREADY_CLOSE" enumvalue="10406" />
      <UserDefElement type="T_ERROR" iecname="REQUEST_ERROR" enumvalue="10407" />
      <UserDefElement type="T_ERROR" iecname="WRONG_PARAMETER" enumvalue="10408" />
      <UserDefElement type="T_ERROR" iecname="NODEID_UNKNOWN" enumvalue="10409" />
      <UserDefElement type="T_ERROR" iecname="SDOCHANNEL_UNKNOWN" enumvalue="10410" />
      <UserDefElement type="T_ERROR" iecname="INTERNAL_ERROR" enumvalue="10411" />
      <UserDefElement type="T_ERROR" iecname="NOT_ENOUGH_MEMORY" enumvalue="10412" />
      <UserDefElement type="T_ERROR" iecname="ABORT_BY_SERVER" enumvalue="10413" />
      <UserDefElement type="T_ERROR" iecname="INVALID_SEQUENCE_NUMBER" enumvalue="10414" />
      <UserDefElement type="T_ERROR" iecname="INVALID_BLOCKSIZE" enumvalue="10415" />
      <UserDefElement type="T_ERROR" iecname="CRC_ERROR" enumvalue="10416" />
      <UserDefElement type="T_ERROR" iecname="FIRST_MF" enumvalue="10450" />
      <UserDefElement type="T_ERROR" iecname="LAST_ERROR" enumvalue="10499" />
    </TypeUserDef>
    <TypeSimple name="T_POINTER_TO_BYTE" size="4" swapsize="4" typeclass="Pointer" iecname="POINTER TO BYTE" />
    <TypeUserDef name="T_PROC_CMD" size="2" nativesize="2" swapsize="2" typeclass="Enum" iecname="PROC_CMD" basetype="T_INT">
      <UserDefElement type="T_PROC_CMD" iecname="NONE" enumvalue="0" />
      <UserDefElement type="T_PROC_CMD" iecname="EXECUTE" enumvalue="1" />
      <UserDefElement type="T_PROC_CMD" iecname="ABORT" enumvalue="2" />
    </TypeUserDef>
    <TypeUserDef name="T_PROC_STATE" size="2" nativesize="2" swapsize="2" typeclass="Enum" iecname="PROC_STATE" basetype="T_INT">
      <UserDefElement type="T_PROC_STATE" iecname="DORMANT" enumvalue="0" />
      <UserDefElement type="T_PROC_STATE" iecname="BUSY" enumvalue="1" />
      <UserDefElement type="T_PROC_STATE" iecname="DONE" enumvalue="2" />
      <UserDefElement type="T_PROC_STATE" iecname="ABORTED" enumvalue="3" />
      <UserDefElement type="T_PROC_STATE" iecname="ERROR" enumvalue="4" />
    </TypeUserDef>
    <TypeUserDef name="T_PU_PWM_Data" size="4" nativesize="4" typeclass="Userdef" pouclass="STRUCTURE" iecname="PU_PWM_Data">
      <UserDefElement iecname="uiWidth" type="T_UINT" byteoffset="0" vartype="VAR" />
      <UserDefElement iecname="uiDuty" type="T_UINT" byteoffset="2" vartype="VAR" />
    </TypeUserDef>
    <TypeSimple name="T_REFERENCE_TO_UDINT_REF" size="4" swapsize="4" typeclass="Reference" iecname="REFERENCE TO UDINT_REF" basetype="T_UDINT" />
    <TypeSimple name="T_SDO_ERROR" size="4" swapsize="4" typeclass="UDInt" iecname="SDO_ERROR" aliasedtype="T_UDINT" aliasediecname="UDINT" />
    <TypeUserDef name="T_SDO_MODE" size="2" nativesize="2" swapsize="2" typeclass="Enum" iecname="SDO_MODE" basetype="T_INT">
      <UserDefElement type="T_SDO_MODE" iecname="AUTO" enumvalue="0" />
      <UserDefElement type="T_SDO_MODE" iecname="EXPEDITED" enumvalue="1" />
      <UserDefElement type="T_SDO_MODE" iecname="SEGMENTED" enumvalue="2" />
      <UserDefElement type="T_SDO_MODE" iecname="BLOCK" enumvalue="3" />
    </TypeUserDef>
    <TypeUserDef name="T_SDO_MODE_1" size="2" nativesize="2" swapsize="2" typeclass="Enum" iecname="SDO_MODE" basetype="T_INT">
      <UserDefElement type="T_SDO_MODE_1" iecname="AUTO" enumvalue="0" />
      <UserDefElement type="T_SDO_MODE_1" iecname="EXPEDITED" enumvalue="1" />
      <UserDefElement type="T_SDO_MODE_1" iecname="SEGMENTED" enumvalue="2" />
      <UserDefElement type="T_SDO_MODE_1" iecname="BLOCK" enumvalue="3" />
    </TypeUserDef>
    <TypeSimple name="T_USINT__0__127_" size="1" swapsize="1" typeclass="Subrange" iecname="USINT (0..127)" />
    <TypeUserDef name="T_eAXIS_FB_ERROR" size="2" nativesize="2" swapsize="2" typeclass="Enum" iecname="eAXIS_FB_ERROR" basetype="T_INT">
      <UserDefElement type="T_eAXIS_FB_ERROR" iecname="NO_ERROR" enumvalue="0" />
      <UserDefElement type="T_eAXIS_FB_ERROR" iecname="AXIS_NOT_READY" enumvalue="1" />
      <UserDefElement type="T_eAXIS_FB_ERROR" iecname="AXIS_BUFFER_FULL" enumvalue="2" />
      <UserDefElement type="T_eAXIS_FB_ERROR" iecname="AXIS_MOTION_ERROR" enumvalue="3" />
      <UserDefElement type="T_eAXIS_FB_ERROR" iecname="AXIS_HOMING_ERROR" enumvalue="4" />
      <UserDefElement type="T_eAXIS_FB_ERROR" iecname="AXIS_TRANSITION_ERROR" enumvalue="5" />
      <UserDefElement type="T_eAXIS_FB_ERROR" iecname="FB_RUNTIME_ERROR" enumvalue="6" />
    </TypeUserDef>
    <TypeUserDef name="T_eAXIS_STATE" size="2" nativesize="2" swapsize="2" typeclass="Enum" iecname="eAXIS_STATE" basetype="T_INT">
      <UserDefElement type="T_eAXIS_STATE" iecname="Disabled" enumvalue="0" />
      <UserDefElement type="T_eAXIS_STATE" iecname="Standstill" enumvalue="1" />
      <UserDefElement type="T_eAXIS_STATE" iecname="Discrete" enumvalue="2" />
      <UserDefElement type="T_eAXIS_STATE" iecname="Continuous" enumvalue="3" />
      <UserDefElement type="T_eAXIS_STATE" iecname="Synchronized" enumvalue="4" />
      <UserDefElement type="T_eAXIS_STATE" iecname="Homing" enumvalue="5" />
      <UserDefElement type="T_eAXIS_STATE" iecname="Stopping" enumvalue="6" />
      <UserDefElement type="T_eAXIS_STATE" iecname="QStopping" enumvalue="7" />
      <UserDefElement type="T_eAXIS_STATE" iecname="ErrorStop" enumvalue="8" />
    </TypeUserDef>
    <TypeUserDef name="T_stAxis_Mapping_In" size="24" nativesize="24" typeclass="Userdef" pouclass="STRUCTURE" iecname="stAxis_Mapping_In">
      <UserDefElement iecname="DI_B0" type="T_USINT" byteoffset="0" vartype="VAR" />
      <UserDefElement iecname="ModeOpDisp" type="T_SINT" byteoffset="1" vartype="VAR" />
      <UserDefElement iecname="Statusword" type="T_UINT" byteoffset="2" vartype="VAR" />
      <UserDefElement iecname="PositionActual" type="T_DINT" byteoffset="4" vartype="VAR" />
      <UserDefElement iecname="VelocityActual" type="T_DINT" byteoffset="8" vartype="VAR" />
      <UserDefElement iecname="PositionDemandInternal" type="T_DINT" byteoffset="12" vartype="VAR" />
      <UserDefElement iecname="DO_Status_B0" type="T_USINT" byteoffset="16" vartype="VAR" />
      <UserDefElement iecname="CAP_Status_B0" type="T_USINT" byteoffset="17" vartype="VAR" />
      <UserDefElement iecname="ErrorCode" type="T_UINT" byteoffset="18" vartype="VAR" />
      <UserDefElement iecname="AddlPositionActual" type="T_DINT" byteoffset="20" vartype="VAR" />
    </TypeUserDef>
    <TypeUserDef name="T_stAxis_Mapping_Out" size="24" nativesize="24" typeclass="Userdef" pouclass="STRUCTURE" iecname="stAxis_Mapping_Out">
      <UserDefElement iecname="DO_B0" type="T_USINT" byteoffset="0" vartype="VAR" />
      <UserDefElement iecname="ModeOp" type="T_SINT" byteoffset="1" vartype="VAR" />
      <UserDefElement iecname="Controlword" type="T_UINT" byteoffset="2" vartype="VAR" />
      <UserDefElement iecname="TargetVelocity" type="T_DINT" byteoffset="4" vartype="VAR" />
      <UserDefElement iecname="TargetPosition" type="T_DINT" byteoffset="8" vartype="VAR" />
      <UserDefElement iecname="ProfileVelocity" type="T_UDINT" byteoffset="12" vartype="VAR" />
      <UserDefElement iecname="ProfileAcc" type="T_UDINT" byteoffset="16" vartype="VAR" />
      <UserDefElement iecname="ProfileDec" type="T_UDINT" byteoffset="20" vartype="VAR" />
    </TypeUserDef>
    <TypeUserDef name="T_stAxis_Torque_In" size="2" nativesize="2" typeclass="Userdef" pouclass="STRUCTURE" iecname="stAxis_Torque_In">
      <UserDefElement iecname="Torque_Demand" type="T_SINT" byteoffset="0" vartype="VAR" />
      <UserDefElement iecname="Torque_Actual" type="T_SINT" byteoffset="1" vartype="VAR" />
    </TypeUserDef>
    <TypeUserDef name="T_stAxis_Torque_Out" size="8" nativesize="5" typeclass="Userdef" pouclass="STRUCTURE" iecname="stAxis_Torque_Out">
      <UserDefElement iecname="Target_Torque" type="T_SINT" byteoffset="0" vartype="VAR" />
      <UserDefElement iecname="Torque_Slope" type="T_UDINT" byteoffset="4" vartype="VAR" />
    </TypeUserDef>
    <TypeUserDef name="T_CiA405Base" size="34" nativesize="40" typeclass="Userdef" pouclass="FUNCTION_BLOCK" iecname="CiA405Base">
      <UserDefElement iecname="NETWORK" type="T_USINT" byteoffset="0" vartype="VAR_INPUT" />
      <UserDefElement iecname="ENABLE" type="T_BOOL" byteoffset="1" vartype="VAR_INPUT" />
      <UserDefElement iecname="TIMEOUT" type="T_UDINT" byteoffset="4" vartype="VAR_INPUT" />
      <UserDefElement iecname="CONFIRM" type="T_BOOL" byteoffset="8" vartype="VAR_OUTPUT" />
      <UserDefElement iecname="ERROR" type="T_CANOPEN_KERNEL_ERROR" byteoffset="10" vartype="VAR_OUTPUT" />
      <UserDefElement iecname="xPreviousEnable" type="T_BOOL" byteoffset="12" vartype="VAR" />
      <UserDefElement iecname="xAbortInProgress" type="T_BOOL" byteoffset="13" vartype="VAR" />
      <UserDefElement iecname="xBusy" type="T_BOOL" byteoffset="14" vartype="VAR" />
      <UserDefElement iecname="tkStart" type="T_CAA_TICK" byteoffset="16" vartype="VAR" />
      <UserDefElement iecname="tkTimeOut" type="T_CAA_TICK" byteoffset="20" vartype="VAR" />
      <UserDefElement iecname="tkActTime" type="T_CAA_TICK" byteoffset="24" vartype="VAR" />
      <UserDefElement iecname="eProcState" type="T_PROC_STATE" byteoffset="28" vartype="VAR" />
      <UserDefElement iecname="eProcCmd" type="T_PROC_CMD" byteoffset="30" vartype="VAR" />
      <UserDefElement iecname="eError" type="T_ERROR" byteoffset="32" vartype="VAR" />
    </TypeUserDef>
    <TypeSimple name="T_DEVICE" size="1" swapsize="1" typeclass="Subrange" iecname="DEVICE" aliasedtype="T_USINT__0__127_" aliasediecname="USINT (0..127)" />
    <TypeUserDef name="T_SDO_READ" size="28" nativesize="64" typeclass="Userdef" pouclass="STRUCTURE" iecname="SDO_READ">
      <UserDefElement iecname="usiNodeId" type="T_USINT" byteoffset="0" vartype="VAR" />
      <UserDefElement iecname="usiChannel" type="T_USINT" byteoffset="1" vartype="VAR" />
      <UserDefElement iecname="uiIndex" type="T_UINT" byteoffset="2" vartype="VAR" />
      <UserDefElement iecname="usiSubIndex" type="T_USINT" byteoffset="4" vartype="VAR" />
      <UserDefElement iecname="xUseSpecificTimeout" type="T_BOOL" byteoffset="5" vartype="VAR" />
      <UserDefElement iecname="xBlockTransfer" type="T_BOOL" byteoffset="6" vartype="VAR" />
      <UserDefElement iecname="usiPST" type="T_USINT" byteoffset="7" vartype="VAR" />
      <UserDefElement iecname="uiState" type="T_UINT" byteoffset="8" vartype="VAR" />
      <UserDefElement iecname="xLegacyCRC" type="T_BOOL" byteoffset="10" vartype="VAR" />
      <UserDefElement iecname="xDummy" type="T_BOOL" byteoffset="11" vartype="VAR" />
      <UserDefElement iecname="udiSize" type="T_UDINT" byteoffset="12" vartype="VAR" />
      <UserDefElement iecname="pData" type="T_CAA_PVOID" byteoffset="16" vartype="VAR" />
      <UserDefElement iecname="udiAbortCode" type="T_UDINT" byteoffset="20" vartype="VAR" />
      <UserDefElement iecname="ctTimeout" type="T_CAA_COUNT" byteoffset="24" vartype="VAR" />
    </TypeUserDef>
    <TypeUserDef name="T_SDO_WRITE" size="28" nativesize="64" typeclass="Userdef" pouclass="STRUCTURE" iecname="SDO_WRITE">
      <UserDefElement iecname="usiNodeId" type="T_USINT" byteoffset="0" vartype="VAR" />
      <UserDefElement iecname="usiChannel" type="T_USINT" byteoffset="1" vartype="VAR" />
      <UserDefElement iecname="uiIndex" type="T_UINT" byteoffset="2" vartype="VAR" />
      <UserDefElement iecname="usiSubIndex" type="T_USINT" byteoffset="4" vartype="VAR" />
      <UserDefElement iecname="xUseSpecificTimeout" type="T_BOOL" byteoffset="5" vartype="VAR" />
      <UserDefElement iecname="eMode" type="T_SDO_MODE_1" byteoffset="6" vartype="VAR" />
      <UserDefElement iecname="uiState" type="T_UINT" byteoffset="8" vartype="VAR" />
      <UserDefElement iecname="xLegacyCRC" type="T_BOOL" byteoffset="10" vartype="VAR" />
      <UserDefElement iecname="xDummy" type="T_BOOL" byteoffset="11" vartype="VAR" />
      <UserDefElement iecname="udiSize" type="T_UDINT" byteoffset="12" vartype="VAR" />
      <UserDefElement iecname="pData" type="T_CAA_PVOID" byteoffset="16" vartype="VAR" />
      <UserDefElement iecname="udiAbortCode" type="T_UDINT" byteoffset="20" vartype="VAR" />
      <UserDefElement iecname="ctTimeout" type="T_CAA_COUNT" byteoffset="24" vartype="VAR" />
    </TypeUserDef>
    <TypeUserDef name="T_unAXIS_VAR_IN" size="0" nativesize="24" typeclass="Userdef" pouclass="UNION" iecname="unAXIS_VAR_IN">
      <UserDefElement iecname="Obj" type="T_stAxis_Mapping_In" byteoffset="-1" vartype="VAR" />
      <UserDefElement iecname="Reg" type="T_ARRAY__1__12__OF_WORD" byteoffset="-1" vartype="VAR" />
    </TypeUserDef>
    <TypeUserDef name="T_unAXIS_VAR_OUT" size="0" nativesize="24" typeclass="Userdef" pouclass="UNION" iecname="unAXIS_VAR_OUT">
      <UserDefElement iecname="Obj" type="T_stAxis_Mapping_Out" byteoffset="-1" vartype="VAR" />
      <UserDefElement iecname="Reg" type="T_ARRAY__1__12__OF_WORD" byteoffset="-1" vartype="VAR" />
    </TypeUserDef>
    <TypeUserDef name="T_AXIS_REF_LITE" size="22" nativesize="72" typeclass="Userdef" pouclass="FUNCTION_BLOCK" iecname="AXIS_REF_LITE">
      <UserDefElement iecname="_Delay_Cycles" type="T_BYTE" byteoffset="0" vartype="VAR_INPUT" />
      <UserDefElement iecname="_CMPT_PV" type="T_BOOL" byteoffset="1" vartype="VAR_INPUT" />
      <UserDefElement iecname="Mapping_Q" type="T_unAXIS_VAR_OUT" byteoffset="2" vartype="VAR_INPUT" />
      <UserDefElement iecname="Torque_Q" type="T_stAxis_Torque_Out" byteoffset="4" vartype="VAR_INPUT" />
      <UserDefElement iecname="Mapping_I" type="T_unAXIS_VAR_IN" byteoffset="12" vartype="VAR_OUTPUT" />
      <UserDefElement iecname="Torque_I" type="T_stAxis_Torque_In" byteoffset="12" vartype="VAR_OUTPUT" />
      <UserDefElement iecname="_MC_Status" type="T_eAXIS_STATE" byteoffset="14" vartype="VAR" />
      <UserDefElement iecname="Ready" type="T_BOOL" byteoffset="16" vartype="VAR" />
      <UserDefElement iecname="Self_Err_QS" type="T_BOOL" byteoffset="17" vartype="VAR" />
      <UserDefElement iecname="curr_cmd_num" type="T_BYTE" byteoffset="18" vartype="VAR" />
      <UserDefElement iecname="pos_cmd_reg" type="T_BYTE" byteoffset="19" vartype="VAR" />
      <UserDefElement iecname="pos_cmd_in" type="T_BYTE" byteoffset="20" vartype="VAR" />
      <UserDefElement iecname="pos_cmd_out" type="T_BYTE" byteoffset="21" vartype="VAR" />
    </TypeUserDef>
    <TypeUserDef name="T_SDO_READ_DATA" size="116" nativesize="192" typeclass="Userdef" pouclass="FUNCTION_BLOCK" iecname="SDO_READ_DATA" basetype="T_CiA405Base">
      <UserDefElement iecname="NETWORK" type="T_USINT" byteoffset="0" vartype="VAR_INPUT" inherited_from="T_CiA405Base" />
      <UserDefElement iecname="ENABLE" type="T_BOOL" byteoffset="1" vartype="VAR_INPUT" inherited_from="T_CiA405Base" />
      <UserDefElement iecname="TIMEOUT" type="T_UDINT" byteoffset="4" vartype="VAR_INPUT" inherited_from="T_CiA405Base" />
      <UserDefElement iecname="CONFIRM" type="T_BOOL" byteoffset="8" vartype="VAR_OUTPUT" inherited_from="T_CiA405Base" />
      <UserDefElement iecname="ERROR" type="T_CANOPEN_KERNEL_ERROR" byteoffset="10" vartype="VAR_OUTPUT" inherited_from="T_CiA405Base" />
      <UserDefElement iecname="xPreviousEnable" type="T_BOOL" byteoffset="12" vartype="VAR" inherited_from="T_CiA405Base" />
      <UserDefElement iecname="xAbortInProgress" type="T_BOOL" byteoffset="13" vartype="VAR" inherited_from="T_CiA405Base" />
      <UserDefElement iecname="xBusy" type="T_BOOL" byteoffset="14" vartype="VAR" inherited_from="T_CiA405Base" />
      <UserDefElement iecname="tkStart" type="T_CAA_TICK" byteoffset="16" vartype="VAR" inherited_from="T_CiA405Base" />
      <UserDefElement iecname="tkTimeOut" type="T_CAA_TICK" byteoffset="20" vartype="VAR" inherited_from="T_CiA405Base" />
      <UserDefElement iecname="tkActTime" type="T_CAA_TICK" byteoffset="24" vartype="VAR" inherited_from="T_CiA405Base" />
      <UserDefElement iecname="eProcState" type="T_PROC_STATE" byteoffset="28" vartype="VAR" inherited_from="T_CiA405Base" />
      <UserDefElement iecname="eProcCmd" type="T_PROC_CMD" byteoffset="30" vartype="VAR" inherited_from="T_CiA405Base" />
      <UserDefElement iecname="eError" type="T_ERROR" byteoffset="32" vartype="VAR" inherited_from="T_CiA405Base" />
      <UserDefElement iecname="DEVICE" type="T_DEVICE" byteoffset="34" vartype="VAR_INPUT" />
      <UserDefElement iecname="CHANNEL" type="T_USINT" byteoffset="35" vartype="VAR_INPUT" />
      <UserDefElement iecname="INDEX" type="T_WORD" byteoffset="36" vartype="VAR_INPUT" />
      <UserDefElement iecname="SUBINDEX" type="T_BYTE" byteoffset="38" vartype="VAR_INPUT" />
      <UserDefElement iecname="MODE" type="T_SDO_MODE" byteoffset="40" vartype="VAR_INPUT" />
      <UserDefElement iecname="DATA" type="T_POINTER_TO_BYTE" byteoffset="44" vartype="VAR_INPUT" />
      <UserDefElement iecname="DATALENGTH" type="T_UDINT" byteoffset="48" vartype="VAR_IN_OUT" />
      <UserDefElement iecname="ERRORINFO" type="T_SDO_ERROR" byteoffset="52" vartype="VAR_OUTPUT" />
      <UserDefElement iecname="SDO" type="T_SDO_READ" byteoffset="56" vartype="VAR" />
      <UserDefElement iecname="PermissionRequestSDO" type="T_SDO_READ" byteoffset="84" vartype="VAR" />
      <UserDefElement iecname="usiSDOPermitted" type="T_USINT" byteoffset="112" vartype="VAR" />
      <UserDefElement iecname="ePermissionRequest" type="T_PROC_STATE" byteoffset="114" vartype="VAR" />
    </TypeUserDef>
    <TypeUserDef name="T_SDO_WRITE_DATA" size="115" nativesize="192" typeclass="Userdef" pouclass="FUNCTION_BLOCK" iecname="SDO_WRITE_DATA" basetype="T_CiA405Base">
      <UserDefElement iecname="NETWORK" type="T_USINT" byteoffset="0" vartype="VAR_INPUT" inherited_from="T_CiA405Base" />
      <UserDefElement iecname="ENABLE" type="T_BOOL" byteoffset="1" vartype="VAR_INPUT" inherited_from="T_CiA405Base" />
      <UserDefElement iecname="TIMEOUT" type="T_UDINT" byteoffset="4" vartype="VAR_INPUT" inherited_from="T_CiA405Base" />
      <UserDefElement iecname="CONFIRM" type="T_BOOL" byteoffset="8" vartype="VAR_OUTPUT" inherited_from="T_CiA405Base" />
      <UserDefElement iecname="ERROR" type="T_CANOPEN_KERNEL_ERROR" byteoffset="10" vartype="VAR_OUTPUT" inherited_from="T_CiA405Base" />
      <UserDefElement iecname="xPreviousEnable" type="T_BOOL" byteoffset="12" vartype="VAR" inherited_from="T_CiA405Base" />
      <UserDefElement iecname="xAbortInProgress" type="T_BOOL" byteoffset="13" vartype="VAR" inherited_from="T_CiA405Base" />
      <UserDefElement iecname="xBusy" type="T_BOOL" byteoffset="14" vartype="VAR" inherited_from="T_CiA405Base" />
      <UserDefElement iecname="tkStart" type="T_CAA_TICK" byteoffset="16" vartype="VAR" inherited_from="T_CiA405Base" />
      <UserDefElement iecname="tkTimeOut" type="T_CAA_TICK" byteoffset="20" vartype="VAR" inherited_from="T_CiA405Base" />
      <UserDefElement iecname="tkActTime" type="T_CAA_TICK" byteoffset="24" vartype="VAR" inherited_from="T_CiA405Base" />
      <UserDefElement iecname="eProcState" type="T_PROC_STATE" byteoffset="28" vartype="VAR" inherited_from="T_CiA405Base" />
      <UserDefElement iecname="eProcCmd" type="T_PROC_CMD" byteoffset="30" vartype="VAR" inherited_from="T_CiA405Base" />
      <UserDefElement iecname="eError" type="T_ERROR" byteoffset="32" vartype="VAR" inherited_from="T_CiA405Base" />
      <UserDefElement iecname="DEVICE" type="T_DEVICE" byteoffset="34" vartype="VAR_INPUT" />
      <UserDefElement iecname="CHANNEL" type="T_USINT" byteoffset="35" vartype="VAR_INPUT" />
      <UserDefElement iecname="INDEX" type="T_WORD" byteoffset="36" vartype="VAR_INPUT" />
      <UserDefElement iecname="SUBINDEX" type="T_BYTE" byteoffset="38" vartype="VAR_INPUT" />
      <UserDefElement iecname="MODE" type="T_SDO_MODE" byteoffset="40" vartype="VAR_INPUT" />
      <UserDefElement iecname="DATA" type="T_POINTER_TO_BYTE" byteoffset="44" vartype="VAR_INPUT" />
      <UserDefElement iecname="DATALENGTH" type="T_UDINT" byteoffset="48" vartype="VAR_INPUT" />
      <UserDefElement iecname="ERRORINFO" type="T_SDO_ERROR" byteoffset="52" vartype="VAR_OUTPUT" />
      <UserDefElement iecname="SDO" type="T_SDO_WRITE" byteoffset="56" vartype="VAR" />
      <UserDefElement iecname="PermissionRequestSDO" type="T_SDO_READ" byteoffset="84" vartype="VAR" />
      <UserDefElement iecname="ePermissionRequest" type="T_PROC_STATE" byteoffset="112" vartype="VAR" />
      <UserDefElement iecname="usiSDOPermitted" type="T_USINT" byteoffset="114" vartype="VAR" />
    </TypeUserDef>
    <TypeSimple name="T_REFERENCE_TO_AXIS_REF_LITE_REF" size="22" swapsize="0" typeclass="Reference" iecname="REFERENCE TO AXIS_REF_LITE_REF" basetype="T_AXIS_REF_LITE" />
    <TypeSimple name="T_REFERENCE_TO_AXIS_REF_LITE_REF_1" size="22" swapsize="0" typeclass="Reference" iecname="REFERENCE TO AXIS_REF_LITE_REF" basetype="T_AXIS_REF_LITE" />
    <TypeUserDef name="T_MC_Power" size="35" nativesize="24" typeclass="Userdef" pouclass="FUNCTION_BLOCK" iecname="MC_Power">
      <UserDefElement iecname="Axis" type="T_AXIS_REF_LITE" byteoffset="0" vartype="VAR_IN_OUT" />
      <UserDefElement iecname="Enable" type="T_BOOL" byteoffset="22" vartype="VAR_INPUT" />
      <UserDefElement iecname="RegulatorOn" type="T_BOOL" byteoffset="23" vartype="VAR_INPUT" />
      <UserDefElement iecname="DriveStart" type="T_BOOL" byteoffset="24" vartype="VAR_INPUT" />
      <UserDefElement iecname="Status" type="T_BOOL" byteoffset="25" vartype="VAR_OUTPUT" />
      <UserDefElement iecname="RegulatorRealState" type="T_BOOL" byteoffset="26" vartype="VAR_OUTPUT" />
      <UserDefElement iecname="DriveStartRealState" type="T_BOOL" byteoffset="27" vartype="VAR_OUTPUT" />
      <UserDefElement iecname="Busy" type="T_BOOL" byteoffset="28" vartype="VAR_OUTPUT" />
      <UserDefElement iecname="Error" type="T_BOOL" byteoffset="29" vartype="VAR_OUTPUT" />
      <UserDefElement iecname="ErrorID" type="T_eAXIS_FB_ERROR" byteoffset="30" vartype="VAR_OUTPUT" />
      <UserDefElement iecname="Statusword" type="T_UINT" byteoffset="32" vartype="VAR" />
      <UserDefElement iecname="TranStateWait" type="T_BOOL" byteoffset="34" vartype="VAR" />
    </TypeUserDef>
    <TypeUserDef name="T_MC_Reset" size="40" nativesize="48" typeclass="Userdef" pouclass="FUNCTION_BLOCK" iecname="MC_Reset">
      <UserDefElement iecname="Axis" type="T_AXIS_REF_LITE" byteoffset="0" vartype="VAR_IN_OUT" />
      <UserDefElement iecname="Execute" type="T_BOOL" byteoffset="22" vartype="VAR_INPUT" />
      <UserDefElement iecname="Done" type="T_BOOL" byteoffset="23" vartype="VAR_OUTPUT" />
      <UserDefElement iecname="Busy" type="T_BOOL" byteoffset="24" vartype="VAR_OUTPUT" />
      <UserDefElement iecname="Error" type="T_BOOL" byteoffset="25" vartype="VAR_OUTPUT" />
      <UserDefElement iecname="ErrorID" type="T_eAXIS_FB_ERROR" byteoffset="26" vartype="VAR_OUTPUT" />
      <UserDefElement iecname="State" type="T_BYTE" byteoffset="28" vartype="VAR" />
      <UserDefElement iecname="tmpDeceleration" type="T_UDINT" byteoffset="32" vartype="VAR" />
      <UserDefElement iecname="curr_cmd_num" type="T_BYTE" byteoffset="36" vartype="VAR" />
      <UserDefElement iecname="wait_cnt" type="T_WORD" byteoffset="38" vartype="VAR" />
    </TypeUserDef>
  </TypeList>
  <NodeList>
    <Node name="Application">
      <Node name="PLC_PRG">
        <Node name="Axis_0" type="T_AXIS_REF_LITE" access="ReadWrite" />
        <Node name="bSubIndex" type="T_BYTE" access="ReadWrite" />
        <Node name="diEncoder_Position" type="T_DINT" access="ReadWrite" />
        <Node name="Power_0" type="T_MC_Power" access="ReadWrite" />
        <Node name="PWM_Parameter" type="T_PU_PWM_Data" access="ReadWrite" />
        <Node name="Reset_0" type="T_MC_Reset" access="ReadWrite" />
        <Node name="SDO_Read" type="T_SDO_READ_DATA" access="ReadWrite" />
        <Node name="SDO_Write" type="T_SDO_WRITE_DATA" access="ReadWrite" />
        <Node name="udiFrequency" type="T_UDINT" access="ReadWrite" />
        <Node name="udiFrequency_input" type="T_UDINT" access="ReadWrite" />
        <Node name="udiLength_R" type="T_UDINT" access="ReadWrite" />
        <Node name="udiLength_W" type="T_UDINT" access="ReadWrite" />
        <Node name="uiDuty" type="T_UINT" access="ReadWrite" />
        <Node name="usiNode_ID" type="T_USINT" access="ReadWrite" />
        <Node name="wIndex" type="T_WORD" access="ReadWrite" />
        <Node name="xEnable" type="T_BOOL" access="ReadWrite" />
        <Node name="xEnable_Read" type="T_BOOL" access="ReadWrite" />
        <Node name="xEnable_Write" type="T_BOOL" access="ReadWrite" />
        <Node name="xReset_Exe" type="T_BOOL" access="ReadWrite" />
        <Node name="xServo" type="T_BOOL" access="ReadWrite" />
      </Node>
    </Node>
  </NodeList>
</Symbolconfiguration>