<?xml version="1.0" encoding="utf-8"?>
<ExternalStrings>
	<Strings namespace="RTSLog_IoDrvEtherNetIP">
		<Language lang="en-en">
			<String identifier="ID_00010000">{Component}: Connection failure. ({GeneralCode})&#10;Extended Status: {ExtendedCode}</String>
			<String identifier="ID_00010100">{Component}: Connection failure. ({GeneralCode})&#10;Extended Status: Duplicate forward open. ({ExtendedCode})</String>
			<String identifier="ID_00010103">{Component}: Connection failure. ({GeneralCode})&#10;Extended Status: Transportclass-trigger not supported. ({ExtendedCode})</String>
			<String identifier="ID_00010106">{Component}: Connection failure. ({GeneralCode})&#10;Extended Status: Ownership conflict. ({ExtendedCode})</String>
			<String identifier="ID_00010107">{Component}: Connection failure. ({GeneralCode})&#10;Extended Status: Target connection not found. ({ExtendedCode})</String>
			<String identifier="ID_00010108">{Component}: Connection failure. ({GeneralCode})&#10;Extended Status: Invalid network connection parameter. ({ExtendedCode})</String>
			<String identifier="ID_00010109">{Component}: Connection failure. ({GeneralCode})&#10;Extended Status: Invalid connection size. ({ExtendedCode})</String>
			<String identifier="ID_00010110">{Component}: Connection failure. ({GeneralCode})&#10;Extended Status: Target for connection not configured. ({ExtendedCode})</String>
			<String identifier="ID_00010111">{Component}: Connection failure. ({GeneralCode})&#10;Extended Status: RPI not supported. ({ExtendedCode})</String>
			<String identifier="ID_00010113">{Component}: Connection failure. ({GeneralCode})&#10;Extended Status: Out of connections. ({ExtendedCode})</String>
			<String identifier="ID_00010114">{Component}: Connection failure. ({GeneralCode})&#10;Extended Status: Vendor ID or product code missmatch. ({ExtendedCode})</String>
			<String identifier="ID_00010115">{Component}: Connection failure. ({GeneralCode})&#10;Extended Status: Device Type missmatch. ({ExtendedCode})</String>
			<String identifier="ID_00010116">{Component}: Connection failure. ({GeneralCode})&#10;Extended Status: Revision missmatch. ({ExtendedCode})</String>
			<String identifier="ID_00010117">{Component}: Connection failure. ({GeneralCode})&#10;Extended Status: Invalid path. ({ExtendedCode})</String>
			<String identifier="ID_00010118">{Component}: Connection failure. ({GeneralCode})&#10;Extended Status: Invalid configuration path. ({ExtendedCode})</String>
			<String identifier="ID_00010119">{Component}: Connection failure. ({GeneralCode})&#10;Extended Status: Non listen only connection not opened. ({ExtendedCode})</String>
			<String identifier="ID_0001011A">{Component}: Connection failure. ({GeneralCode})&#10;Extended Status: Target object out of connections. ({ExtendedCode})</String>
			<String identifier="ID_0001011B">{Component}: Connection failure. ({GeneralCode})&#10;Extended Status: RPI smaller than production inhibit time. ({ExtendedCode})</String>
			<String identifier="ID_0001011C">{Component}: Connection failure. ({GeneralCode})&#10;Extended Status: Transport class not supported. ({ExtendedCode})</String>
			<String identifier="ID_0001011D">{Component}: Connection failure. ({GeneralCode})&#10;Extended Status: Production trigger not supported. ({ExtendedCode})</String>
			<String identifier="ID_0001011E">{Component}: Connection failure. ({GeneralCode})&#10;Extended Status: Direction not supported. ({ExtendedCode})</String>
			<String identifier="ID_0001011F">{Component}: Connection failure. ({GeneralCode})&#10;Extended Status: Invalid O->T Fix/Var value. ({ExtendedCode})</String>
			<String identifier="ID_00010120">{Component}: Connection failure. ({GeneralCode})&#10;Extended Status: Invalid T->O Fix/Var value. ({ExtendedCode})</String>
			<String identifier="ID_00010121">{Component}: Connection failure. ({GeneralCode})&#10;Extended Status: Invalid O->T priority. ({ExtendedCode})</String>
			<String identifier="ID_00010122">{Component}: Connection failure. ({GeneralCode})&#10;Extended Status: Invalid T->O priority. ({ExtendedCode})</String>
			<String identifier="ID_00010123">{Component}: Connection failure. ({GeneralCode})&#10;Extended Status: Invalid O->T connection type. ({ExtendedCode})</String>
			<String identifier="ID_00010124">{Component}: Connection failure. ({GeneralCode})&#10;Extended Status: Invalid T->O connection type. ({ExtendedCode})</String>
			<String identifier="ID_00010125">{Component}: Connection failure. ({GeneralCode})&#10;Extended Status: Invalid O->T redundant owner flag. ({ExtendedCode})</String>
			<String identifier="ID_00010126">{Component}: Connection failure. ({GeneralCode})&#10;Extended Status: Invalid configuration size. ({ExtendedCode})</String>
			<String identifier="ID_00010127">{Component}: Connection failure. ({GeneralCode})&#10;Extended Status: Invalid O->T size. ({ExtendedCode})</String>
			<String identifier="ID_00010128">{Component}: Connection failure. ({GeneralCode})&#10;Extended Status: Invalid T->O size. ({ExtendedCode})</String>
			<String identifier="ID_00010129">{Component}: Connection failure. ({GeneralCode})&#10;Extended Status: Invalid configuration application path. ({ExtendedCode})</String>
			<String identifier="ID_0001012A">{Component}: Connection failure. ({GeneralCode})&#10;Extended Status: Invalid consuming application path. ({ExtendedCode})</String>
			<String identifier="ID_0001012B">{Component}: Connection failure. ({GeneralCode})&#10;Extended Status: Invalid producting application path. ({ExtendedCode})</String>
			<String identifier="ID_0001012C">{Component}: Connection failure. ({GeneralCode})&#10;Extended Status: Config symbol does not exist. ({ExtendedCode})</String>
			<String identifier="ID_0001012D">{Component}: Connection failure. ({GeneralCode})&#10;Extended Status: Consuming symbol does not exist. ({ExtendedCode})</String>
			<String identifier="ID_0001012E">{Component}: Connection failure. ({GeneralCode})&#10;Extended Status: Producing symbol does not exist. ({ExtendedCode})</String>
			<String identifier="ID_0001012F">{Component}: Connection failure. ({GeneralCode})&#10;Extended Status: Inconsistent application path combination. ({ExtendedCode})</String>
			<String identifier="ID_00010130">{Component}: Connection failure. ({GeneralCode})&#10;Extended Status: Inconsistent consume data format. ({ExtendedCode})</String>
			<String identifier="ID_00010131">{Component}: Connection failure. ({GeneralCode})&#10;Extended Status: Inconsistent produce data format. ({ExtendedCode})</String>
			<String identifier="ID_00010132">{Component}: Connection failure. ({GeneralCode})&#10;Extended Status: Null forward open not supported. ({ExtendedCode})</String>
			<String identifier="ID_00010133">{Component}: Connection failure. ({GeneralCode})&#10;Extended Status: Connection timeout multiplier not acceptable. ({ExtendedCode})</String>
			<String identifier="ID_00010203">{Component}: Connection failure. ({GeneralCode})&#10;Extended Status: Connection timed out. ({ExtendedCode})</String>
			<String identifier="ID_00010204">{Component}: Connection failure. ({GeneralCode})&#10;Extended Status: Unconnected request timed out. ({ExtendedCode})</String>
			<String identifier="ID_00010205">{Component}: Connection failure. ({GeneralCode})&#10;Extended Status: Parameter error in unconnected request. ({ExtendedCode})</String>
			<String identifier="ID_00010206">{Component}: Connection failure. ({GeneralCode})&#10;Extended Status: Message too large. ({ExtendedCode})</String>
			<String identifier="ID_00010207">{Component}: Connection failure. ({GeneralCode})&#10;Extended Status: Unconnected acknowledge without reply. ({ExtendedCode})</String>
			<String identifier="ID_00010301">{Component}: Connection failure. ({GeneralCode})&#10;Extended Status: No buffer memory available. ({ExtendedCode})</String>
			<String identifier="ID_00010302">{Component}: Connection failure. ({GeneralCode})&#10;Extended Status: Network bandwidth not available. ({ExtendedCode})</String>
			<String identifier="ID_00010311">{Component}: Connection failure. ({GeneralCode})&#10;Extended Status: Port not available. ({ExtendedCode})</String>
			<String identifier="ID_00010312">{Component}: Connection failure. ({GeneralCode})&#10;Extended Status: Link address not valid. ({ExtendedCode})</String>
			<String identifier="ID_00010315">{Component}: Connection failure. ({GeneralCode})&#10;Extended Status: Invalid segment in connection path. ({ExtendedCode})</String>
			<String identifier="ID_0001031C">{Component}: Connection failure. ({GeneralCode})&#10;Extended Status: Miscellaneous. ({ExtendedCode})</String>
			
			<String identifier="ID_00020000">{Component}: Resource unavailable. ({GeneralCode})&#10;Extended Status: {ExtendedCode}</String>
			<String identifier="ID_00030000">{Component}: Invalid attribute value. ({GeneralCode})&#10;Extended Status: {ExtendedCode}</String>
			<String identifier="ID_00040000">{Component}: Path segment error. ({GeneralCode})&#10;Extended Status: {ExtendedCode}</String>
			<String identifier="ID_00050000">{Component}: Path destination unknown. ({GeneralCode})&#10;Extended Status: {ExtendedCode}</String>
			<String identifier="ID_00060000">{Component}: Partial transfer. ({GeneralCode})&#10;Extended Status: {ExtendedCode}</String>
			<String identifier="ID_00090000">{Component}: Invalid parameter value. ({GeneralCode})&#10;Extended Status: {ExtendedCode}</String>
			<String identifier="ID_000A0000">{Component}: Attribute list error. ({GeneralCode})&#10;Extended Status: {ExtendedCode}</String>
			<String identifier="ID_000B0000">{Component}: Already in request state. ({GeneralCode})&#10;Extended Status: {ExtendedCode}</String>
			<String identifier="ID_000C0000">{Component}: Object state error. ({GeneralCode})&#10;Extended Status: {ExtendedCode}</String>
			<String identifier="ID_000D0000">{Component}: Object already exists. ({GeneralCode})&#10;Extended Status: {ExtendedCode}</String>
			<String identifier="ID_000E0000">{Component}: Attribute not settable. ({GeneralCode})&#10;Extended Status: {ExtendedCode}</String>
			<String identifier="ID_000F0000">{Component}: Privilege violation. ({GeneralCode})&#10;Extended Status: {ExtendedCode}</String>
			<String identifier="ID_00100000">{Component}: Device state error. ({GeneralCode})&#10;Extended Status: {ExtendedCode}</String>
			<String identifier="ID_00110000">{Component}: Reply data too large. ({GeneralCode})&#10;Extended Status: {ExtendedCode}</String>
			<String identifier="ID_00120000">{Component}: Fragmentation of value. ({GeneralCode})&#10;Extended Status: {ExtendedCode}</String>
			<String identifier="ID_00130000">{Component}: Not enough data. ({GeneralCode})&#10;Extended Status: {ExtendedCode}</String>
			<String identifier="ID_00140000">{Component}: Attribute not supported. ({GeneralCode})&#10;Extended Status: {ExtendedCode}</String>
			<String identifier="ID_00150000">{Component}: Too much data. ({GeneralCode})&#10;Extended Status: {ExtendedCode}</String>
			<String identifier="ID_00160000">{Component}: Object does not exist. ({GeneralCode})&#10;Extended Status: {ExtendedCode}</String>
			<String identifier="ID_00250000">{Component}: Key failure in path. ({GeneralCode})&#10;Extended Status: {ExtendedCode}</String>
			<String identifier="ID_00260000">{Component}: Path size invalid. ({GeneralCode})&#10;Extended Status: {ExtendedCode}</String>
			<String identifier="ID_002E0000">{Component}: Service not supported. ({GeneralCode})&#10;Extended Status: {ExtendedCode}</String>
			
			<String identifier="ID_00FFFFFF">{Component}: General Status: {GeneralCode}&#10;Extended Status: {ExtendedCode}</String>
			
			<String identifier="ID_01000001">{Component}: Sending UserParameter failed in line {ParameterUDINT}.</String>
			<String identifier="ID_01000002">{Component}: Bus Error: Connection to Adapter lost.</String>
			<String identifier="ID_01000003">{Component}: All ressources are released.</String>
			<String identifier="ID_01000004">{Component}: Too many outputs configured. Set Parameters.NumberOfOutputAssemblies to {ParameterUINT}</String>
			<String identifier="ID_01000005">{Component}: Too many inputs configured. Set Parameters.NumberOfInputAssemblies to {ParameterUINT}</String>
			<String identifier="ID_01000006">{Component}: Local EtherNet/IP Adapter found. Scanner supports class 1 connections, now.</String>
			<String identifier="ID_01000007">{Component}: No local EtherNet/IP Adapter found. Class 1 connections as target not supported.</String>
			<String identifier="ID_01000008">{Component}: Scan not possible. Update ethernet node >=3.5.11.0 or start the PLC.</String>
			<String identifier="ID_01000009">{Component}: Scan not possible. Check the configuration of the Ethernet node.</String>
			<String identifier="ID_0100000A">{Component}: Scan not possible. Scanner not running.</String>
			<String identifier="ID_0100000B">{Component}: Found device: VendorID: {VendorID}, DevType: {DeviceType}, Prod.Code: {ProdCode}, MajVers: {MajVers}</String>
			<String identifier="ID_0100000C">{Component}: Assem(ID,Size): ({AssemID}, {AssemSize})</String>
			
			<String identifier="ID_0100000D">{Component}: UpdateConfig Connector: {ConnectorID}</String>
			<String identifier="ID_0100000E">{Component}: Initialize ressources failed.</String>
			<String identifier="ID_0100000F">{Component}: Load parameters failed.</String>
			<String identifier="ID_01000010">{Component}: Failed to open connection with Connection Serial Number {SerialNumber}</String>
			<String identifier="ID_01000011">{Component}: {NumAdapter} Adapter(s) successfully loaded.</String>
		</Language>
	</Strings>
</ExternalStrings>
