<?xml version="1.0" encoding="utf-8"?>
<DeviceDescription xmlns="http://www.3s-software.com/schemas/DeviceDescription-1.0.xsd" xmlns:ts="http://www.3s-software.com/schemas/TargetSettings-0.1.xsd" xmlns:xsi="http://www.w3.org/2001/XMLSchema-instance">
  <Types namespace="localtype">
    <BitfieldType basetype="std:BYTE" name="SByte">
      <Component identifier="Bit0" type="std:BOOL">
        <Default />
        <VisibleName name="localtype:SByte.Bit0"> LV </VisibleName>
        <Description name="localtype:SByte.Bit0"> Low voltage-voltage range: 24VDC (-15%/+20%)</Description>
      </Component>
      <Component identifier="Bit1" type="std:BOOL">
        <Default />
        <VisibleName name="localtype:SByte.Bit1"> Module Disconnect</VisibleName>
        <Description name="localtype:SByte.Bit1"> I/O Module is disconnected form bus</Description>
      </Component>
      <Component identifier="Bit2" type="std:BOOL">
        <Default />
        <VisibleName name="localtype:SByte.Bit2"> I/O exchange error</VisibleName>
        <Description name="localtype:SByte.Bit2"> Device I/O exchange error </Description>
      </Component>
      <Component identifier="Bit3" type="std:BOOL">
        <Default />
        <VisibleName name="localtype:SByte.Bit3"> iBus initial fail </VisibleName>
      </Component>
      <Component identifier="Bit4" type="std:BOOL">
        <Default />
        <VisibleName name="localtype:SByte.Bit2"> RxLostFrame</VisibleName>
        <Description name="localtype:SByte.Bit2">Input update failed on current task cycle</Description>
      </Component>
      <Component identifier="Bit5" type="std:BOOL">
        <Default />
        <VisibleName name="localtype:SByte.Bit2"> TxLostFrame</VisibleName>
        <Description name="localtype:SByte.Bit2">Output update failed on previous task cycle</Description>
      </Component>
      <Component identifier="Bit6" type="std:BOOL">
        <Default />
        <VisibleName name="localtype:SByte.Bit6">BIT6</VisibleName>
      </Component>
      <Component identifier="Bit7" type="std:BOOL">
        <Default />
        <VisibleName name="localtype:SByte.Bit7"> Operation</VisibleName>
        <Description name="localtype:SByte.Bit7"> Device I/O exchange Operation </Description>
      </Component>
    </BitfieldType>
  </Types>
  <Strings namespace="local">
    <Language lang="en">
      <String identifier="ModelName">iBus</String>
      <String identifier="DeviceDescription">cMT-CTRL local fieldbus to iR Modules</String>
      <String identifier="VendorName">Weintek Labs., Inc.</String>
      <String identifier="typename">iBus</String>
      <String identifier="typedescription">cMT-CTRL local fieldbus to iR Modules</String>
    </Language>
  </Strings>
  <Device hideInCatalogue="false">
    <DeviceIdentification>
      <Type>257</Type>
      <Id>1001 0007</Id>
      <Version>1.0.1.0</Version>
    </DeviceIdentification>
    <DeviceInfo>
      <Name name="local:ModelName">iBus</Name>
      <Description name="local:DeviceDescription">cMT-CTRL local fieldbus to iR Modules</Description>
      <Vendor name="local:VendorName">Weintek Labs., Inc.</Vendor>
      <OrderNumber>N/A</OrderNumber>
    </DeviceInfo>
    <Connector moduleType="257" interface="Common.PCI" role="child" explicit="false" connectorId="1" hideInStatusPage="true" hostpath="-1">
      <Scan supported="false" />
      <InterfaceName name="local:PCI">Internal</InterfaceName>
      <Slot count="1" allowEmpty="flase">
      </Slot>
    </Connector>
    <Connector moduleType="40100" interface="Weintek:Internal" role="parent" explicit="false" connectorId="2" hostpath="1">
      <InterfaceName name="local:DP">iBus</InterfaceName>
      <Var max="16">
      </Var>
      <DriverInfo needsBusCycle="true">
        <Scan supported="true" />
      </DriverInfo>
      <HostParameterSet>
        <Parameter ParameterId="3000" type="localtype:SByte">
          <Attributes channel="input" download="true" functional="false" offlineaccess="read" onlineaccess="read" />
          <Default>0</Default>
          <Name name="local:in0">IN0</Name>
          <Description name="local:in0">iR Status</Description>
          <Default>0</Default>
        </Parameter>
        <Parameter ParameterId="3001" type="std:Byte">
          <Attributes channel="input" download="true" functional="false" offlineaccess="read" onlineaccess="read" />
          <Default>0</Default>
          <Name name="local:in1">IN1</Name>
          <Description name="local:in1">Module alarm</Description>
        </Parameter>
        <Parameter ParameterId="393218" type="std:STRING">
          <Attributes channel="none" download="true" functional="false" offlineaccess="read" onlineaccess="read" />
          <Default>'Weintek Labs., Inc.'</Default>
          <Name name="local:Id393218">Vendor</Name>
          <Description name="local:Id393218.Desc">Vendor of the device</Description>
        </Parameter>
        <Parameter ParameterId="393219" type="std:STRING">
          <Attributes channel="none" download="true" functional="false" offlineaccess="read" onlineaccess="read" />
          <Default>'cMT-CTRL'</Default>
          <Name name="local:Id393219">ModelName</Name>
          <Description name="local:Id393219.Desc">Model name of the device</Description>
        </Parameter>
        <Parameter ParameterId="393220" type="std:STRING">
          <Attributes channel="none" download="true" functional="false" offlineaccess="read" onlineaccess="read" />
          <Default>'0.00.0'</Default>
          <Name name="local:Id393220">Firmware Version</Name>
          <Description name="local:Id393220.Desc">iR Firmware Version</Description>
        </Parameter>
        <Parameter ParameterId="393221" type="std:BOOL">
          <Attributes channel="none" download="true" functional="false" offlineaccess="write" onlineaccess="none" />
          <Default>FALSE</Default>
          <Name name="local:Id393221">iBusFrameAtTaskStart</Name>
          <Description name="local:Id393221.Desc">iBusFrameAtTaskStart</Description>
        </Parameter>
      </HostParameterSet>
    </Connector>
  </Device>
</DeviceDescription>