<?xml version="1.0" encoding="utf-8"?>
<DeviceDescription xmlns="http://www.3s-software.com/schemas/DeviceDescription-1.0.xsd" xmlns:ts="http://www.3s-software.com/schemas/TargetSettings-0.1.xsd" xmlns:xsi="http://www.w3.org/2001/XMLSchema-instance">
  <Types namespace="localTypes">
    <EnumType name="SupervisingMechanism" basetype="std:BYTE">
      <Enum identifier="NONE">
        <Value>0</Value>
        <VisibleName name="localStrings:Supervising_None">None</VisibleName>
      </Enum>
      <Enum identifier="AUTOSELECT">
        <Value>1</Value>
        <VisibleName name="localStrings:Supervising_Auto_Select">Auto-Select</VisibleName>
      </Enum>
      <Enum identifier="HEARTBEAT">
        <Value>2</Value>
        <VisibleName name="localStrings:Supervising_Heartbeat">Heartbeat</VisibleName>
      </Enum>
      <Enum identifier="NODEGUARDING">
        <Value>3</Value>
        <VisibleName name="localStrings:Supervising_Nodeguarding">Nodeguarding</VisibleName>
      </Enum>
    </EnumType>
    <EnumType name="NMTErrorBehaviour" basetype="std:BYTE">
      <Enum identifier="RESTART_SLAVE">
        <Value>0</Value>
        <VisibleName name="localStrings:Restart_Slave">Restart Slave</VisibleName>
      </Enum>
      <Enum identifier="STOP_SLAVE">
        <Value>1</Value>
        <VisibleName name="localStrings:Stop_Slave">Stop Slave</VisibleName>
      </Enum>
    </EnumType>
    <StructType name="Struct_SupportedFunctions">
      <Component identifier="SDOTimeout" type="std:BOOL">
        <Default>TRUE</Default>
        <VisibleName name="localStrings:none">SDOTimeout</VisibleName>
      </Component>
      <Component identifier="SDOJumpToLine" type="std:BOOL">
        <Default>TRUE</Default>
        <VisibleName name="localStrings:none">SDOJumpToLine</VisibleName>
      </Component>
      <Component identifier="SDOAbortIfError" type="std:BOOL">
        <Default>TRUE</Default>
        <VisibleName name="localStrings:none">SDOAbortIfError</VisibleName>
      </Component>
      <Component identifier="MasterHeartbeatNodeID" type="std:BOOL">
        <Default>TRUE</Default>
        <VisibleName name="localStrings:none">MasterHeartbeatNodeID</VisibleName>
      </Component>
      <Component identifier="InhibitTime" type="std:BOOL">
        <Default>FALSE</Default>
        <VisibleName name="localStrings:none">InhibitTime</VisibleName>
      </Component>
      <Component identifier="EventTime" type="std:BOOL">
        <Default>FALSE</Default>
        <VisibleName name="localStrings:none">EventTime</VisibleName>
      </Component>
    </StructType>
  </Types>
  <Files namespace="local">
    <Language lang="en">
      <File fileref="local" identifier="CANopenManagerStrings">
        <LocalFile>CANopenManagerStrings.xml</LocalFile>
      </File>
    </Language>
  </Files>
  <Device>
    <DeviceIdentification>
      <Type>16</Type>
      <Id>181016</Id>
      <Version>3.5.15.0</Version>
    </DeviceIdentification>
    <DeviceInfo>
      <Name name="localStrings:TypeName">CANopen_Manager</Name>
      <Description name="localStrings:TypeDescription">CANopen Manager</Description>
      <Vendor name="localStrings:_3S">3S - Smart Software Solutions GmbH</Vendor>
      <AdditionalFiles>
        <File key="ExternalStrings" name="local:CANopenManagerStrings">CANopenManagerStrings.xml</File>
      </AdditionalFiles>
    </DeviceInfo>
    <Connector role="child" connectorId="0" interface="Common.CANbus" moduleType="15" explicit="false" hideInStatusPage="true">
      <Slot count="1" allowEmpty="false" />
      <HostParameterSet>
        <Parameter ParameterId="0" type="std:UDINT">
          <Attributes download="false" offlineaccess="read" onlineaccess="none" />
          <Default>50659584</Default>
          <!-- Config Version V3.5.1.0: Don't touch this parameter! Only 3S should modify it. -->
          <Name name="localStrings:ConfigVersion">RequiredConfigVersion</Name>
        </Parameter>
        <Parameter ParameterId="6" type="std:DWORD">
          <Attributes download="true" offlineaccess="none" onlineaccess="none" />
          <Default>0</Default>
          <Name name="localStrings:MasterInstance">Master Instance Pointer</Name>
        </Parameter>
        <!-- Optional parameters<Parameter ParameterId="7" type="std:DWORD"><Attributes download="true" offlineaccess="none" onlineaccess="none" /><Default>0</Default><Name name="localStrings:DummyParameter2">DummyParameter2</Name></Parameter><Parameter ParameterId="8" type="std:DWORD"><Attributes download="true" offlineaccess="none" onlineaccess="none" /><Default>0</Default><Name name="localStrings:DummyParameter3">DummyParameter3</Name></Parameter><Parameter ParameterId="9" type="std:DWORD"><Attributes download="true" offlineaccess="none" onlineaccess="none" /><Default>0</Default><Name name="localStrings:DummyParameter4">DummyParameter4</Name></Parameter><Parameter ParameterId="10" type="std:DWORD"><Attributes download="true" offlineaccess="none" onlineaccess="none" /><Default>0</Default><Name name="localStrings:DummyParameter5">DummyParameter5</Name></Parameter>-->
        <Parameter ParameterId="254" type="std:WORD">
          <Attributes download="true" offlineaccess="readwrite" onlineaccess="read" />
          <Default>256</Default>
          <Name name="localStrings:TxMsgPoolSize">Number of Tx Messages</Name>
        </Parameter>
        <Parameter ParameterId="255" type="std:BOOL">
          <Attributes download="false" offlineaccess="read" onlineaccess="read" />
          <Default>FALSE</Default>
          <Name name="localStrings:Suppress1006h">Suppress 1006h</Name>
        </Parameter>
        <Parameter ParameterId="256" type="std:DWORD">
          <Attributes download="true" offlineaccess="readwrite" onlineaccess="readwrite" />
          <Default>1000</Default>
          <Name name="localStrings:SyncCycleTime">Sync CycleTime in Microseconds</Name>
        </Parameter>
        <Parameter ParameterId="257" type="std:BOOL">
          <Attributes download="true" offlineaccess="readwrite" onlineaccess="readwrite" />
          <Default>FALSE</Default>
          <Name name="localStrings:SyncEnable">Enable Sync generation</Name>
        </Parameter>
        <Parameter ParameterId="258" type="std:DWORD">
          <Attributes download="true" offlineaccess="readwrite" onlineaccess="readwrite" />
          <Default>128</Default>
          <Name name="localStrings:SyncCobID">Sync CobID</Name>
        </Parameter>
        <Parameter ParameterId="259" type="std:UDINT">
          <Attributes offlineaccess="readwrite" onlineaccess="read" />
          <Default>1200</Default>
          <Name name="localStrings:SyncWindowLength">Synchronous Window Length</Name>
        </Parameter>
        <Parameter ParameterId="260" type="std:BOOL">
          <Attributes offlineaccess="readwrite" onlineaccess="read" />
          <Default>FALSE</Default>
          <Name name="localStrings:SyncConsumer">Manager is Sync consumer</Name>
        </Parameter>
        <Parameter ParameterId="261" type="std:BOOL">
          <Attributes offlineaccess="readwrite" onlineaccess="read" />
          <Default>TRUE</Default>
          <Name name="localStrings:AutoStart">Autostart</Name>
        </Parameter>
        <Parameter ParameterId="262" type="std:BOOL">
          <Attributes offlineaccess="readwrite" onlineaccess="read" />
          <Default>TRUE</Default>
          <Name name="localStrings:StartSlaves">Start Slaves</Name>
        </Parameter>
        <Parameter ParameterId="263" type="std:BOOL">
          <Attributes offlineaccess="readwrite" onlineaccess="read" />
          <Default>FALSE</Default>
          <Name name="localStrings:NMTStartAll">NMT Start All</Name>
        </Parameter>
        <Parameter ParameterId="264" type="std:BOOL">
          <Attributes offlineaccess="readwrite" onlineaccess="read" />
          <Default>TRUE</Default>
          <Name name="localStrings:OptionalSlavePolling">Polling of optional slaves</Name>
        </Parameter>
        <Parameter ParameterId="265" type="localTypes:NMTErrorBehaviour">
          <Attributes offlineaccess="readwrite" onlineaccess="read" />
          <Default>RESTART_SLAVE</Default>
          <Name name="localStrings:NMTErrorBehaviour">NMT Error Behaviour</Name>
        </Parameter>
        <Parameter ParameterId="266" type="std:WORD">
          <Attributes offlineaccess="readwrite" onlineaccess="read" />
          <Default>10</Default>
          <Name name="localStrings:NMTInhibitTime">NMTInhibitTime</Name>
          <Unit name="localStrings:NMTInhibitTimeUnit">multiple of 100μs</Unit>
          <Description name="localStrings:NMTInhibitTimeDesc">NMT Inhibit time in multiple of 100μs</Description>
        </Parameter>
        <Parameter ParameterId="272" type="std:WORD">
          <Attributes download="true" offlineaccess="readwrite" onlineaccess="readwrite" />
          <Default>200</Default>
          <Name name="localStrings:HeartbeatTime">Heartbeat in Milliseconds</Name>
        </Parameter>
        <Parameter ParameterId="273" type="std:BOOL">
          <Attributes download="true" offlineaccess="readwrite" onlineaccess="readwrite" />
          <Default>TRUE</Default>
          <Name name="localStrings:HeartbeatEnable">Enable Heartbeat generation</Name>
        </Parameter>
        <Parameter ParameterId="274" type="std:USINT">
          <Attributes download="true" offlineaccess="readwrite" onlineaccess="read" />
          <Default>127</Default>
          <Name name="localStrings:HeartbeatNodeID">Heartbeat Node ID</Name>
        </Parameter>
        <Parameter ParameterId="275" type="std:WORD">
          <Attributes download="false" offlineaccess="readwrite" onlineaccess="readwrite" />
          <Default>150</Default>
          <Name name="localStrings:HeartbeatRatio">Default slave ratio for heartbeat time in percent</Name>
        </Parameter>
        <Parameter ParameterId="276" type="std:BOOL">
          <Attributes download="false" offlineaccess="read" onlineaccess="none" />
          <Default>FALSE</Default>
          <Name name="localStrings:OptionalDeviceDefault">Optional Device Default</Name>
        </Parameter>
        <Parameter ParameterId="277" type="std:UDINT">
          <Attributes download="false" offlineaccess="read" onlineaccess="none" />
          <Default>1000</Default>
          <Name name="localStrings:SDOTimeoutDefault">SDO Timeout Default (ms)</Name>
        </Parameter>
        <Parameter ParameterId="278" type="std:BOOL">
          <Attributes download="false" offlineaccess="read" onlineaccess="none" />
          <Default>TRUE</Default>
          <Name name="localStrings:FactorySettingsDefault">Factory Settings Default</Name>
        </Parameter>
        <Parameter ParameterId="279" type="localTypes:SupervisingMechanism">
          <Attributes download="false" offlineaccess="read" onlineaccess="none" />
          <Default>1</Default>
          <Name name="localStrings:SupervisingMechanismDefault">Preferred Supervising Mechanism</Name>
        </Parameter>
        <Parameter ParameterId="280" type="std:BOOL">
          <Attributes download="false" offlineaccess="read" onlineaccess="none" />
          <Default>TRUE</Default>
          <Name name="localStrings:EMCYDefault">EMCY Default</Name>
        </Parameter>
        <Parameter ParameterId="281" type="std:BOOL">
          <Attributes download="false" offlineaccess="read" onlineaccess="none" />
          <Default>FALSE</Default>
          <Name name="localStrings:ExpertSettingsDefault">Expert Settings Default</Name>
        </Parameter>
        <Parameter ParameterId="283" type="std:BOOL">
          <Attributes download="false" offlineaccess="read" onlineaccess="none" />
          <Default>FALSE</Default>
          <Name name="localStrings:ExplicitDeactivatePDOsDefault">Explicit deactivate PDOs Default</Name>
        </Parameter>
        <Parameter ParameterId="284" type="std:BYTE">
          <Attributes download="true" offlineaccess="readwrite" onlineaccess="none" />
          <Default>126</Default>
          <Name name="localStrings:RedundancyNodeID">Redundancy NodeID</Name>
        </Parameter>
        <Parameter ParameterId="285" type="std:UDINT">
          <Attributes download="true" offlineaccess="readwrite" onlineaccess="none" />
          <Default>10000</Default>
          <Name name="localStrings:RedundancyHeartbeatWaitTime">Redundancy Heartbeat Wait Time</Name>
          <Unit name="localStrings:RedundancyHeartbeatWaitTimeUnit">μs</Unit>
          <Description name="localStrings:RedundancyHeartbeatWaitTimeDesc">Time that passive PLC should wait for the Heartbeat of active PLC.</Description>
        </Parameter>
        <Parameter ParameterId="287" type="localTypes:Struct_SupportedFunctions">
          <Attributes download="false" offlineaccess="readwrite" onlineaccess="read" />
          <Default />
          <Name name="localStrings:none">Supported Functions</Name>
        </Parameter>
        <Parameter ParameterId="288" type="std:USINT">
          <Attributes download="true" offlineaccess="readwrite" onlineaccess="readwrite" />
          <Default>127</Default>
          <Name name="localStrings:CanOpenNodeID">CANopen NodeID</Name>
        </Parameter>
        <!-- Optional parameter to limit the maximum number of parallel SDO transfers<Parameter ParameterId="289" type="std:UINT"><Attributes download="true" offlineaccess="readwrite" onlineaccess="read" /><Default>128</Default><Name name="localStrings:ParallelSDOActionLimit">Parallel SDO Action Limit</Name></Parameter>-->
        <Parameter ParameterId="290" type="std:DWORD">
          <Attributes download="false" offlineaccess="readwrite" onlineaccess="read" />
          <Default>256</Default>
          <Name name="localStrings:TIMECOBID">TIME COBID</Name>
        </Parameter>
        <Parameter ParameterId="291" type="std:WORD">
          <Attributes download="false" offlineaccess="readwrite" onlineaccess="read" />
          <Default>1000</Default>
          <Name name="localStrings:TIME_Interval">TIME Producer Interval (ms)</Name>
        </Parameter>
        <Parameter ParameterId="4097" type="std:BOOL">
          <Attributes download="false" offlineaccess="read" onlineaccess="none" />
          <Default>FALSE</Default>
          <Name name="localStrings:DisableDiagStrings">Disable diagnosis strings</Name>
        </Parameter>
        <Parameter ParameterId="4098" type="std:BOOL">
          <Attributes download="false" offlineaccess="none" onlineaccess="none" />
          <Default>TRUE</Default>
          <Name name="localStrings:ShowLoggerPage">Show Logger Page</Name>
        </Parameter>
      </HostParameterSet>
    </Connector>
    <Connector role="parent" hostpath="0" connectorId="1" interface="Common.CANopen" moduleType="16">
      <InterfaceName name="localStrings:CANopenInterface">CANopen</InterfaceName>
      <Var />
      <HostParameterSet>
        <Parameter ParameterId="327937" type="std:BOOL">
          <Attributes offlineaccess="none" onlineaccess="none" download="true" functional="false" channel="diagAck" />
          <Default>FALSE</Default>
          <Name name="localStrings:DiagAck">Diag Acknowledge</Name>
          <Description name="localStrings:DiagAck">Diag Acknowledge</Description>
        </Parameter>
      </HostParameterSet>
      <DriverInfo needsBusCycleBeforeReadInputs="true">
        <RequiredLib identifier="3S CANopenStack" libname="3S CANopenStack" placeholderlib="3S CANopenStack" vendor="3S - Smart Software Solutions GmbH" version="*" loadAsSystemLibrary="true">
          <FBInstance basename="$(DeviceName)" fbname="CANOpenManager" fbnamediag="CANOpenManager_Diag">
            <Initialize methodName="Initialize" />
          </FBInstance>
        </RequiredLib>
        <RequiredLib identifier="CAA CiA405" libname="CAA CiA 405" placeholderlib="CAA CiA405" vendor="CAA Technical Workgroup" version="*" loadAsSystemLibrary="false" />
        <Scan supported="true" />
      </DriverInfo>
    </Connector>
    <ExtendedSettings>
      <ts:TargetSettings>
        <ts:section name="deviceconfiguration">
          <ts:setting name="createBitChannels" type="boolean" access="visible">
            <ts:value>1</ts:value>
          </ts:setting>
        </ts:section>
      </ts:TargetSettings>
    </ExtendedSettings>
    <CompatibleVersions>
      <Version>3.5.1.*</Version>
      <Version>3.5.2.*</Version>
      <Version>3.5.3.*</Version>
      <Version>3.5.4.*</Version>
      <Version>3.5.5.*</Version>
      <Version>3.5.6.*</Version>
      <Version>3.5.7.*</Version>
      <Version>3.5.8.*</Version>
      <Version>3.5.9.*</Version>
      <Version>3.5.10.*</Version>
      <Version>3.5.11.*</Version>
      <Version>3.5.12.*</Version>
      <Version>3.5.13.*</Version>
      <Version>3.5.14.*</Version>
    </CompatibleVersions>
  </Device>
</DeviceDescription>