<?xml version="1.0" encoding="utf-8"?>
<ExternalStrings>
	<Strings namespace="localStrings">
		<Language lang="en-en">
			<String identifier="Supervising_None">None</String>
			<String identifier="Supervising_Auto_Select">Auto-Select</String>
			<String identifier="Supervising_Heartbeat">Heartbeat</String>
			<String identifier="Supervising_Nodeguarding">Nodeguarding</String>
			<String identifier="TypeName">CANopen_Manager</String>
			<String identifier="TypeDescription">CANopen Manager</String>
			<String identifier="_3S">3S - Smart Software Solutions GmbH</String>
			<String identifier="MasterInstance">Master Instance Pointer</String>
			<String identifier="DummyParameter2">DummyParameter2</String>
			<String identifier="DummyParameter3">DummyParameter3</String>
			<String identifier="DummyParameter4">DummyParameter4</String>
			<String identifier="DummyParameter5">DummyParameter5</String>
			<String identifier="Restart_Slave">Restart Slave</String>
			<String identifier="Stop_Slave">Stop Slave</String>
			<String identifier="ConfigVersion">RequiredConfigVersion</String>
			<String identifier="Suppress1006h">Suppress 1006h</String>
			<String identifier="SyncCycleTime">Sync CycleTime in Microseconds</String>
			<String identifier="SyncEnable">Enable Sync generation</String>
			<String identifier="SyncCobID">Sync CobID</String>
			<String identifier="SyncWindowLength">Synchronous Window Length</String>
			<String identifier="SyncConsumer">Manager is Sync consumer</String>
			<String identifier="AutoStart">Autostart</String>
			<String identifier="StartSlaves">Start Slaves</String>
			<String identifier="NMTStartAll">NMT Start All</String>
			<String identifier="OptionalSlavePolling">Polling of optional slaves</String>
			<String identifier="NMTErrorBehaviour">NMT Error Behaviour</String>
			<String identifier="NMTInhibitTime">NMTInhibitTime</String>
			<String identifier="NMTInhibitTimeUnit">multiple of 100μs</String>
			<String identifier="NMTInhibitTimeDesc">NMT Inhibit time in multiple of 100μs</String>
			<String identifier="HeartbeatTime">Heartbeat in Milliseconds</String>
			<String identifier="HeartbeatEnable">Enable Heartbeat generation</String>
			<String identifier="HeartbeatNodeID">Heartbeat Node ID</String>
			<String identifier="HeartbeatRatio">Default slave ratio for heartbeat time in percent</String>
			<String identifier="OptionalDeviceDefault">Optional Device Default</String>
			<String identifier="SDOTimeoutDefault">SDO Timeout Default (ms)</String>
			<String identifier="FactorySettingsDefault">Factory Settings Default</String>
			<String identifier="SupervisingMechanismDefault">Preferred Supervising Mechanism</String>
			<String identifier="EMCYDefault">EMCY Default</String>
			<String identifier="ExpertSettingsDefault">Expert Settings Default</String>
			<String identifier="ExplicitDeactivatePDOsDefault">Explicit deactivate PDOs Default</String>
			<String identifier="ParallelSDOActionLimit">Parallel SDO Action Limit</String>
			<String identifier="TIMECOBID">TIME COBID</String>
			<String identifier="TIME_Interval">TIME Producer Interval (ms)</String>
			<String identifier="DisableDiagStrings">Disable diagnosis strings</String>
			<String identifier="CANopenInterface">CANopen</String>
			<String identifier="TxMsgPoolSize">Number of Tx Messages</String>
		</Language>
		<Language lang="de-de">
			<String identifier="Supervising_None">keine Überwachung</String>
			<String identifier="Supervising_Auto_Select">Automatische Auswahl</String>
			<String identifier="Supervising_Heartbeat">Heartbeat</String>
			<String identifier="Supervising_Nodeguarding">Nodeguarding</String>
			<String identifier="TypeName">CANopen_Manager</String>
			<String identifier="TypeDescription">CANopen Manager</String>
			<String identifier="_3S">3S - Smart Software Solutions GmbH</String>
			<String identifier="MasterInstance">Master Instance Pointer</String>
			<String identifier="DummyParameter2">DummyParameter2</String>
			<String identifier="DummyParameter3">DummyParameter3</String>
			<String identifier="DummyParameter4">DummyParameter4</String>
			<String identifier="DummyParameter5">DummyParameter5</String>
			<String identifier="Restart_Slave">Slave neustarten</String>
			<String identifier="Stop_Slave">Slave stoppen</String>
			<String identifier="ConfigVersion">Benötigte Config Version</String>
			<String identifier="Suppress1006h">Objekt 1006h unterdrücken</String>
			<String identifier="SyncCycleTime">Sync Zykluszeit in Mikrosekunden</String>
			<String identifier="SyncEnable">Sync Erzeugung aktiv</String>
			<String identifier="SyncCobID">Sync CobID</String>
			<String identifier="SyncWindowLength">Synchronous Window Length</String>
			<String identifier="SyncConsumer">Sync Consuming aktiv</String>
			<String identifier="AutoStart">Autostart</String>
			<String identifier="StartSlaves">Slaves starten</String>
			<String identifier="NMTStartAll">NMT Start All</String>
			<String identifier="OptionalSlavePolling">Pollen optionaler Slaves</String>
			<String identifier="NMTErrorBehaviour">NMT Error Verhalten</String>
			<String identifier="NMTInhibitTime">NMT Sperrzeit</String>
			<String identifier="NMTInhibitTimeUnit">Einheit 100μs</String>
			<String identifier="NMTInhibitTimeDesc">NMT Sperrzeit (Einheit 100μs)</String>
			<String identifier="HeartbeatTime">Heartbeat Zeit in Millisekunden</String>
			<String identifier="HeartbeatEnable">Heartbeat Erzeugung aktiv</String>
			<String identifier="HeartbeatNodeID">Heartbeat Node ID</String>
			<String identifier="HeartbeatRatio">Standard Prozentsatz für Slave Heartbeat Consumer Zeit</String>
			<String identifier="OptionalDeviceDefault">Standard Wert für Optionales Gerät</String>
			<String identifier="SDOTimeoutDefault">Standard Wert für SDO Timeout(ms)</String>
			<String identifier="FactorySettingsDefault">Standard Wert für Werkseinstellungen</String>
			<String identifier="SupervisingMechanismDefault">Bevorzugter Standard Überwachungsmechanismus</String>
			<String identifier="EMCYDefault">Standard Wert für EMCY</String>
			<String identifier="ExpertSettingsDefault">Standard Wert für Experten-Einstellungen</String>
			<String identifier="ExplicitDeactivatePDOsDefault">Standard Wert für Explizites Deaktivieren von PDOs</String>
			<String identifier="ParallelSDOActionLimit">Maximale Anzahl SDO Kanäle</String>
			<String identifier="TIMECOBID">TIME COBID</String>
			<String identifier="TIME_Interval">TIME Producer Intervall (ms)</String>
			<String identifier="DisableDiagStrings">Deaktiviere Diagnose Strings</String>
			<String identifier="CANopenInterface">CANopen</String>
			<String identifier="TxMsgPoolSize">Anzahl Sendenachrichten</String>
		</Language>
	</Strings>
	<Strings namespace="RTSLog_3SCANopenStack">
		<Language lang="en-en">
			<String identifier="ID_00000001">NetID {p0}: Potential Tx Handle Leak: Both Tx message pool and Tx queue are empty.</String>
			<String identifier="ID_00000002">NetID {p0}: Tx message pool is empty. Tx queue contains still messages.</String>
			<String identifier="ID_00000003">NetID {p0}: Tx message pool contains messages again.</String>
			<String identifier="ID_00000004">NetID {p0}, NodeID {p1}: Heartbeat Timeout</String>
			<String identifier="ID_00000005">NetID {p0}, NodeID {p1}: Nodeguarding Timeout</String>
			<String identifier="ID_00000006">NetID {p0}, NodeID {p1}: Sync PDO Guarding Timeout</String>
			<String identifier="ID_00000007">NetID {p0}, NodeID {p1}: Unexpected CANopen state&#10;Expected State: {p2:CANopenState}&#10;State: {p3:CANopenState}</String>
			<String identifier="ID_00000008">NetID {p0}, NodeID {p1}: {p2:NMT}</String>
			<String identifier="ID_00000009">NetID {p0}, NodeID {p1}: Waiting for Bootup message...</String>
			<String identifier="ID_0000000A">NetID {p0}, NodeID {p1}: Reading Device Type (Object 16#1000)...</String>
			<String identifier="ID_0000000B">NetID {p0}, NodeID {p1}: Begin SDO configuration phase...&#10;Number of SDOs: {p2}</String>
			<String identifier="ID_0000000C">NetID {p0}, NodeID {p1}: SDO configuration phase finished</String>
			<String identifier="ID_0000000D">NetID {p0}, NodeID {p1}: SDO Write Error for object 16#{p2:X4}sub{p3:X2}&#10;AbortCode: 16#{p4:X8}</String>
			<String identifier="ID_0000000E">NetID {p0}, NodeID {p1}: SDO Read Error for object 16#{p2:X4}sub{p3:X2}&#10;AbortCode: 16#{p4:X8}</String>
			<String identifier="ID_0000000F">NetID {p0}, NodeID {p1}: Slave signals CANopen state: {p2:CANopenState}</String>
			<String identifier="ID_00000010">NetID {p0}, NodeID {p1}: Bootup Timeout</String>
			<String identifier="ID_00000011">NetID {p0}, NodeID {p1}: Restore default parameters (16#1011sub{p2:X2})...</String>
			<String identifier="ID_00000012">NetID {p0}: {p1:CAAError} (error code: 16#{p1:X4})</String>
			<String identifier="ID_00000013">NetID {p0}: {p1:RTSError} (error code: 16#{p1:X4})</String>
			<String identifier="ID_00000014">NetID {p0}: Free resources</String>
			<String identifier="ID_00000015">NetID {p0}: All mandatory slaves booted.</String>
			<String identifier="ID_00000016">NetID {p0}: All optional slaves booted.</String>
			<String identifier="ID_00000017">NetID {p0}, NodeID {p1}: VendorID mismatch&#10;Value in EDS: 16#{p2:X8} ({p2})&#10;Read from Device: 16#{p3:X8} ({p3})</String>
			<String identifier="ID_00000018">NetID {p0}, NodeID {p1}: ProductID mismatch&#10;Value in EDS: 16#{p2:X8} ({p2})&#10;Read from Device: 16#{p3:X8} ({p3})</String>
			<String identifier="ID_00000019">NetID {p0}, NodeID {p1}: Major Revision mismatch&#10;Value in EDS: 16#{p2:X4} ({p2})&#10;Read from Device: 16#{p3:X4} ({p3})</String>
			<String identifier="ID_0000001A">NetID {p0}, NodeID {p1}: Minor Revision in device is lower than EDS value&#10;Value in EDS: 16#{p2:X4} ({p2})&#10;Read from Device: 16#{p3:X4} ({p3})</String>
			<String identifier="ID_0000001B">NetID {p0}, NodeID {p1}: Reading Identity Object 16#1018...</String>
			<String identifier="ID_0000001C">NetID {p0}: {p1} slave(s) found by device scan.</String>
			<String identifier="ID_0000001D">NetID {p0}, NodeID {p1}: Reading Identity Object 16#1018 failed.</String>
			<String identifier="ID_0000001E">NetID {p0}: Heartbeat of active PLC not received in time. Switching to redundancy state Active!</String>
			<String identifier="ID_0000001F">NetID {p0}: Another active PLC detected. Switching to redundancy state Simulation!</String>
			<String identifier="ID_00000020">NetID {p0}: Switching redundancy state failed!</String>
			<String identifier="ID_00000021">NetID {p0}: Bus Error detected! Switching to redundancy state Standby!</String>
		</Language>
	</Strings>
</ExternalStrings>
