<?xml version="1.0" encoding="utf-8"?>
<DeviceDescription xmlns="http://www.3s-software.com/schemas/DeviceDescription-1.0.xsd" xmlns:ts="http://www.3s-software.com/schemas/TargetSettings-0.1.xsd" xmlns:xsi="http://www.w3.org/2001/XMLSchema-instance">
    <!--<Types namespace="std"></Types>-->  
	<Types namespace="localtype">
	  <BitfieldType basetype="std:BYTE" name="SByte">
		  <Component identifier="Bit0" type="std:BOOL">
		    <Default />
			<VisibleName name="localtype:SByte.Bit0"> BIT0 </VisibleName>
		  </Component>
		  <Component identifier="Bit1" type="std:BOOL">
			<Default />
			<VisibleName name="localtype:SByte.Bit1"> BIT1</VisibleName>
		  </Component>
		  <Component identifier="Bit2" type="std:BOOL">
			<Default />
			<VisibleName name="localtype:SByte.Bit2"> BIT2</VisibleName>
		  </Component>
		  <Component identifier="Bit3" type="std:BOOL">
			<Default />
			<VisibleName name="localtype:SByte.Bit3"> BIT3 </VisibleName>
		  </Component>
		  <Component identifier="Bit4" type="std:BOOL">
			<Default />
			<VisibleName name="localtype:SByte.Bit4"> BIT4 </VisibleName>
		  </Component>
		  <Component identifier="Bit5" type="std:BOOL">
			<Default />
			<VisibleName name="localtype:SByte.Bit5"> BIT5 </VisibleName>
		  </Component>
		  <Component identifier="Bit6" type="std:BOOL">
			<Default />
			<VisibleName name="localtype:SByte.Bit6"> BIT6 </VisibleName>
		  </Component>
		  <Component identifier="Bit7" type="std:BOOL">
			<Default />
			<VisibleName name="localtype:SByte.Bit7"> BIT7 </VisibleName>
		  </Component>
	  </BitfieldType>	  
    </Types>
  <Strings namespace="local">
    <Language lang="en">
      <String identifier="ModelName">iR-DI16-K</String>
      <String identifier="DeviceDescription">16 Points Digital Input, Consumption(5V)-83mA/0.418W </String>
      <String identifier="VendorName">Weintek Labs., Inc.</String>
      <String identifier="typename">IO Device</String>
      <String identifier="typedescription">iR IO</String>
    </Language>
  </Strings>
  <Device hideInCatalogue="false">
    <DeviceIdentification>
      <Type>30340</Type>
      <Id>16bf 0154</Id>	<!-- vendor code : 10ad / module id : xx00 -->
      <Version>1.0.0.0</Version>
    </DeviceIdentification>
    <DeviceInfo>
      <Name name="local:ModelName">iR-DI16-K</Name>
      <Description name="local:DeviceDescription">Digital Input 16 Points</Description>
      <Vendor name="local:VendorName">Weintek Labs., Inc.</Vendor>
      <OrderNumber>iR-DI16-K</OrderNumber>
    </DeviceInfo>
    <Connector moduleType="30340" interface="Weintek:Internal" role="child" explicit="false" connectorId="1" hostpath="-1">
      <InterfaceName name="local:PCI">Module</InterfaceName>
      <DriverInfo needsBusCycle="true">
	  </DriverInfo>
      <Slot count="1" allowEmpty="false"></Slot>
      <HostParameterSet>
		<Parameter ParameterId="3000" type="localtype:SByte">
          <Attributes channel="input" download="true" functional="false" offlineaccess="read" onlineaccess="read" />
          <Default>0</Default>
          <Name name="local:in0">IN0</Name>
		  <Description name="local:out0"> 24Vdc Source/Sink Input </Description>
		</Parameter>
        <Parameter ParameterId="3001" type="localtype:SByte">
          <Attributes channel="input" download="true" functional="false" offlineaccess="read" onlineaccess="read" />
          <Default>0</Default>
          <Name name="local:in1">IN1</Name>
		  <Description name="local:out1"> 24Vdc Source/Sink Input </Description>
		</Parameter>
         <!--  Parameter added  -->
		<Parameter ParameterId="10000" type="std:UINT">
          <Attributes channel="none" download="true" functional="false" offlineaccess="write" onlineaccess="none" />
          <Default>0</Default>
          <Name name="local:Id10000">In 0 Filter</Name>
		  <Unit name="local:Id10000"> ms </Unit>	
          <Description name="local:Id10000.Desc">Range:5ms~1000ms, 0:Disable.</Description>
        </Parameter>
		<Parameter ParameterId="10001" type="std:UINT">
          <Attributes channel="none" download="true" functional="false" offlineaccess="write" onlineaccess="none" />
          <Default>0</Default>
          <Name name="local:Id10001">In 1 Filter</Name>
		  <Unit name="local:Id10001"> ms </Unit>	
          <Description name="local:Id10001.Desc">Range:5ms~1000ms, 0:Disable.</Description>
        </Parameter>
		<Parameter ParameterId="10002" type="std:UINT">
          <Attributes channel="none" download="true" functional="false" offlineaccess="write" onlineaccess="none" />
          <Default>0</Default>
          <Name name="local:Id10002">In 2 Filter</Name>
		  <Unit name="local:Id10002"> ms </Unit>	
          <Description name="local:Id10002.Desc">Range:5ms~1000ms, 0:Disable.</Description>
        </Parameter>
		<Parameter ParameterId="10003" type="std:UINT">
          <Attributes channel="none" download="true" functional="false" offlineaccess="write" onlineaccess="none" />
          <Default>0</Default>
          <Name name="local:Id10003">In 3 Filter</Name>
		  <Unit name="local:Id10003"> ms </Unit>	
          <Description name="local:Id10003.Desc">Range:5ms~1000ms, 0:Disable.</Description>
        </Parameter>
		<Parameter ParameterId="10004" type="std:UINT">
          <Attributes channel="none" download="true" functional="false" offlineaccess="write" onlineaccess="none" />
          <Default>0</Default>
          <Name name="local:Id10004">In 4 Filter</Name>
		  <Unit name="local:Id10004"> ms </Unit>	
          <Description name="local:Id10004.Desc">Range:5ms~1000ms, 0:Disable.</Description>
        </Parameter>
		<Parameter ParameterId="10005" type="std:UINT">
          <Attributes channel="none" download="true" functional="false" offlineaccess="write" onlineaccess="none" />
          <Default>0</Default>
          <Name name="local:Id10005">In 5 Filter</Name>
		  <Unit name="local:Id10005"> ms </Unit>	
          <Description name="local:Id10005.Desc">Range:5ms~1000ms, 0:Disable.</Description>
        </Parameter>
		<Parameter ParameterId="10006" type="std:UINT">
          <Attributes channel="none" download="true" functional="false" offlineaccess="write" onlineaccess="none" />
          <Default>0</Default>
          <Name name="local:Id10006">In 6 Filter</Name>
		  <Unit name="local:Id10006"> ms </Unit>	
          <Description name="local:Id10006.Desc">Range:5ms~1000ms, 0:Disable.</Description>
        </Parameter>
		<Parameter ParameterId="10007" type="std:UINT">
          <Attributes channel="none" download="true" functional="false" offlineaccess="write" onlineaccess="none" />
          <Default>0</Default>
          <Name name="local:Id10007">In 7 Filter</Name>
		  <Unit name="local:Id10007"> ms </Unit>	
          <Description name="local:Id10007.Desc">Range:5ms~1000ms, 0:Disable.</Description>
        </Parameter>
		<Parameter ParameterId="10008" type="std:UINT">
          <Attributes channel="none" download="true" functional="false" offlineaccess="write" onlineaccess="none" />
          <Default>0</Default>
          <Name name="local:Id10008">In 8 Filter</Name>
		  <Unit name="local:Id10008"> ms </Unit>	
          <Description name="local:Id10008.Desc">Range:5ms~1000ms, 0:Disable.</Description>
        </Parameter>
		<Parameter ParameterId="10009" type="std:UINT">
          <Attributes channel="none" download="true" functional="false" offlineaccess="write" onlineaccess="none" />
          <Default>0</Default>
          <Name name="local:Id10009">In 9 Filter</Name>
		  <Unit name="local:Id10009"> ms </Unit>	
          <Description name="local:Id10009.Desc">Range:5ms~1000ms, 0:Disable.</Description>
        </Parameter>
		<Parameter ParameterId="10010" type="std:UINT">
          <Attributes channel="none" download="true" functional="false" offlineaccess="write" onlineaccess="none" />
          <Default>0</Default>
          <Name name="local:Id10010">In 10 Filter</Name>
		  <Unit name="local:Id10010"> ms </Unit>	
          <Description name="local:Id10010.Desc">Range:5ms~1000ms, 0:Disable.</Description>
        </Parameter>
		<Parameter ParameterId="10011" type="std:UINT">
          <Attributes channel="none" download="true" functional="false" offlineaccess="write" onlineaccess="none" />
          <Default>0</Default>
          <Name name="local:Id10011">In 11 Filter</Name>
		  <Unit name="local:Id10011"> ms </Unit>	
          <Description name="local:Id10011.Desc">Range:5ms~1000ms, 0:Disable.</Description>
        </Parameter>
		<Parameter ParameterId="10012" type="std:UINT">
          <Attributes channel="none" download="true" functional="false" offlineaccess="write" onlineaccess="none" />
          <Default>0</Default>
          <Name name="local:Id10012">In 12 Filter</Name>
		  <Unit name="local:Id10012"> ms </Unit>	
          <Description name="local:Id10012.Desc">Range:5ms~1000ms, 0:Disable.</Description>
        </Parameter>
		<Parameter ParameterId="10013" type="std:UINT">
          <Attributes channel="none" download="true" functional="false" offlineaccess="write" onlineaccess="none" />
          <Default>0</Default>
          <Name name="local:Id10013">In 13 Filter</Name>
		  <Unit name="local:Id10013"> ms </Unit>	
          <Description name="local:Id10013.Desc">Range:5ms~1000ms, 0:Disable.</Description>
        </Parameter>
		<Parameter ParameterId="10014" type="std:UINT">
          <Attributes channel="none" download="true" functional="false" offlineaccess="write" onlineaccess="none" />
          <Default>0</Default>
          <Name name="local:Id10014">In 14 Filter</Name>
		  <Unit name="local:Id10014"> ms </Unit>	
          <Description name="local:Id10014.Desc">Range:5ms~1000ms, 0:Disable.</Description>
        </Parameter>
		<Parameter ParameterId="10015" type="std:UINT">
          <Attributes channel="none" download="true" functional="false" offlineaccess="write" onlineaccess="none" />
          <Default>0</Default>
          <Name name="local:Id10015">In 15 Filter</Name>
		  <Unit name="local:Id10015"> ms </Unit>	
          <Description name="local:Id10015.Desc">Range:5ms~1000ms, 0:Disable.</Description>
        </Parameter>
      </HostParameterSet>
    </Connector>
  </Device>
</DeviceDescription>
