﻿<?xml version="1.0" encoding="UTF-8"?>
<DeviceDescription xmlns="http://www.3s-software.com/schemas/DeviceDescription-1.0.xsd" xmlns:ts="http://www.3s-software.com/schemas/TargetSettings-0.1.xsd" xmlns:xsi="http://www.w3.org/2001/XMLSchema-instance">
  <Types namespace="local">
    <StructType name="TInterfaceSubmodule">
      <Component identifier="structVersion" type="std:UDINT">
        <Default>3</Default>
        <VisibleName name="local:structVersion">structVersion</VisibleName>
      </Component>
      <Component identifier="NetworkComponentDiagnosisSupported" type="std:BIT">
        <Default />
        <VisibleName name="local:NetworkComponentDiagnosisSupported">NetworkComponentDiagnosisSupported</VisibleName>
      </Component>
      <Component identifier="DCP_HelloSupported" type="std:BIT">
        <Default />
        <VisibleName name="local:DCP_HelloSupported">DCP_HelloSupported</VisibleName>
      </Component>
      <Component identifier="PTP_BoundarySupported" type="std:BIT">
        <Default />
        <VisibleName name="local:PTP_BoundarySupported">PTP_BoundarySupported</VisibleName>
      </Component>
      <Component identifier="DCP_BoundarySupported" type="std:BIT">
        <Default />
        <VisibleName name="local:DCP_BoundarySupported">DCP_BoundarySupported</VisibleName>
      </Component>
      <Component identifier="MulticastBoundarySupported" type="std:BIT">
        <Default />
        <VisibleName name="local:MulticastBoundarySupported">MulticastBoundarySupported</VisibleName>
      </Component>
      <Component identifier="ParameterizationDisallowed" type="std:BIT">
        <Default />
        <VisibleName name="local:ParameterizationDisallowed">ParameterizationDisallowed</VisibleName>
      </Component>
      <Component identifier="DelayMeasurementSupported" type="std:BIT">
        <Default />
        <VisibleName name="local:DelayMeasurementSupported">DelayMeasurementSupported</VisibleName>
      </Component>
      <Component identifier="PDEV_CombinedObjectSupported" type="std:BIT">
        <Default />
        <VisibleName name="local:PDEV_CombinedObjectSupported">PDEV_CombinedObjectSupported</VisibleName>
      </Component>
      <Component identifier="StartupModeAdvanced_supp" type="std:BIT">
        <Default />
        <VisibleName name="local:StartupModeAdvanced_supp">StartupModeAdvanced_supp</VisibleName>
      </Component>
      <Component identifier="StartupModeLegacy_supp" type="std:BIT">
        <Default />
        <VisibleName name="local:StartupModeLegacy_supp">StartupModeLegacy_supp</VisibleName>
      </Component>
      <Component identifier="PullModuleAlarmSupported" type="std:BIT">
        <Default />
        <VisibleName name="local:PullModuleAlarmSupported">PullModuleAlarmSupported</VisibleName>
      </Component>
      <Component identifier="UsesStaticARP_CacheEntries" type="std:BIT">
        <Default />
        <VisibleName name="local:UsesStaticARP_CacheEntries">UsesStaticARP_CacheEntries</VisibleName>
      </Component>
      <Component identifier="IM5_Supported" type="std:BIT">
        <Default />
        <VisibleName name="local:IM5_Supported">IM5_Supported</VisibleName>
      </Component>
      <Component identifier="TimeSynchronisationSpecified" type="std:BIT">
        <Default />
        <VisibleName name="local:TimeSynchronisationSpecified">TimeSynchronisationSpecified</VisibleName>
      </Component>
      <Component identifier="MediaRedundancySpecified" type="std:BIT">
        <Default />
        <VisibleName name="local:MediaRedundancySpecified">MediaRedundancySpecified</VisibleName>
      </Component>
      <Component identifier="dummy5" type="std:BIT">
        <Default />
        <VisibleName name="local:dummy5">dummy5</VisibleName>
      </Component>
      <Component identifier="MaxFrameStartTime" type="std:UINT">
        <Default />
        <VisibleName name="local:MaxFrameStartTime">MaxFrameStartTime</VisibleName>
      </Component>
      <Component identifier="MinNRT_Gap" type="std:UINT">
        <Default />
        <VisibleName name="local:MinNRT_Gap">MinNRT_Gap</VisibleName>
      </Component>
      <Component identifier="MediaRedundancy" type="local:TMediaRedundancy">
        <Default />
        <VisibleName name="local:MediaRedundancy">MediaRedundancy</VisibleName>
      </Component>
      <Component identifier="SupportedRT_Classes" type="std:BYTE">
        <Default />
        <VisibleName name="local:SupportedRT_Classes">SupportedRT_Classes</VisibleName>
      </Component>
      <Component identifier="SupportedProtocols" type="std:BYTE">
        <Default />
        <VisibleName name="local:SupportedProtocols">SupportedProtocols</VisibleName>
      </Component>
      <Component identifier="Writeable_IM_Records" type="std:BYTE">
        <Default />
        <VisibleName name="local:Writeable_IM_Records">Writeable_IM_Records</VisibleName>
      </Component>
    </StructType>
    <StructType name="TimingPropertiesT_5">
      <Component identifier="structVersion" type="std:UDINT">
        <Default>1</Default>
        <VisibleName name="local:structVersion">structVersion</VisibleName>
      </Component>
      <Component identifier="ReductionRatio" type="std:UINT">
        <Default />
        <VisibleName name="local:ReductionRatio">ReductionRatio</VisibleName>
      </Component>
      <Component identifier="ReductionRatioPow2" type="std:UINT">
        <Default />
        <VisibleName name="local:ReductionRatioPow2">ReductionRatioPow2</VisibleName>
      </Component>
      <Component identifier="ReductionRatioNonPow2" type="std:UINT">
        <Default />
        <VisibleName name="local:ReductionRatioNonPow2">ReductionRatioNonPow2</VisibleName>
      </Component>
      <Component identifier="PreferredSendClock" type="std:UINT">
        <Default />
        <VisibleName name="local:PreferredSendClock">PreferredSendClock</VisibleName>
      </Component>
      <Component identifier="SendClockCount" type="std:UINT">
        <Default />
        <VisibleName name="local:SendClockCount">SendClockCount</VisibleName>
      </Component>
      <Component identifier="SendClock" type="std:ARRAY[0..4] OF UINT">
        <Default />
        <VisibleName name="local:SendClock">SendClock</VisibleName>
      </Component>
    </StructType>
    <StructType name="TMediaRedundancy">
      <Component identifier="SupportedRole" type="std:BYTE">
        <Default />
        <VisibleName name="local:SupportedRole">SupportedRole</VisibleName>
      </Component>
      <Component identifier="SupportedMultipleRole" type="std:BYTE">
        <Default />
        <VisibleName name="local:SupportedMultipleRole">SupportedMultipleRole</VisibleName>
      </Component>
      <Component identifier="MaxMRP_Instances" type="std:BYTE">
        <Default />
        <VisibleName name="local:MaxMRP_Instances">MaxMRP_Instances</VisibleName>
      </Component>
      <Component identifier="MRPD_Supported" type="std:BIT">
        <Default />
        <VisibleName name="local:MRPD_Supported">MRPD_Supported</VisibleName>
      </Component>
      <Component identifier="MRT_Supported" type="std:BIT">
        <Default />
        <VisibleName name="local:MRT_Supported">MRT_Supported</VisibleName>
      </Component>
      <Component identifier="AdditionalProtocolsSupported" type="std:BIT">
        <Default />
        <VisibleName name="local:AdditionalProtocolsSupported">AdditionalProtocolsSupported</VisibleName>
      </Component>
      <Component identifier="dummy1" type="std:BIT">
        <Default />
        <VisibleName name="local:dummy1">dummy1</VisibleName>
      </Component>
      <Component identifier="dummy2" type="std:BIT">
        <Default />
        <VisibleName name="local:dummy2">dummy2</VisibleName>
      </Component>
      <Component identifier="dummy3" type="std:BIT">
        <Default />
        <VisibleName name="local:dummy3">dummy3</VisibleName>
      </Component>
      <Component identifier="dummy4" type="std:BIT">
        <Default />
        <VisibleName name="local:dummy4">dummy4</VisibleName>
      </Component>
      <Component identifier="dummy5" type="std:BIT">
        <Default />
        <VisibleName name="local:dummy5">dummy5</VisibleName>
      </Component>
    </StructType>
    <StructType name="TPortSubmodule">
      <Component identifier="structVersion" type="std:UDINT">
        <Default>1</Default>
        <VisibleName name="local:structVersion">structVersion</VisibleName>
      </Component>
      <Component identifier="MaxPortTxDelay" type="std:UINT">
        <Default />
        <VisibleName name="local:MaxPortTxDelay">MaxPortTxDelay</VisibleName>
      </Component>
      <Component identifier="MaxPortRxDelay" type="std:UINT">
        <Default />
        <VisibleName name="local:MaxPortRxDelay">MaxPortRxDelay</VisibleName>
      </Component>
      <Component identifier="LinkStateDiagnosisCapability" type="std:BYTE">
        <Default />
        <VisibleName name="local:LinkStateDiagnosisCapability">LinkStateDiagnosisCapability</VisibleName>
      </Component>
      <Component identifier="PortDeactivationSupported" type="std:BIT">
        <Default />
        <VisibleName name="local:PortDeactivationSupported">PortDeactivationSupported</VisibleName>
      </Component>
      <Component identifier="PowerBudgetControlSupported" type="std:BIT">
        <Default />
        <VisibleName name="local:PowerBudgetControlSupported">PowerBudgetControlSupported</VisibleName>
      </Component>
      <Component identifier="SupportsRingportConfig" type="std:BIT">
        <Default />
        <VisibleName name="local:SupportsRingportConfig">SupportsRingportConfig</VisibleName>
      </Component>
      <Component identifier="IsDefaultRingport" type="std:BIT">
        <Default />
        <VisibleName name="local:IsDefaultRingport">IsDefaultRingport</VisibleName>
      </Component>
      <Component identifier="ParameterizationDisallowed" type="std:BIT">
        <Default />
        <VisibleName name="local:ParameterizationDisallowed">ParameterizationDisallowed</VisibleName>
      </Component>
      <Component identifier="CheckMAUTypeSupported" type="std:BIT">
        <Default />
        <VisibleName name="local:CheckMAUTypeSupported">CheckMAUTypeSupported</VisibleName>
      </Component>
      <Component identifier="ShortPreamble100MBitSupported" type="std:BIT">
        <Default />
        <VisibleName name="local:ShortPreamble100MBitSupported">ShortPreamble100MBitSupported</VisibleName>
      </Component>
      <Component identifier="dummy1" type="std:BIT">
        <Default />
        <VisibleName name="local:dummy1">dummy1</VisibleName>
      </Component>
    </StructType>
    <StructType name="FBInstance">
      <Component identifier="FBType" type="std:STRING">
        <Default />
        <VisibleName name="local:FBInstance.FBType">FBType</VisibleName>
      </Component>
      <Component identifier="FBDiagType" type="std:STRING">
        <Default />
        <VisibleName name="local:FBInstance.FBDiagType">FBDiagType</VisibleName>
      </Component>
      <Component identifier="InitMethodName" type="std:STRING">
        <Default />
        <VisibleName name="local:FBInstance.InitMethodName">InitMethodName</VisibleName>
      </Component>
    </StructType>
    <StructType name="EthernetStatisticT">
      <!--  
			<Component identifier="AdapterOpen" type="std:BOOL">   
				<Default />
				<VisibleName name="local:AdapterOpen">Adapter Opened</VisibleName>
				<Description name="local:AdapterOpen.Desc">Ethernet Adapter is active</Description>
			</Component>	-->
      <Component identifier="RecvFrameCountTotal" type="std:UDINT">
        <Default />
        <VisibleName name="local:RecvFrameCountTotal">Received Frames</VisibleName>
        <Description name="local:RecvFrameCountTotal.Desc">Overall number of received Frames</Description>
      </Component>
      <Component identifier="RecvRTFrameCountTotal" type="std:UDINT">
        <Default />
        <VisibleName name="local:RecvRTFrameCountTotal">Received RT-Frames</VisibleName>
        <Description name="local:RecvRTFrameCountTotal.Desc">Overall number of received Profinet-RT Frames</Description>
      </Component>
      <Component identifier="RecvAvg_Cycle" type="std:LTIME">
        <Default />
        <VisibleName name="local:RecvAvg_Cycle">Recv Time (Avg)</VisibleName>
        <Description name="local:RecvAvg_Cycle.Desc">Average Time for receiving Ethernet Frames per BusCycle</Description>
      </Component>
      <Component identifier="RecvMax_Cycle" type="std:LTIME">
        <Default />
        <VisibleName name="local:RecvMax_Cycle">Recv Time (Max)</VisibleName>
        <Description name="local:RecvMax_Cycle.Desc">Max Time for receiving Ethernet Frames per BusCycle</Description>
      </Component>
      <Component identifier="SendAvg_Cycle" type="std:LTIME">
        <Default />
        <VisibleName name="local:SendAvg_Cycle">Send Time (Avg)</VisibleName>
        <Description name="local:SendAvg_Cycle.Desc">Average Time for sending Ethernet Frames per BusCycle</Description>
      </Component>
      <Component identifier="SendMax_Cycle" type="std:LTIME">
        <Default />
        <VisibleName name="local:SendMax_Cycle">Send Time (Max)</VisibleName>
        <Description name="local:SendMax_Cycle.Desc">Max Time for sending Ethernet Frames per BusCycle</Description>
      </Component>
    </StructType>
    <StructType name="DriverDiagT">
      <Component identifier="StructVersion" type="std:UDINT" offlineaccess="none">
        <Default>1</Default>
        <VisibleName name="local:StructVersion">Diag Version</VisibleName>
      </Component>
      <Component identifier="ControllerStatus" type="local:ControllerStatus">
        <Default />
        <VisibleName name="local:ConrollerStatus">Controller Status</VisibleName>
      </Component>
      <Component identifier="EthernetStatistic" type="local:EthernetStatisticT">
        <Default />
        <VisibleName name="local:EthernetStatistic">Ethernet Statistic</VisibleName>
      </Component>
    </StructType>
    <EnumType basetype="std:UDINT" name="ControllerStatus">
      <Enum identifier="NotInit">
        <Value>0</Value>
        <VisibleName name="local:NotInit">NotInit</VisibleName>
      </Enum>
      <Enum identifier="Init">
        <Value>1</Value>
        <VisibleName name="local:Init">Init</VisibleName>
      </Enum>
      <Enum identifier="Open">
        <Value>2</Value>
        <VisibleName name="local:Open">Open</VisibleName>
      </Enum>
      <Enum identifier="WaitCheckStationname">
        <Value>3</Value>
        <VisibleName name="local:WaitCheckStationname">WaitCheckStationname</VisibleName>
      </Enum>
      <Enum identifier="WaitCheckIP">
        <Value>4</Value>
        <VisibleName name="local:WaitCheckIP">WaitCheckIP</VisibleName>
      </Enum>
      <Enum identifier="Run">
        <Value>5</Value>
        <VisibleName name="local:Run">Run</VisibleName>
      </Enum>
      <Enum identifier="Error">
        <Value>16#100</Value>
        <VisibleName name="local:Error">Error</VisibleName>
      </Enum>
      <Enum identifier="ErrorLicenceCheck">
        <Value>16#101</Value>
        <VisibleName name="local:ErrorLicenceCheck">ErrorLicenceCheck</VisibleName>
      </Enum>
      <Enum identifier="ErrorControllerStationname">
        <Value>16#102</Value>
        <VisibleName name="local:ErrorControllerStationname">Error Stationname</VisibleName>
      </Enum>
      <Enum identifier="ErrorControllerIP">
        <Value>16#103</Value>
        <VisibleName name="local:ErrorControllerIP">ErrorControllerIP</VisibleName>
      </Enum>
      <Enum identifier="ErrorNoIP">
        <Value>16#104</Value>
        <VisibleName name="local:ErrorNoIP">ErrorNoIP</VisibleName>
      </Enum>
      <Enum identifier="ErrorGetIP">
        <Value>16#105</Value>
        <VisibleName name="local:ErrorGetIP">ErrorGetIP</VisibleName>
      </Enum>
      <Enum identifier="ErrorInitRPC">
        <Value>16#106</Value>
        <VisibleName name="local:ErrorInitRPC">ErrorInitRPC</VisibleName>
      </Enum>
      <Enum identifier="ErrorFindEthernet">
        <Value>16#107</Value>
        <VisibleName name="local:ErrorFindEthernet">ErrorFindEthernet</VisibleName>
      </Enum>
      <Enum identifier="ErrorEthernet">
        <Value>16#108</Value>
        <VisibleName name="local:ErrorEthernet">ErrorEthernet</VisibleName>
      </Enum>
      <Enum identifier="ErrorNoLicence">
        <Value>16#109</Value>
        <VisibleName name="local:ErrorNoLicence">ErrorNoLicence</VisibleName>
      </Enum>
      <Enum identifier="ErrorIPNotMatching">
        <Value>16#10A</Value>
        <VisibleName name="local:ErrorEthernet">ErrorIPNotMatching</VisibleName>
      </Enum>
    </EnumType>
    <StructType name="TControllerOptions">
      <Component identifier="structVersion" type="std:UDINT" offlineaccess="read">
        <Default>1</Default>
        <VisibleName name="local:structVersion">structVersion</VisibleName>
      </Component>
      <Component identifier="IOxSSettings" type="local:IOxSSettings">
        <Default />
        <VisibleName name="local:IOxSSettings">IOxSSettings</VisibleName>
      </Component>
      <Component identifier="LogDiagAlarms" type="std:BOOL">
        <Default />
        <VisibleName name="local:LogDiagAlarms">LogDiagAlarms</VisibleName>
      </Component>
    </StructType>
    <StructType name="IOxSSettings">
      <Component identifier="IOPSInStop" type="std:BYTE">
        <Default>16#60</Default>
        <VisibleName name="local:structVersion">IOPSInStop</VisibleName>
      </Component>
      <Component identifier="PSInputDataMapped" type="std:BOOL">
        <Default>TRUE</Default>
        <VisibleName name="local:PSInputDataMapped">PSInputDataMapped</VisibleName>
      </Component>
      <Component identifier="PSOutputDataMapped" type="std:BOOL">
        <Default>FALSE</Default>
        <VisibleName name="local:PSOutputDataMapped">PSOutputDataMapped</VisibleName>
      </Component>
      <Component identifier="CSInputDataMapped" type="std:BOOL">
        <Default>FALSE</Default>
        <VisibleName name="local:CSInputDataMapped">CSInputDataMapped</VisibleName>
      </Component>
      <Component identifier="CSOutputDataMapped" type="std:BOOL">
        <Default>TRUE</Default>
        <VisibleName name="local:CSOutputDataMapped">CSOutputDataMapped</VisibleName>
      </Component>
    </StructType>
  </Types>
  <Strings namespace="local">
  </Strings>
  <Strings namespace="RTSLog_IoDrvCIFX">
    <Language lang="en">
      <!-- Messages: -->
      <!-- INFOID_IOCONFIGPARAMETERMISSING : UDINT := 16#00000222; -->
      <String identifier="ID_00000222">Invalid io configuration. An parameter is missing. Configuation failed!</String>
      <!-- INFOID_MACADDRESSINVALID : UDINT := 16#0000020E -->
      <String identifier="ID_0000020E">Invalid configuration parameter MAC ADDRESS. Ident service failed!</String>
      <!-- INFOID_INVALIDCONFIGPARAMETERNOMINATE : UDINT := 16#00000214; -->
      <String identifier="ID_00000214">Configuation parameters invalid. Nominate service failed!</String>
      <!-- INFOID_NOMINATE_MACADDRESSINVALID : UDINT := 16#00000256 -->
      <String identifier="ID_00000256">Configuation parameter MAC ADDRESS invalid. Nominate service failed</String>
      <!-- INFOID_IPADDRESSINVALID : UDINT := 16#0000020F; -->
      <String identifier="ID_0000020F">Configuation parameter IP ADDRESS invalid. Nominate service failed!</String>
      <!-- INFOID_NETMASKINVALID : UDINT := 16#00000210; -->
      <String identifier="ID_00000210">Configuation parameter NETMASK invalid. Nominate service failed!</String>
      <!-- INFOID_STATIONNAMEINVALID : UDINT := 16#00000211; -->
      <String identifier="ID_00000211">Configuation parameter value STATION NAME invalid. Nominate service failed!</String>
      <!-- INFOID_INVALIDSCANPARAMETERS : UDINT := 16#00000202; -->
      <String identifier="ID_00000211">Invalid Io Configuration. No Scan possible!</String>
      <!-- INFOID_FREESCANNEDDEVICESFAILED : UDINT := 16#00000203; -->
      <String identifier="ID_00000203">Free of scanned devices failed. Scan was stopped!</String>
      <!-- INFOID_ALLOCMEMFAILED : UDINT := 16#00000207; -->
      <String identifier="ID_00000207">Could not allocate memory for next INDICATION packet. Scan failed!</String>
      <!-- INFOID_NOSLAVES : UDINT := 16#0000020D; -->
      <String identifier="ID_0000020D">No slaves found. Scan OK!</String>
      <!-- INFOID_SETIPADDRESSFAILED : UDINT := 16#00000216; -->
      <String identifier="ID_00000216">SET IP ADDRESS failed {cifxcode}. Nominate service failed!</String>
    </Language>
  </Strings>
  <Device>
    <DeviceIdentification>
      <Type>80</Type>
      <Id>0000 0002</Id>
      <Version>3.5.12.60</Version>
    </DeviceIdentification>
    <DeviceInfo>
      <Name name="local:typename">PN-Controller</Name>
      <Description name="local:typedescription">Profinet IO Controller</Description>
      <Vendor name="local:3S">3S - Smart Software Solutions GmbH</Vendor>
      <OrderNumber>1</OrderNumber>
    </DeviceInfo>
    <!-- ModuleType 85 = Profinet IO Ethernet Adapter -->
    <Connector moduleType="85" interface="Common.Ethernet" role="child" explicit="false" connectorId="0" hostpath="-1">
      <InterfaceName name="local:Ethernet">Ethernet</InterfaceName>
      <Slot count="1" allowEmpty="false" />
    </Connector>
    <Connector moduleType="80" interface="Common.PNIO2" role="parent" explicit="false" connectorId="1" hostpath="0">
      <InterfaceName name="local:RAM">PNIO</InterfaceName>
      <Var max="128">
      </Var>
      <DriverInfo needsBusCycle="true" needsBusCycleBeforeReadInputs="true" defaultBusCycleTask="Profinet_IOTask">
        <RequiredCyclicTask cycletime="t#1ms" priority="1" taskname="Profinet_IOTask" implicit="false">
        </RequiredCyclicTask>
        <RequiredCyclicTask cycletime="t#10ms" priority="30" taskname="Profinet_CommunicationTask">
          <taskpou>$(DeviceName).CommCycle</taskpou>
        </RequiredCyclicTask>
        <RequiredLib libname="IoDrvProfinet" vendor="3S - Smart Software Solutions GmbH" version="*" identifier="IoDrvProfinet" placeholderlib="IoDrvProfinet">
          <FBInstance basename="$(DeviceName)" fbname="ProfinetController" fbnamediag="ProfinetControllerDiag">
            <Initialize methodName="Initialize" />
          </FBInstance>
        </RequiredLib>
        <RequiredLib libname="CommFB" vendor="3S - Smart Software Solutions GmbH" version="3.5.12.0" identifier="CommFB" placeholderlib="CommFB" />
        <RequiredLib libname="ProfinetCommon" vendor="3S - Smart Software Solutions GmbH" version="*" identifier="ProfinetCommon" placeholderlib="ProfinetCommon" />
      </DriverInfo>
      <HostParameterSet>
        <Parameter ParameterId="16" type="std:UINT">
          <Attributes offlineaccess="read" />
          <Default>16#3420</Default>
          <Name name="local:ConfigVersion">Config Version</Name>
        </Parameter>
        <Parameter ParameterId="17" type="std:UDINT">
          <Attributes channel="none" download="false" functional="false" offlineaccess="read" onlineaccess="read" />
          <!--
					  Bit 0: PS Input
					  Bit 1: PS Output
					  Bit 2: CS Input
					  Bit 3: CS Output
					-->
          <Default>2#1011</Default>
          <Name name="local:SupportedIOXS">SupportedIOXS</Name>
          <Description name="local:1879048193.Desc">Supported Provider-/Consumer States</Description>
        </Parameter>
        <Parameter ParameterId="18" type="local:TControllerOptions">
          <Attributes channel="none" functional="false" offlineaccess="readwrite" onlineaccess="read" />
          <Name name="local:SupportedIOXS">Controller Options</Name>
          <Description name="local:1879048193.Desc">
          </Description>
          <Default>
            <Element name="structVersion">1</Element>
            <Element name="IOxSSettings">
              <Element name="IOPSInStop">16#60</Element>
              <Element name="PSInputDataMapped">TRUE</Element>
              <Element name="PSOutputDataMapped">FALSE</Element>
              <Element name="CSInputDataMapped">FALSE</Element>
              <Element name="CSOutputDataMapped">TRUE</Element>
            </Element>
            <Element name="LogDiagAlarms">TRUE</Element>
          </Default>
        </Parameter>
        <!--
				<Parameter ParameterId="64" type="std:DWORD">
				  <Attributes offlineaccess="read"/>
				  <Default>2#1001</Default>
				  <Name name="local:SystemFlags">System Flags</Name>
				</Parameter>
				-->
        <!--
				<Parameter ParameterId="64" type="std:BOOL">
					<Attributes offlineaccess="readwrite" onlineaccess="read"/>
					<Default>FALSE</Default>
					<Name name="local:ForwardIP">Forward IP Packets</Name>
					<Description name="local:ForwardIP.Desc">Forward non RT Ethernet Frames to IP Stack (TRUE for RTE)</Description>
				</Parameter>
				-->
        <Parameter ParameterId="65" type="std:DWORD">
          <Attributes />
          <Default>16#3</Default>
          <Name name="local:IPFlags">IP Flags</Name>
        </Parameter>
        <Parameter ParameterId="66" type="std:BOOL">
          <Attributes download="false" offlineaccess="read" onlineaccess="none" />
          <Default>TRUE</Default>
          <Name name="local:ScanModuleIdentNrSupported">ScanModuleIdentNrSupported</Name>
        </Parameter>
        <Parameter ParameterId="67" type="std:UDINT">
          <Attributes offlineaccess="read" onlineaccess="read" download="false" functional="false" />
          <Default>16#03050300</Default>
          <Name name="local:Parameter.OnlineServiceVersion">OnlineServiceVersion</Name>
        </Parameter>
        <Parameter ParameterId="68" type="std:BOOL">
          <Attributes download="false" offlineaccess="read" onlineaccess="none" />
          <Default>TRUE</Default>
          <Name name="local:CreateSwappingInfo">CreateSwappingInfo</Name>
        </Parameter>
        <Parameter ParameterId="128" type="std:WORD">
          <Attributes />
          <Default>716</Default>
          <!--0x2CC -->
          <Name name="local:VendorID">Vendor ID</Name>
        </Parameter>
        <Parameter ParameterId="129" type="std:WORD">
          <Attributes />
          <Default>136</Default>
          <Name name="local:DeviceID">Device ID</Name>
        </Parameter>
        <Parameter ParameterId="130" type="std:STRING">
          <Attributes />
          <Default>'controller'</Default>
          <Name name="local:StationName">Station Name</Name>
        </Parameter>
        <Parameter ParameterId="131" type="std:STRING">
          <Attributes />
          <Default>'3S Smart Software Solutions GmbH'</Default>
          <Name name="local:VendorName">Vendor Name</Name>
        </Parameter>
        <!-- no, use Interface Name of Ethernet adapter
				<Parameter ParameterId="132" type="std:ARRAY[0..5] OF BYTE">
					<Attributes />
					<Default>[16#68, 16#05, 16#CA, 16#12, 16#AC, 16#09]</Default>
					<Name name="local:StationName">Interface MAC</Name>
				</Parameter>
				-->
        <!--
				<Parameter ParameterId="256" type="std:ARRAY[0..3] OF BYTE">
					<Attributes />
					<Default>[192,168,10,1]</Default>
					<Name name="local:IPAddress">IP Address</Name>
				</Parameter>
				<Parameter ParameterId="257" type="std:ARRAY[0..3] OF BYTE">
					<Attributes />
					<Default>[255,255,255,0]</Default>
					<Name name="local:NetMask">Subnet Mask</Name>
				</Parameter>
				<Parameter ParameterId="258" type="std:ARRAY[0..3] OF BYTE">
					<Attributes />
					<Default>[0,0,0,0]</Default>
					<Name name="local:Gateway">Gateway Address</Name>
				</Parameter>
				-->
        <Parameter ParameterId="384" type="std:ARRAY[0..3] OF BYTE">
          <Attributes download="false" />
          <Default>[192,168,1,2]</Default>
          <Name name="local:FirstIPAddress">First IP Address</Name>
        </Parameter>
        <Parameter ParameterId="385" type="std:ARRAY[0..3] OF BYTE">
          <Attributes download="false" />
          <Default>[192,168,1,254]</Default>
          <Name name="local:LastIPAddress">Last IP Address</Name>
        </Parameter>
        <Parameter ParameterId="386" type="std:ARRAY[0..3] OF BYTE">
          <Attributes download="false" />
          <Default>[255,255,255,0]</Default>
          <Name name="local:DefaultNetMask">Default Subnet Mask</Name>
        </Parameter>
        <Parameter ParameterId="387" type="std:ARRAY[0..3] OF BYTE">
          <Attributes download="false" />
          <Default>[0,0,0,0]</Default>
          <Name name="local:DefaultGateway">Default Gateway Address</Name>
        </Parameter>
        <!--
				 <Parameter ParameterId="512" type="std:DWORD">
				  <Attributes channel="none" download="true" functional="false" offlineaccess="readwrite" onlineaccess="read" />
				  <Default>1000</Default>
				  <Name name="local:Id512">Watchdog</Name>
				  <Description name="local:1879048193.Desc">Master watchdog</Description>
				</Parameter>
				 <Parameter ParameterId="1879048193" type="std:WORD">
				  <Attributes channel="none" download="true" functional="false" offlineaccess="readwrite" onlineaccess="read" />
				  <Default>1000</Default>
				  <Name name="local:Id1879048193">HWWatchdog</Name>
				  <Description name="local:1879048193.Desc">Hardware watchdog</Description>
				  </Parameter>     		
				-->
        <Parameter ParameterId="1879048197" type="std:UINT">
          <!-- 0x7000 0005 -->
          <Attributes channel="none" download="true" functional="false" offlineaccess="readwrite" onlineaccess="read" />
          <Default>2#0101</Default>
          <!--
					  Bit 0: Sort Mappings
					  Bit 1: reserved (Assemble Bits)
					  Bit 2: Byte - aggregate succeeding mappings with a size of Byte/8 Bits
					  Bit 3: GreaterByte - aggregate succeeding mappings with a size of 8 Bits or more (DPM- and Host-Byteorder have to be the same)
					-->
          <Name name="local:Id1879048197">IO-Channel Optimization</Name>
          <Description name="local:1879048197.Desc">IO-Channel Optimization (by Plugin)</Description>
        </Parameter>
        <!-- CIFX only (are in reserved user space !!! 
				<Parameter ParameterId="2147483648" type="std:BOOL">  //0x8000 0000
					<Attributes channel="none" download="true" functional="false" offlineaccess="readwrite" onlineaccess="read" />
					<Default>TRUE</Default>
					<Name name="local:Id2147483648">OptimizationOn</Name>
					<Description name="local:2147483648.Desc">the driver optimizes the io update</Description>
				</Parameter>		
				<Parameter ParameterId="2147483649" type="local:Enum_ByteOrder">	//0x80000001
					<Attributes channel="none" download="true" functional="false" offlineaccess="read" onlineaccess="read" />
					<Default>TRUE</Default>
					
					<Name name="local:IOByteOrder">IO_ByteOrder</Name>	//Big Endian 
				</Parameter> 
				
				-->
        <!--Parameter ParameterId="327762" type="local:TCIFXMasterDiag">
				  <Attributes channel="diag" download="true" functional="false" offlineaccess="read" onlineaccess="read" />
				  <Default>
					<Element name="CommunicationCOS">0</Element>
					<Element name="CommunicationState">0</Element>
					<Element name="Version">0</Element>
					<Element name="Watchdog">0</Element>
					<Element name="ErrorCount">0</Element>
					<Element name="SlaveState">0</Element>
					<Element name="NumConfigSlaves">0</Element>
					<Element name="NumActiveSlaves">0</Element>
					<Element name="NumDiagSlaves">0</Element>
				  </Default>
				  <Name name="local:Id327762">MasterDiag</Name>
				  <Description name="local:Id327762.Desc">Profinet IO master diagnostic information</Description>
				</Parameter-->
        <!-- deprecated
				<Parameter ParameterId="262144" type="std:STRING">
				  <Attributes channel="none" download="false" functional="false" offlineaccess="none" onlineaccess="none" />
				  <Default>PNSlaveDiag</Default>
				  <Name name="local:IdHex40000">SlaveDiagFBType</Name>
				  <Description name="local:IdHex40000.Desc">Type of Diag FB instance for a slave</Description>
				</Parameter>
				-->
        <Parameter ParameterId="300" type="local:DriverDiagT">
          <Attributes channel="diag" download="true" functional="false" offlineaccess="read" onlineaccess="read" />
          <Name name="local:DriverDiag">Driver Diag</Name>
          <Description name="local:DriverDiag.Desc">Profinet IO Driver diagnostic information</Description>
        </Parameter>
        <Parameter ParameterId="262145" type="local:FBInstance">
          <Attributes download="false" offlineaccess="read" />
          <Default>
            <Element name="FBType">'PNSlave'</Element>
            <Element name="FBDiagType">'PNSlaveDiag'</Element>
            <Element name="InitMethodName">'Initialize'</Element>
          </Default>
          <Name name="local:IdHex40001">PNSlaveInstance</Name>
          <Description name="local:IdHex40001.Desc">Implicit Function Block for PN Slave Devices.</Description>
        </Parameter>
        <!-- PDev of Controller -->
        <ParameterSection>
          <Name name="local:InterfaceSubmodule1">InterfaceSubmodule1</Name>
          <!--Parameter ParameterId="66" type="std:BOOL">
						<Attributes download="false" offlineaccess="none" onlineaccess="none" />
						<Default>TRUE</Default>
						<Name name="local:TreeView">TreeView</Name>
					</Parameter-->
          <Parameter ParameterId="69681" type="local:TInterfaceSubmodule">
            <Attributes offlineaccess="read" />
            <Default>
              <Element name="structVersion">3</Element>
              <Element name="NetworkComponentDiagnosisSupported">FALSE</Element>
              <Element name="DCP_HelloSupported">FALSE</Element>
              <Element name="PTP_BoundarySupported">FALSE</Element>
              <Element name="DCP_BoundarySupported">FALSE</Element>
              <Element name="MulticastBoundarySupported">FALSE</Element>
              <Element name="ParameterizationDisallowed">FALSE</Element>
              <Element name="DelayMeasurementSupported">FALSE</Element>
              <Element name="PDEV_CombinedObjectSupported">FALSE</Element>
              <Element name="StartupModeAdvanced_supp">FALSE</Element>
              <Element name="StartupModeLegacy_supp">FALSE</Element>
              <Element name="PullModuleAlarmSupported">FALSE</Element>
              <Element name="UsesStaticARP_CacheEntries">FALSE</Element>
              <Element name="IM5_Supported">FALSE</Element>
              <Element name="TimeSynchronisationSpecified">FALSE</Element>
              <Element name="MediaRedundancySpecified">FALSE</Element>
              <Element name="dummy5">FALSE</Element>
              <Element name="MaxFrameStartTime">0</Element>
              <Element name="MinNRT_Gap">960</Element>
              <Element name="MediaRedundancy">
                <Element name="SupportedRole">0</Element>
                <Element name="SupportedMultipleRole">0</Element>
                <Element name="MaxMRP_Instances">0</Element>
                <Element name="MRPD_Supported">FALSE</Element>
                <Element name="MRT_Supported">FALSE</Element>
                <Element name="AdditionalProtocolsSupported">FALSE</Element>
                <Element name="dummy1">FALSE</Element>
                <Element name="dummy2">FALSE</Element>
                <Element name="dummy3">FALSE</Element>
                <Element name="dummy4">FALSE</Element>
                <Element name="dummy5">FALSE</Element>
              </Element>
              <Element name="SupportedRT_Classes">2#00000011</Element>
              <Element name="SupportedProtocols">2#00000010</Element>
              <Element name="Writeable_IM_Records">2#00000000</Element>
            </Default>
            <Name name="local:InterfaceSubmoduleInfo">InterfaceSubmoduleInfo</Name>
          </Parameter>
          <!--
					<Parameter ParameterId="69683" type="local:RT_Class3Properties">
						<Attributes offlineaccess="read" download="true" />
						<Default>
							<Element name="structVersion">1</Element>
							<Element name="StartupModeAdvanced_supp">TRUE</Element>
							<Element name="StartupModeLegacy_supp">TRUE</Element>
							<Element name="ForwardingModeAbsolute_supp">FALSE</Element>
							<Element name="StartupModeRelative_supp">TRUE</Element>
							<Element name="AlignDFP_Subframes">FALSE</Element>
							<Element name="dummy1">FALSE</Element>
							<Element name="dummy2">FALSE</Element>
							<Element name="dummy3">FALSE</Element>
							<Element name="MaxBridgeDelay">5500</Element>
							<Element name="MaxBridgeDelayFFW">0</Element>
							<Element name="MaxDFP_Feed">0</Element>
							<Element name="MaxDFP_Frames">0</Element>
							<Element name="MaxNumberIR_FrameData">256</Element>
							<Element name="MaxRangeIR_FrameID">1024</Element>
							<Element name="FragmentationType">0</Element>
							<Element name="MaxRedPeriodLength">3875</Element>
							<Element name="MinFSO">5000</Element>
							<Element name="MinRTC3_Gap">0</Element>
							<Element name="MinYellowTime">0</Element>
							<Element name="YellowSafetyMargin">0</Element>
						</Default>
						<Name name="local:RT_Class3Properties">RT_Class3Properties</Name>
					</Parameter>
					-->
          <Parameter ParameterId="69684" type="local:TimingPropertiesT_5">
            <Attributes offlineaccess="read" download="false" />
            <Default>
              <Element name="structVersion">1</Element>
              <Element name="ReductionRatio">16#03FF</Element>
              <Element name="ReductionRatioPow2">16#0000</Element>
              <Element name="ReductionRatioNonPow2">16#0000</Element>
              <Element name="PreferredSendClock">0</Element>
              <Element name="SendClockCount">5</Element>
              <Element name="SendClock">[8,16,32,64,128]</Element>
            </Default>
            <Name name="local:TimingProperties">TimingProperties</Name>
          </Parameter>
        </ParameterSection>
        <ParameterSection>
          <Name name="local:PortSubmodule1">PortSubmodule1</Name>
          <Parameter ParameterId="135218" type="local:TPortSubmodule">
            <Attributes offlineaccess="read" />
            <Default>
              <Element name="structVersion">1</Element>
              <Element name="LinkStateDiagnosisCapability">0</Element>
              <Element name="MaxPortTxDelay">0</Element>
              <Element name="MaxPortRxDelay">0</Element>
              <Element name="PortDeactivationSupported">FALSE</Element>
              <Element name="PowerBudgetControlSupported">FALSE</Element>
              <Element name="SupportsRingportConfig">FALSE</Element>
              <Element name="IsDefaultRingport">FALSE</Element>
              <Element name="ParameterizationDisallowed">FALSE</Element>
              <Element name="CheckMAUTypeSupported">FALSE</Element>
              <Element name="ShortPreamble100MBitSupported">FALSE</Element>
              <Element name="dummy1">FALSE</Element>
            </Default>
            <Name name="local:PortSubmoduleInfo">PortSubmoduleInfo</Name>
          </Parameter>
        </ParameterSection>
      </HostParameterSet>
      <Appearance>
        <ShowEditor>PNIOControllerParameters</ShowEditor>
        <ShowEditor>PNIOConfigOverview</ShowEditor>
        <ShowEditor>PNIOTopologyConfig</ShowEditor>
        <ShowEditor>IOMappingEditor</ShowEditor>
        <ShowEditor>ParameterEditor</ShowEditor>
        <ShowEditor>StatusPage</ShowEditor>
        <ShowEditor>DeviceInformation</ShowEditor>
      </Appearance>
    </Connector>
    <ExtendedSettings>
      <ts:TargetSettings>
        <ts:section name="library-management">
          <ts:section name="placeholder-libraries">
            <ts:setting name="IoDrvProfinet" type="string" access="visible">
              <ts:value>IoDrvProfinet, 3.5.12.30 (3S - Smart Software Solutions GmbH)</ts:value>
            </ts:setting>
            <ts:setting name="IoDrvProfinetBase" type="string" access="visible">
              <ts:value>IoDrvProfinetBase, 3.5.12.30 (3S - Smart Software Solutions GmbH)</ts:value>
            </ts:setting>
            <ts:setting name="Profinet" type="string" access="visible">
              <ts:value>Profinet, 3.5.12.60 (3S - Smart Software Solutions GmbH)</ts:value>
            </ts:setting>
            <ts:setting name="ProfinetCommon" type="string" access="visible">
              <ts:value>ProfinetCommon, 3.5.12.0 (3S - Smart Software Solutions GmbH)</ts:value>
            </ts:setting>
            <ts:setting name="RPC" type="string" access="visible">
              <ts:value>Remote Procedure Calls, 3.5.11.0 (3S - Smart Software Solutions GmbH)</ts:value>
            </ts:setting>
            <ts:setting name="CommFB" type="string" access="visible">
              <ts:value>CommFB, 3.5.12.0 (3S - Smart Software Solutions GmbH)</ts:value>
            </ts:setting>
          </ts:section>
        </ts:section>
      </ts:TargetSettings>
    </ExtendedSettings>
  </Device>
</DeviceDescription>