<?xml version="1.0" encoding="utf-8"?>
<DeviceDescription xmlns="http://www.3s-software.com/schemas/DeviceDescription-1.0.xsd" xmlns:ts="http://www.3s-software.com/schemas/TargetSettings-0.1.xsd" xmlns:xsi="http://www.w3.org/2001/XMLSchema-instance">
      <!--<Types namespace="std"></Types>-->  
	<Types namespace="localtype">
	  <BitfieldType basetype="std:BYTE" name="SByte">
		  <Component identifier="Bit0" type="std:BOOL">
		    <Default />
			<VisibleName name="localtype:SByte.Bit0"> BIT0 </VisibleName>
		  </Component>
		  <Component identifier="Bit1" type="std:BOOL">
			<Default />
			<VisibleName name="localtype:SByte.Bit1"> BIT1</VisibleName>
		  </Component>
		  <Component identifier="Bit2" type="std:BOOL">
			<Default />
			<VisibleName name="localtype:SByte.Bit2"> BIT2</VisibleName>
		  </Component>
		  <Component identifier="Bit3" type="std:BOOL">
			<Default />
			<VisibleName name="localtype:SByte.Bit3"> BIT3 </VisibleName>
		  </Component>
		  <Component identifier="Bit4" type="std:BOOL">
			<Default />
			<VisibleName name="localtype:SByte.Bit4"> BIT4 </VisibleName>
		  </Component>
		  <Component identifier="Bit5" type="std:BOOL">
			<Default />
			<VisibleName name="localtype:SByte.Bit5"> BIT5 </VisibleName>
		  </Component>
		  <Component identifier="Bit6" type="std:BOOL">
			<Default />
			<VisibleName name="localtype:SByte.Bit6"> BIT6 </VisibleName>
		  </Component>
		  <Component identifier="Bit7" type="std:BOOL">
			<Default />
			<VisibleName name="localtype:SByte.Bit7"> BIT7 </VisibleName>
		  </Component>
	  </BitfieldType>	  
    </Types>
  <Strings namespace="local">
    <Language lang="en">
      <String identifier="ModelName">iR-DQ16-N</String>
      <String identifier="DeviceDescription">16 Points Sink Type Digital Output, Consumption(5V)-205mA/1.02 W </String>
      <String identifier="VendorName">Weintek Labs., Inc.</String>
      <String identifier="typename">IO Device</String>
      <String identifier="typedescription">iR IO</String>
    </Language>
  </Strings>
  <Device hideInCatalogue="false">
    <DeviceIdentification>
      <Type>30594</Type>
      <Id>16bf 0252</Id>	<!-- vendor code : 10ad / module id : xx00 -->
      <Version>1.0.0.0</Version>
    </DeviceIdentification>
    <DeviceInfo>
      <Name name="local:ModelName">iR-DQ16-N</Name>
      <Description name="local:DeviceDescription">Digital Output 16 Points, Source</Description>
      <Vendor name="local:VendorName">Weintek Labs., Inc.</Vendor>
      <OrderNumber>iR-DQ16-N</OrderNumber>
    </DeviceInfo>
    <Connector moduleType="30594" interface="Weintek:Internal" role="child" explicit="false" connectorId="1" hostpath="-1">
      <InterfaceName name="local:PCI">Module</InterfaceName>
      <DriverInfo needsBusCycle="true">
	  </DriverInfo>
      <Slot count="1" allowEmpty="false"></Slot>
      <HostParameterSet>
	  	<Parameter ParameterId="4000" type="localtype:SByte">
          <Attributes channel="output" download="true" functional="false" offlineaccess="write" onlineaccess="write" />
          <Default>0</Default>
          <Name name="local:out0">OUT0</Name>
		  <Description name="local:out0"> 24Vdc Sink Output </Description>
        </Parameter>
        <Parameter ParameterId="4001" type="localtype:SByte">
          <Attributes channel="output" download="true" functional="false" offlineaccess="write" onlineaccess="write" />
          <Default>0</Default>
          <Name name="local:out1">OUT1</Name>
		  <Description name="local:out1"> 24Vdc Sink Output </Description>
        </Parameter>			
      </HostParameterSet>
    </Connector>
  </Device>
</DeviceDescription>
