<?xml version="1.0" encoding="utf-8"?>
<DeviceDescription xmlns="http://www.3s-software.com/schemas/DeviceDescription-1.0.xsd" xmlns:ts="http://www.3s-software.com/schemas/TargetSettings-0.1.xsd" xmlns:xsi="http://www.w3.org/2001/XMLSchema-instance">
  <Types namespace="localTypes">
  	<EnumType name="BitEN" basetype="std:BOOL">
	  <Enum identifier="DISABLE">
	    <Value>0</Value>
	    <VisibleName name="local:DISABLE">DISABLE</VisibleName>
	  </Enum>
      <Enum identifier="ENABLE">
        <Value>1</Value>
        <VisibleName name="local:ENABLE">ENABLE</VisibleName>
      </Enum>  
    </EnumType>
	<EnumType name="CoverTimeTYPE" basetype="std:UINT">
	  <Enum identifier="Cov2ms">
	    <Value>1</Value>
	    <VisibleName name="local:Cov2ms">2ms</VisibleName>
	  </Enum>
      <Enum identifier="Cov5ms">
        <Value>2</Value>
        <VisibleName name="local:Cov5ms">5ms</VisibleName>
      </Enum>
      <Enum identifier="Cov10ms">
        <Value>3</Value>
        <VisibleName name="local:Cov10ms">10ms</VisibleName>
      </Enum>
	  <Enum identifier="Cov15ms">
        <Value>4</Value>
        <VisibleName name="local:Cov15ms">15ms</VisibleName>
      </Enum>	
	  <Enum identifier="Cov25ms">
        <Value>5</Value>
        <VisibleName name="local:Cov25ms">25ms</VisibleName>
      </Enum>
      <Enum identifier="Cov60ms">
        <Value>6</Value>
        <VisibleName name="local:Cov60ms">60ms</VisibleName>
      </Enum>
      <Enum identifier="Cov05ms">
        <Value>7</Value>
        <VisibleName name="local:Cov05ms">0.5ms(Fast Converison mode)</VisibleName>
      </Enum>	  
    </EnumType>
	<EnumType name="VImode" basetype="std:UINT">
	  <Enum identifier="Disable">
	    <Value>0</Value>
	    <VisibleName name="local:Disable">Disable</VisibleName>
	  </Enum>
      <Enum identifier="Mode10v">
        <Value>1</Value>
        <VisibleName name="local:Mode10v">-10V~+10V</VisibleName>
      </Enum>
      <Enum identifier="Mode5v">
        <Value>2</Value>
        <VisibleName name="local:Mode5v">-5V~+5V</VisibleName>
      </Enum>
	  <Enum identifier="Mode1To5v">
        <Value>3</Value>
        <VisibleName name="local:Mode1To5v">1~5V</VisibleName>
      </Enum>	
	  <Enum identifier="Mode20mA">
        <Value>4</Value>
        <VisibleName name="local:Mode20mA">-20mA~+20mA</VisibleName>
      </Enum>
      <Enum identifier="Mode4To20mA">
        <Value>5</Value>
        <VisibleName name="local:Mode4To20mA">4mA~20mA</VisibleName>
      </Enum>  
    </EnumType>
	<EnumType name="SIZE" basetype="std:UINT">
	  <Enum identifier="Times0">
	    <Value>0</Value>
	    <VisibleName name="local:Times0">Disable</VisibleName>
	  </Enum>
	  <Enum identifier="Times1">
	    <Value>1</Value>
	    <VisibleName name="local:Times1">1</VisibleName>
	  </Enum>
	  <Enum identifier="Times2">
	    <Value>2</Value>
	    <VisibleName name="local:Times2">2</VisibleName>
	  </Enum>
	  <Enum identifier="Times3">
	    <Value>3</Value>
	    <VisibleName name="local:Times3">3</VisibleName>
	  </Enum>
	  <Enum identifier="Times4">
	    <Value>4</Value>
	    <VisibleName name="local:Times4">4</VisibleName>
	  </Enum>
	  <Enum identifier="Times5">
	    <Value>5</Value>
	    <VisibleName name="local:Times5">5</VisibleName>
	  </Enum>
	  <Enum identifier="Times6">
	    <Value>6</Value>
	    <VisibleName name="local:Times6">6</VisibleName>
	  </Enum>
	  <Enum identifier="Times7">
	    <Value>7</Value>
	    <VisibleName name="local:Times7">7</VisibleName>
	  </Enum>
	  <Enum identifier="Times8">
	    <Value>8</Value>
	    <VisibleName name="local:Times8">8</VisibleName>
	  </Enum>
	  <Enum identifier="Times9">
	    <Value>9</Value>
	    <VisibleName name="local:Times9">9</VisibleName>
	  </Enum>
	  <Enum identifier="Times10">
	    <Value>10</Value>
	    <VisibleName name="local:Times10">10</VisibleName>
	  </Enum>
	  <Enum identifier="Times11">
	    <Value>11</Value>
	    <VisibleName name="local:Times11">11</VisibleName>
	  </Enum>
	  <Enum identifier="Times12">
	    <Value>12</Value>
	    <VisibleName name="local:Times12">12</VisibleName>
	  </Enum>
	  <Enum identifier="Times13">
	    <Value>13</Value>
	    <VisibleName name="local:Times13">13</VisibleName>
	  </Enum>
	  <Enum identifier="Times14">
	    <Value>14</Value>
	    <VisibleName name="local:Times14">14</VisibleName>
	  </Enum>
	  <Enum identifier="Times15">
	    <Value>15</Value>
	    <VisibleName name="local:Times15">15</VisibleName>
	  </Enum>
	  <Enum identifier="Times16">
	    <Value>16</Value>
	    <VisibleName name="local:Times16">16</VisibleName>
	  </Enum>
	  <Enum identifier="Times17">
	    <Value>17</Value>
	    <VisibleName name="local:Times17">17</VisibleName>
	  </Enum>
	  <Enum identifier="Times18">
	    <Value>18</Value>
	    <VisibleName name="local:Times18">18</VisibleName>
	  </Enum>
	  <Enum identifier="Times19">
	    <Value>19</Value>
	    <VisibleName name="local:Times19">19</VisibleName>
	  </Enum>
	  <Enum identifier="Times20">
	    <Value>20</Value>
	    <VisibleName name="local:Times20">20</VisibleName>
	  </Enum>
    </EnumType>	
	
	<BitfieldType name="BitUINT" basetype="std:UINT" >
		  <Component identifier="Bit0" type="localTypes:BitEN">
		    <Default>1</Default>
			<VisibleName name="localtype:SByte.Bit0"> Channel 0 Input Detection </VisibleName>
		  </Component>
		  <Component identifier="Bit1" type="localTypes:BitEN">
		    <Default>1</Default>
			<VisibleName name="localtype:SByte.Bit1"> Channel 1 Input Detection </VisibleName>
		  </Component>
		  <Component identifier="Bit2" type="localTypes:BitEN">
		    <Default>1</Default>
			<VisibleName name="localtype:SByte.Bit2"> Channel 2 Input Detection </VisibleName>
		  </Component>
		  <Component identifier="Bit3" type="localTypes:BitEN">
		    <Default>1</Default>
			<VisibleName name="localtype:SByte.Bit3"> Channel 3 Input Detection </VisibleName>
		  </Component>
		  <Component identifier="Bit4" type="localTypes:BitEN">
			 <Default>1</Default>
			<VisibleName name="localtype:SByte.Bit4"> Channel 0 Output Detection </VisibleName>
		  </Component>
		  <Component identifier="Bit5" type="localTypes:BitEN">
			 <Default>1</Default>
			<VisibleName name="localtype:SByte.Bit5"> Channel 1 Output Detection </VisibleName>
		  </Component>
		  <Component identifier="Bit6" type="std:BOOL">
			 <Default>1</Default>
			<VisibleName name="localtype:SByte.Bit6"> BIT6 </VisibleName>
		  </Component>
		  <Component identifier="Bit7" type="std:BOOL">
			 <Default>1</Default>
			<VisibleName name="localtype:SByte.Bit7"> BIT7 </VisibleName>
		  </Component>
	  </BitfieldType>
  </Types>
  
  <Strings namespace="local">
    <Language lang="en">
      <String identifier="ModelName">iR-AM06-VI</String>
      <String identifier="DeviceDescription"> Analog,4 × Input 16bit , 2 × Output 12bit , ±10V、±20mA、1-5V、4-20mA, Consumption(5V)-70mA/0.35W </String>
      <String identifier="VendorName">Weintek Labs., Inc.</String>
      <String identifier="typename">MyDevice_With_Libs</String>
      <String identifier="typedescription">iR IO</String>
    </Language>
  </Strings>
  <Device hideInCatalogue="false">
    <DeviceIdentification>
      <Type>31589</Type>
      <Id>16bf 0635</Id>
      <Version>1.0.0.0</Version>
    </DeviceIdentification>
    <DeviceInfo>
	  <Name name="local:ModelName">iR-AM06-VI</Name>
      <Description name="local:DeviceDescription">Analog,4 × Input 16bit , 2 × Output 12bit , ±10V、±20mA、1-5V、4-20mA</Description>
      <Vendor name="local:VendorName">Weintek Labs., Inc.</Vendor>
      <OrderNumber>iR-AM06-VI</OrderNumber>
    </DeviceInfo>
    <Connector moduleType="31589" interface="Weintek:Internal" role="child" explicit="false" connectorId="1" hostpath="-1">
      <InterfaceName name="local:PCI">Module</InterfaceName>
      <DriverInfo needsBusCycle="true">
	  </DriverInfo>
      <Slot count="1" allowEmpty="false"></Slot>
      <HostParameterSet>
	    <Parameter ParameterId="5000" type="std:INT">
          <Attributes channel="input" download="true" functional="false" offlineaccess="read" onlineaccess="read" />
          <Default>0</Default>
          <Name name="local:in0">AI0</Name>
		  <Description name="local:in0"> Analog Input 0 </Description>
        </Parameter>	   
  		<Parameter ParameterId="5001" type="std:INT">
          <Attributes channel="input" download="true" functional="false" offlineaccess="read" onlineaccess="read" />
          <Default>0</Default>
          <Name name="local:in1">AI1</Name>
		  <Description name="local:in1"> Analog Input 1 </Description>
        </Parameter>	    
        <Parameter ParameterId="5002" type="std:INT">
          <Attributes channel="input" download="true" functional="false" offlineaccess="read" onlineaccess="read" />
          <Default>0</Default>
          <Name name="local:in2">AI2</Name>
		  <Description name="local:in2"> Analog Input 2 </Description>
        </Parameter>	    
		<Parameter ParameterId="5003" type="std:INT">
          <Attributes channel="input" download="true" functional="false" offlineaccess="read" onlineaccess="read" />
          <Default>0</Default>
          <Name name="local:in3">AI3</Name>
		  <Description name="local:in2"> Analog Input 3 </Description>
        </Parameter>
		<Parameter ParameterId="6000" type="std:INT">
          <Attributes channel="output" download="true" functional="false" offlineaccess="write" onlineaccess="write" />
          <Default>0</Default>
          <Name name="local:out0">AO0</Name>
		  <Description name="local:out0"> Analog Output 0 </Description>
        </Parameter>	   
  		<Parameter ParameterId="6001" type="std:INT">
          <Attributes channel="output" download="true" functional="false" offlineaccess="write" onlineaccess="write" />
          <Default>0</Default>
          <Name name="local:out1">AO1</Name>
		  <Description name="local:out0"> Analog Output 1 </Description>
        </Parameter>
		<!--  Parameter added  -->
		<Parameter ParameterId="10000" type="localTypes:VImode">
          <Attributes channel="none" download="true" functional="false" offlineaccess="write" onlineaccess="none" />
		  <Default>1</Default>
          <Name name="local:Id10000">Channel 0 Output Mode</Name>
          <Description name="local:Id10000.Desc">Voltage or Current Mode</Description>
        </Parameter>
		<Parameter ParameterId="10001" type="localTypes:VImode">
          <Attributes channel="none" download="true" functional="false" offlineaccess="write" onlineaccess="none" />
          <Default>1</Default>
          <Name name="local:Id10001">Channel 1 Output Mode</Name>
          <Description name="local:Id10001.Desc">Voltage or Current Mode</Description>
        </Parameter>
		<Parameter ParameterId="10004" type="std:INT">
          <Attributes channel="none" download="true" functional="false" offlineaccess="write" onlineaccess="none" />
          <Default>32000</Default>
          <Name name="local:Id10004">Channel 0 Output Scale Range Upper Limit</Name>
          <Description name="local:Id10004.Desc"> </Description>
        </Parameter>
		<Parameter ParameterId="10005" type="std:INT">
          <Attributes channel="none" download="true" functional="false" offlineaccess="write" onlineaccess="none" />
          <Default>32000</Default>
          <Name name="local:Id10005">Channel 1 Output Scale Range Upper Limit</Name>
          <Description name="local:Id10005.Desc"> </Description>
        </Parameter>
		<Parameter ParameterId="10008" type="std:INT">
          <Attributes channel="none" download="true" functional="false" offlineaccess="write" onlineaccess="none" />
          <Default>-32000</Default>
          <Name name="local:Id10008">Channel 0 Output Scale Range Lower Limit</Name>
          <Description name="local:Id10008.Desc"> Default is 0 in 1-5V/4-20mA mode </Description>
        </Parameter>
		<Parameter ParameterId="10009" type="std:INT">
          <Attributes channel="none" download="true" functional="false" offlineaccess="write" onlineaccess="none" />
          <Default>-32000</Default>
          <Name name="local:Id10009">Channel 1 Output Scale Range Lower Limit</Name>
          <Description name="local:Id10009.Desc"> Default is 0 in 1-5V/4-20mA mode</Description>
        </Parameter>
		<Parameter ParameterId="10012" type="std:UINT">
          <Attributes channel="none" download="true" functional="false" offlineaccess="write" onlineaccess="none" />
          <Default>0</Default>
          <Name name="local:Id10012">Channel 0  Output Update Time</Name>
          <Description name="local:Id10012.Desc">  0 = Disable; Allowable range : 0~3200</Description>
		  <Unit name="local:Id10012"> 10ms </Unit>		  
        </Parameter>
		<Parameter ParameterId="10013" type="std:UINT">
          <Attributes channel="none" download="true" functional="false" offlineaccess="write" onlineaccess="none" />
          <Default>0</Default>
          <Name name="local:Id10013">Channel 1  Output Update Time</Name>
          <Description name="local:Id10013.Desc">  0 = Disable; Allowable range : 0~3200 </Description>
		  <Unit name="local:Id10013"> 10ms </Unit>
        </Parameter>
		<Parameter ParameterId="10018" type="localTypes:BitUINT">
          <Attributes channel="none" download="true" functional="false" offlineaccess="write" onlineaccess="none" />
          <Default>255</Default>
          <Name name="local:Id10018">Channel Detection </Name>
          <Description name="local:Id10018.Desc"> </Description>
        </Parameter>
		<Parameter ParameterId="10019" type="localTypes:CoverTimeTYPE">
          <Attributes channel="none" download="true" functional="false" offlineaccess="write" onlineaccess="none" />
		  <Default>1</Default>
          <Name name="local:Id10019">Input Conversion Time</Name>
          <Description name="local:Id10019.Desc">Fast Converison mode for only one channel </Description>
        </Parameter>
		<Parameter ParameterId="10020" type="localTypes:VImode">>
          <Attributes channel="none" download="true" functional="false" offlineaccess="write" onlineaccess="none" />
		  <Default>1</Default>
          <Name name="local:Id10020">Channel 0 Input Mode</Name>
          <Description name="local:Id10020.Desc">Voltage or Current Mode</Description>
        </Parameter>
		<Parameter ParameterId="10021" type="localTypes:VImode">>
          <Attributes channel="none" download="true" functional="false" offlineaccess="write" onlineaccess="none" />
		  <Default>1</Default>
          <Name name="local:Id10021">Channel 1 Input Mode</Name>
          <Description name="local:Id10021.Desc">Voltage or Current Mode</Description>
        </Parameter>
		<Parameter ParameterId="10022" type="localTypes:VImode">>
          <Attributes channel="none" download="true" functional="false" offlineaccess="write" onlineaccess="none" />
		  <Default>1</Default>
          <Name name="local:Id10022">Channel 2 Input Mode</Name>
          <Description name="local:Id10022.Desc">Voltage or Current Mode</Description>
        </Parameter>
		<Parameter ParameterId="10023" type="localTypes:VImode">>
          <Attributes channel="none" download="true" functional="false" offlineaccess="write" onlineaccess="none" />
		  <Default>1</Default>
          <Name name="local:Id10023">Channel 3 Input Mode</Name>
          <Description name="local:Id10023.Desc">Voltage or Current Mode</Description>
        </Parameter>
		<Parameter ParameterId="10024" type="std:INT">
          <Attributes channel="none" download="true" functional="false" offlineaccess="write" onlineaccess="none" />
          <Default>32000</Default>
          <Name name="local:Id10024">Channel 0 Input Scale Range Upper Limit</Name>
          <Description name="local:Id10024.Desc"> </Description>
        </Parameter>
		<Parameter ParameterId="10025" type="std:INT">
          <Attributes channel="none" download="true" functional="false" offlineaccess="write" onlineaccess="none" />
          <Default>32000</Default>
          <Name name="local:Id10025">Channel 1 Input Scale Range Upper Limit</Name>
          <Description name="local:Id10025.Desc"> </Description>
        </Parameter>
		<Parameter ParameterId="10026" type="std:INT">
          <Attributes channel="none" download="true" functional="false" offlineaccess="write" onlineaccess="none" />
          <Default>32000</Default>
          <Name name="local:Id10026">Channel 2 Input Scale Range Upper Limit</Name>
          <Description name="local:Id10026.Desc"> </Description>
        </Parameter>
		<Parameter ParameterId="10027" type="std:INT">
          <Attributes channel="none" download="true" functional="false" offlineaccess="write" onlineaccess="none" />
          <Default>32000</Default>
          <Name name="local:Id10027">Channel 3 Input Scale Range Upper Limit</Name>
          <Description name="local:Id10027.Desc"> </Description>
        </Parameter>
		<Parameter ParameterId="10028" type="std:INT">
          <Attributes channel="none" download="true" functional="false" offlineaccess="write" onlineaccess="none" />
          <Default>-32000</Default>
          <Name name="local:Id10028">Channel 0 Input Scale Range Lower Limit</Name>
          <Description name="local:Id10028.Desc"> Default is 0 in 1-5V/4-20mA mode </Description>
        </Parameter>
		<Parameter ParameterId="10029" type="std:INT">
          <Attributes channel="none" download="true" functional="false" offlineaccess="write" onlineaccess="none" />
          <Default>-32000</Default>
          <Name name="local:Id10029">Channel 1 Input Scale Range Lower Limit</Name>
          <Description name="local:Id10029.Desc"> Default is 0 in 1-5V/4-20mA mode</Description>
        </Parameter>
		<Parameter ParameterId="10030" type="std:INT">
          <Attributes channel="none" download="true" functional="false" offlineaccess="write" onlineaccess="none" />
          <Default>-32000</Default>
          <Name name="local:Id10030">Channel 2 Input Scale Range Lower Limit</Name>
          <Description name="local:Id10030.Desc"> Default is 0 in 1-5V/4-20mA mode</Description>
        </Parameter>
		<Parameter ParameterId="10031" type="std:INT">
          <Attributes channel="none" download="true" functional="false" offlineaccess="write" onlineaccess="none" />
          <Default>-32000</Default>
          <Name name="local:Id10031">Channel 3 Input Scale Range Lower Limit</Name>
          <Description name="local:Id10031.Desc"> Default is 0 in 1-5V/4-20mA mode</Description>
        </Parameter>
		<Parameter ParameterId="10032" type="localTypes:SIZE">
          <Attributes channel="none" download="true" functional="false" offlineaccess="write" onlineaccess="none" />
          <Default>5</Default>
          <Name name="local:Id10032">Channel 0 Input Filter Frame Size</Name>
          <Description name="local:Id10032.Desc"> Allowable range : 0~20 </Description>
        </Parameter>
		<Parameter ParameterId="10033" type="localTypes:SIZE">
          <Attributes channel="none" download="true" functional="false" offlineaccess="write" onlineaccess="none" />
          <Default>5</Default>
          <Name name="local:Id10033">Channel 1 Input Filter Frame Size</Name>
          <Description name="local:Id10033.Desc"> Allowable range : 0~20</Description>
        </Parameter>
		<Parameter ParameterId="10034" type="localTypes:SIZE">
          <Attributes channel="none" download="true" functional="false" offlineaccess="write" onlineaccess="none" />
          <Default>5</Default>
          <Name name="local:Id10034">Channel 2 Input Filter Frame Size</Name>
          <Description name="local:Id10034.Desc"> Allowable range : 0~20 </Description>
        </Parameter>
		<Parameter ParameterId="10035" type="localTypes:SIZE">
          <Attributes channel="none" download="true" functional="false" offlineaccess="write" onlineaccess="none" />
          <Default>5</Default>
          <Name name="local:Id10035">Channel 3 Input Filter Frame Size</Name>
          <Description name="local:Id10035.Desc"> Allowable range : 0~20</Description>
        </Parameter>
      </HostParameterSet>
    </Connector>
  </Device>
</DeviceDescription>
