<?xml version="1.0" encoding="utf-8" standalone="no"?>
<!--created with CoDeSys 3.0 (http://www.3s-software.com) by DeviceDescriptionBuilder (3S-Smart Software Solutions GmbH)-->
<DeviceDescription xmlns="http://www.3s-software.com/schemas/DeviceDescription-1.0.xsd" xmlns:ts="http://www.3s-software.com/schemas/TargetSettings-0.1.xsd" xmlns:xsi="http://www.w3.org/2001/XMLSchema-instance">
  <Types namespace="localTypes">
    <RangeType name="RangeNodeID" basetype="std:USINT">
      <Min>1</Min>
      <Max>127</Max>
      <Default>1</Default>
    </RangeType>
    <RangeType name="RangeGranularity" basetype="std:USINT">
      <Min>0</Min>
      <Max>64</Max>
      <Default>1</Default>
    </RangeType>
    <StructType name="Struct_SDOParameters">
      <Component identifier="Index" type="std:UINT">
        <Default />
        <VisibleName name="localStrings:Index">Index</VisibleName>
      </Component>
      <Component identifier="Subindex" type="std:USINT">
        <Default />
        <VisibleName name="localStrings:Subindex">Subindex</VisibleName>
      </Component>
      <Component identifier="Value" type="std:UDINT">
        <Default />
        <VisibleName name="localStrings:Value">Value</VisibleName>
      </Component>
      <Component identifier="Size" type="std:UINT">
        <Default />
        <VisibleName name="localStrings:Size">Size</VisibleName>
      </Component>
      <Component identifier="AbortIfError" type="std:BOOL">
        <Default />
        <VisibleName name="localStrings:AbortIfError">AbortIfError</VisibleName>
      </Component>
      <Component identifier="JumpToLine" type="std:BOOL">
        <Default />
        <VisibleName name="localStrings:JumpToLine">JumpToLine</VisibleName>
      </Component>
      <Component identifier="Line" type="std:UINT">
        <Default />
        <VisibleName name="localStrings:Line">Line</VisibleName>
      </Component>
    </StructType>
    <StructType name="Struct_PDOParameters">
      <Component identifier="Index" type="std:UINT">
        <Default />
        <VisibleName name="localStrings:Index">Index</VisibleName>
      </Component>
      <Component identifier="Subindex" type="std:USINT">
        <Default />
        <VisibleName name="localStrings:Subindex">Subindex</VisibleName>
      </Component>
      <Component identifier="Startbit" type="std:USINT">
        <Default />
        <VisibleName name="localStrings:Startbit">Startbit</VisibleName>
      </Component>
      <Component identifier="Endbit" type="std:USINT">
        <Default />
        <VisibleName name="localStrings:Endbit">Endbit</VisibleName>
      </Component>
    </StructType>
    <StructType name="Struct_HeartbeatConsumingParameters">
      <Component identifier="HeartbeatConsumingNodeID" type="localTypes:RangeNodeID">
        <Default />
        <VisibleName name="localStrings:HeartbeatConsumingNodeID">Node-ID</VisibleName>
      </Component>
      <Component identifier="HeartbeatTime" type="std:UINT">
        <Default />
        <VisibleName name="localStrings:HeartbeatTime">Heartbeat-Time</VisibleName>
        <Unit name="localStrings:unit_ms">ms</Unit>
      </Component>
    </StructType>
    <StructType name="Struct_NodeGuardingParameters">
      <Component identifier="GuardTime" type="std:UINT">
        <Default />
        <VisibleName name="localStrings:GuardTime">Guard Time</VisibleName>
        <Unit name="localStrings:unit_ms">ms</Unit>
      </Component>
      <Component identifier="LifeTimeFactor" type="std:USINT">
        <Default />
        <VisibleName name="localStrings:LifeTimeFactor">Life Time Factor</VisibleName>
      </Component>
    </StructType>
    <StructType name="Struct_TimeStampParameters">
      <Component identifier="TimeConsumingEnable" type="std:BOOL">
        <Default />
        <VisibleName name="localStrings:TimeConsumingEnable">Time Consuming enabled</VisibleName>
      </Component>
      <Component identifier="TimeProducingEnable" type="std:BOOL">
        <Default />
        <VisibleName name="localStrings:TimeProducingEnable">Time Producing enabled</VisibleName>
      </Component>
      <Component identifier="TimeProducingCOBID" type="std:UDINT">
        <Default />
        <VisibleName name="localStrings:TimeProducingCOBID">Time Producing COBID</VisibleName>
      </Component>
    </StructType>
    <StructType name="Struct_SyncParameters">
      <Component identifier="SyncCOBID" type="std:UDINT">
        <Default />
        <VisibleName name="localStrings:SyncCOBID">Sync-COBID</VisibleName>
      </Component>
      <Component identifier="CommCyclePeriod" type="std:UDINT">
        <Default />
        <VisibleName name="localStrings:CommCyclePeriod">Communication Cycle Period</VisibleName>
        <Unit name="localStrings:unit_usec">usec</Unit>
      </Component>
    </StructType>
    <StructType name="Struct_EMCYParameters">
      <Component identifier="EMCYEnable" type="std:BOOL">
        <Default />
        <VisibleName name="localStrings:EMCYEnable">Emergency enabled</VisibleName>
      </Component>
      <Component identifier="EMCYCOBID" type="std:UDINT">
        <Default />
        <VisibleName name="localStrings:EMCYCOBID">Emergency COBID</VisibleName>
      </Component>
    </StructType>
    <StructType name="Struct_PDOCommunicationParameter">
      <Component identifier="COBID" type="std:UDINT">
        <Default />
        <VisibleName name="localStrings:COBID">COBID</VisibleName>
      </Component>
      <Component identifier="TransmissionType" type="std:USINT">
        <Default />
        <VisibleName name="localStrings:TransmissionType">Transmission Type</VisibleName>
      </Component>
      <Component identifier="PDOParameterAvailable" type="localTypes:FLAGS_PDOParameters">
        <Default />
        <VisibleName name="localStrings:PDOParameterAvailable">available PDO-Parameter</VisibleName>
      </Component>
      <Component identifier="InhibitTime" type="std:UINT">
        <Default />
        <VisibleName name="localStrings:InhibitTime">Inhibit Time</VisibleName>
      </Component>
      <Component identifier="EventTimer" type="std:UINT">
        <Default />
        <VisibleName name="localStrings:EventTimer">Event Timer</VisibleName>
      </Component>
    </StructType>
    <StructType name="Struct_PDOMappingEntry">
      <Component identifier="Index" type="std:UINT">
        <Default />
        <VisibleName name="localStrings:Index">Index</VisibleName>
      </Component>
      <Component identifier="SubIndex" type="std:USINT">
        <Default />
        <VisibleName name="localStrings:SubIndex">Subindex</VisibleName>
      </Component>
      <Component identifier="ObjectLength" type="std:USINT">
        <Default />
        <VisibleName name="localStrings:ObjectLength">ObjectLength</VisibleName>
      </Component>
    </StructType>
    <StructType name="Struct_Signed24">
      <Component identifier="Item1" type="std:SINT">
        <Default />
        <VisibleName name="localStrings:Item1">Item1</VisibleName>
      </Component>
      <Component identifier="Item2" type="std:SINT">
        <Default />
        <VisibleName name="localStrings:Item2">Item2</VisibleName>
      </Component>
      <Component identifier="Item3" type="std:SINT">
        <Default />
        <VisibleName name="localStrings:Item3">Item3</VisibleName>
      </Component>
    </StructType>
    <StructType name="Struct_Unsigned24">
      <Component identifier="Item1" type="std:USINT">
        <Default />
        <VisibleName name="localStrings:Item1">Item1</VisibleName>
      </Component>
      <Component identifier="Item2" type="std:USINT">
        <Default />
        <VisibleName name="localStrings:Item2">Item2</VisibleName>
      </Component>
      <Component identifier="Item3" type="std:USINT">
        <Default />
        <VisibleName name="localStrings:Item3">Item3</VisibleName>
      </Component>
    </StructType>
    <StructType name="Struct_Signed40">
      <Component identifier="Item1" type="std:SINT">
        <Default />
        <VisibleName name="localStrings:Item1">Item1</VisibleName>
      </Component>
      <Component identifier="Item2" type="std:SINT">
        <Default />
        <VisibleName name="localStrings:Item2">Item2</VisibleName>
      </Component>
      <Component identifier="Item3" type="std:SINT">
        <Default />
        <VisibleName name="localStrings:Item3">Item3</VisibleName>
      </Component>
      <Component identifier="Item4" type="std:SINT">
        <Default />
        <VisibleName name="localStrings:Item4">Item4</VisibleName>
      </Component>
      <Component identifier="Item5" type="std:SINT">
        <Default />
        <VisibleName name="localStrings:Item5">Item5</VisibleName>
      </Component>
    </StructType>
    <StructType name="Struct_Unsigned40">
      <Component identifier="Item1" type="std:USINT">
        <Default />
        <VisibleName name="localStrings:Item1">Item1</VisibleName>
      </Component>
      <Component identifier="Item2" type="std:USINT">
        <Default />
        <VisibleName name="localStrings:Item2">Item2</VisibleName>
      </Component>
      <Component identifier="Item3" type="std:USINT">
        <Default />
        <VisibleName name="localStrings:Item3">Item3</VisibleName>
      </Component>
      <Component identifier="Item4" type="std:USINT">
        <Default />
        <VisibleName name="localStrings:Item4">Item4</VisibleName>
      </Component>
      <Component identifier="Item5" type="std:USINT">
        <Default />
        <VisibleName name="localStrings:Item5">Item5</VisibleName>
      </Component>
    </StructType>
    <StructType name="Struct_Signed48">
      <Component identifier="Item1" type="std:SINT">
        <Default />
        <VisibleName name="localStrings:Item1">Item1</VisibleName>
      </Component>
      <Component identifier="Item2" type="std:SINT">
        <Default />
        <VisibleName name="localStrings:Item2">Item2</VisibleName>
      </Component>
      <Component identifier="Item3" type="std:SINT">
        <Default />
        <VisibleName name="localStrings:Item3">Item3</VisibleName>
      </Component>
      <Component identifier="Item4" type="std:SINT">
        <Default />
        <VisibleName name="localStrings:Item4">Item4</VisibleName>
      </Component>
      <Component identifier="Item5" type="std:SINT">
        <Default />
        <VisibleName name="localStrings:Item5">Item5</VisibleName>
      </Component>
      <Component identifier="Item6" type="std:SINT">
        <Default />
        <VisibleName name="localStrings:Item6">Item6</VisibleName>
      </Component>
    </StructType>
    <StructType name="Struct_Unsigned48">
      <Component identifier="Item1" type="std:USINT">
        <Default />
        <VisibleName name="localStrings:Item1">Item1</VisibleName>
      </Component>
      <Component identifier="Item2" type="std:USINT">
        <Default />
        <VisibleName name="localStrings:Item2">Item2</VisibleName>
      </Component>
      <Component identifier="Item3" type="std:USINT">
        <Default />
        <VisibleName name="localStrings:Item3">Item3</VisibleName>
      </Component>
      <Component identifier="Item4" type="std:USINT">
        <Default />
        <VisibleName name="localStrings:Item4">Item4</VisibleName>
      </Component>
      <Component identifier="Item5" type="std:USINT">
        <Default />
        <VisibleName name="localStrings:Item5">Item5</VisibleName>
      </Component>
      <Component identifier="Item6" type="std:USINT">
        <Default />
        <VisibleName name="localStrings:Item6">Item6</VisibleName>
      </Component>
    </StructType>
    <StructType name="Struct_Signed56">
      <Component identifier="Item1" type="std:SINT">
        <Default />
        <VisibleName name="localStrings:Item1">Item1</VisibleName>
      </Component>
      <Component identifier="Item2" type="std:SINT">
        <Default />
        <VisibleName name="localStrings:Item2">Item2</VisibleName>
      </Component>
      <Component identifier="Item3" type="std:SINT">
        <Default />
        <VisibleName name="localStrings:Item3">Item3</VisibleName>
      </Component>
      <Component identifier="Item4" type="std:SINT">
        <Default />
        <VisibleName name="localStrings:Item4">Item4</VisibleName>
      </Component>
      <Component identifier="Item5" type="std:SINT">
        <Default />
        <VisibleName name="localStrings:Item5">Item5</VisibleName>
      </Component>
      <Component identifier="Item6" type="std:SINT">
        <Default />
        <VisibleName name="localStrings:Item6">Item6</VisibleName>
      </Component>
      <Component identifier="Item7" type="std:SINT">
        <Default />
        <VisibleName name="localStrings:Item7">Item7</VisibleName>
      </Component>
    </StructType>
    <StructType name="Struct_Unsigned56">
      <Component identifier="Item1" type="std:USINT">
        <Default />
        <VisibleName name="localStrings:Item1">Item1</VisibleName>
      </Component>
      <Component identifier="Item2" type="std:USINT">
        <Default />
        <VisibleName name="localStrings:Item2">Item2</VisibleName>
      </Component>
      <Component identifier="Item3" type="std:USINT">
        <Default />
        <VisibleName name="localStrings:Item3">Item3</VisibleName>
      </Component>
      <Component identifier="Item4" type="std:USINT">
        <Default />
        <VisibleName name="localStrings:Item4">Item4</VisibleName>
      </Component>
      <Component identifier="Item5" type="std:USINT">
        <Default />
        <VisibleName name="localStrings:Item5">Item5</VisibleName>
      </Component>
      <Component identifier="Item6" type="std:USINT">
        <Default />
        <VisibleName name="localStrings:Item6">Item6</VisibleName>
      </Component>
      <Component identifier="Item7" type="std:USINT">
        <Default />
        <VisibleName name="localStrings:Item7">Item7</VisibleName>
      </Component>
    </StructType>
    <BitfieldType name="FLAGS_SupportedFunctions" basetype="std:DWORD">
      <Component identifier="Nodeguarding_Supported" type="std:BOOL">
        <Default />
        <VisibleName name="localStrings:Nodeguarding_Supported">Nodeguarding</VisibleName>
      </Component>
      <Component identifier="HeartbeatConsuming_Supported" type="std:BOOL">
        <Default />
        <VisibleName name="localStrings:HeartbeatConsuming_Supported">Heartbeat-Consuming</VisibleName>
      </Component>
      <Component identifier="HeartbeatProducing_Supported" type="std:BOOL">
        <Default />
        <VisibleName name="localStrings:HeartbeatProducing_Supported">Heartbeat-Producing</VisibleName>
      </Component>
      <Component identifier="TimeStamp_Supported" type="std:BOOL">
        <Default />
        <VisibleName name="localStrings:TimeStamp_Supported">TimeStamp</VisibleName>
      </Component>
      <Component identifier="Time29BitCOBID" type="std:BOOL">
        <Default />
        <VisibleName name="localStrings:Time29BitCOBID">Time Stamp 29 Bit COBID</VisibleName>
      </Component>
      <Component identifier="TimeHighResolution" type="std:BOOL">
        <Default />
        <VisibleName name="localStrings:TimeHighResolution">High Resolution Time Stamp</VisibleName>
      </Component>
      <Component identifier="Sync_Supported" type="std:BOOL">
        <Default />
        <VisibleName name="localStrings:Sync_Supported">Sync</VisibleName>
      </Component>
      <Component identifier="Sync29BitCOBID" type="std:BOOL">
        <Default />
        <VisibleName name="localStrings:Sync29BitCOBID">Sync 29 Bit COBID</VisibleName>
      </Component>
      <Component identifier="SyncWindowLengthAvailable" type="std:BOOL">
        <Default />
        <VisibleName name="localStrings:SyncWindowLengthAvailable">Sync Window Length</VisibleName>
      </Component>
      <Component identifier="EMCY_Supported" type="std:BOOL">
        <Default />
        <VisibleName name="localStrings:EMCY_Supported">Emergency</VisibleName>
      </Component>
      <Component identifier="EMCY29BitCOBID" type="std:BOOL">
        <Default />
        <VisibleName name="localStrings:EMCY29BitCOBID">29 Bit Emergency-COBID</VisibleName>
      </Component>
      <Component identifier="InhibitTimeAvailable" type="std:BOOL">
        <Default />
        <VisibleName name="localStrings:InhibitTimeAvailable">Inhibit Time</VisibleName>
      </Component>
      <Component identifier="Baudrate_10" type="std:BOOL">
        <Default />
        <VisibleName name="localStrings:Baudrate_10">Baudrate_10</VisibleName>
      </Component>
      <Component identifier="Baudrate_20" type="std:BOOL">
        <Default />
        <VisibleName name="localStrings:Baudrate_20">Baudrate_20</VisibleName>
      </Component>
      <Component identifier="Baudrate_50" type="std:BOOL">
        <Default />
        <VisibleName name="localStrings:Baudrate_50">Baudrate_50</VisibleName>
      </Component>
      <Component identifier="Baudrate_100" type="std:BOOL">
        <Default />
        <VisibleName name="localStrings:Baudrate_100">Baudrate_100</VisibleName>
      </Component>
      <Component identifier="Baudrate_125" type="std:BOOL">
        <Default />
        <VisibleName name="localStrings:Baudrate_125">Baudrate_125</VisibleName>
      </Component>
      <Component identifier="Baudrate_250" type="std:BOOL">
        <Default />
        <VisibleName name="localStrings:Baudrate_250">Baudrate_250</VisibleName>
      </Component>
      <Component identifier="Baudrate_500" type="std:BOOL">
        <Default />
        <VisibleName name="localStrings:Baudrate_500">Baudrate_500</VisibleName>
      </Component>
      <Component identifier="Baudrate_800" type="std:BOOL">
        <Default />
        <VisibleName name="localStrings:Baudrate_800">Baudrate_800</VisibleName>
      </Component>
      <Component identifier="Baudrate_1000" type="std:BOOL">
        <Default />
        <VisibleName name="localStrings:Baudrate_1000">Baudrate_1000</VisibleName>
      </Component>
      <Component identifier="SimpleBootupMaster" type="std:BOOL">
        <Default />
        <VisibleName name="localStrings:SimpleBootupMaster">SimpleBootupMaster</VisibleName>
      </Component>
      <Component identifier="SimpleBootupSlave" type="std:BOOL">
        <Default />
        <VisibleName name="localStrings:SimpleBootupSlave">SimpleBootupSlave</VisibleName>
      </Component>
      <Component identifier="RXPDOs" type="std:BOOL">
        <Default />
        <VisibleName name="localStrings:RXPDOs">RXPDOS available</VisibleName>
      </Component>
      <Component identifier="TXPDOs" type="std:BOOL">
        <Default />
        <VisibleName name="localStrings:TXPDOs">TXPDOs available</VisibleName>
      </Component>
      <Component identifier="RXPDOMapping" type="std:BOOL">
        <Default />
        <VisibleName name="localStrings:RXPDOMapping">RXPDOMapping available</VisibleName>
      </Component>
      <Component identifier="TXPDOMapping" type="std:BOOL">
        <Default />
        <VisibleName name="localStrings:TXPDOMapping">TXPDOMapping available</VisibleName>
      </Component>
      <Component identifier="DynamicChannelsSupported" type="std:BOOL">
        <Default />
        <VisibleName name="localStrings:DynamicChannelsSupported">DynamicChannelsSupported</VisibleName>
      </Component>
      <Component identifier="GroupMessagingSupported" type="std:BOOL">
        <Default />
        <VisibleName name="localStrings:GroupMessagingSupported">GroupMessaging</VisibleName>
      </Component>
      <Component identifier="MultipleSDOChannelsSupported" type="std:BOOL">
        <Default />
        <VisibleName name="localStrings:MultipleSDOChannelsSupported">MultipleSDOChannelsSupported</VisibleName>
      </Component>
    </BitfieldType>
    <BitfieldType name="FLAGS_PDOParameters" basetype="std:BYTE">
      <Component identifier="PDOInhibitTimeAvailable" type="std:BOOL">
        <Default />
        <VisibleName name="localStrings:PDOInhibitTimeAvailable">Inhibit Time available</VisibleName>
      </Component>
      <Component identifier="PDOEventTimerAvailable" type="std:BOOL">
        <Default />
        <VisibleName name="localStrings:PDOEventTimerAvailable">Event Timer available</VisibleName>
      </Component>
    </BitfieldType>
    <BitfieldType name="FLAGS_Options" basetype="std:BYTE">
      <Component identifier="FLAG_DCF_Write" type="std:BOOL">
        <Default />
        <VisibleName name="localStrings:FLAG_DCF_Write">Write DCF</VisibleName>
      </Component>
      <Component identifier="FLAG_CreateAllSDOs" type="std:BOOL">
        <Default />
        <VisibleName name="localStrings:FLAG_CreateAllSDOs">Create all SDOs</VisibleName>
      </Component>
      <Component identifier="FLAG_Optional" type="std:BOOL">
        <Default />
        <VisibleName name="localStrings:FLAG_Optional">Optional Device</VisibleName>
      </Component>
      <Component identifier="FLAG_NotInitialize" type="std:BOOL">
        <Default />
        <VisibleName name="localStrings:FLAG_NotInitialize">Not initialize</VisibleName>
      </Component>
      <Component identifier="FLAG_ResetNode" type="std:BOOL">
        <Default />
        <VisibleName name="localStrings:FLAG_ResetNode">Reset Node</VisibleName>
      </Component>
    </BitfieldType>
  </Types>
  <ParameterFilterFlags />
  <Strings namespace="localStrings">
    <Language lang="en">
      <String identifier="DeviceName">iR-COP</String>
      <String identifier="DeviceDescription">Imported from iR-COP_v3_20190806.eds</String>
      <String identifier="DeviceVendor">Weintek Labs., Inc.</String>
      <String identifier="Index">Index</String>
      <String identifier="Subindex">Subindex</String>
      <String identifier="Value">Value</String>
      <String identifier="Size">Size</String>
      <String identifier="AbortIfError">AbortIfError</String>
      <String identifier="JumpToLine">JumpToLine</String>
      <String identifier="Line">Line</String>
      <String identifier="Startbit">Startbit</String>
      <String identifier="Endbit">Endbit</String>
      <String identifier="HeartbeatConsumingNodeID">Node-ID</String>
      <String identifier="HeartbeatTime">Heartbeat-Time</String>
      <String identifier="unit_ms">ms</String>
      <String identifier="GuardTime">Guard Time</String>
      <String identifier="LifeTimeFactor">Life Time Factor</String>
      <String identifier="TimeConsumingEnable">Time Consuming enabled</String>
      <String identifier="TimeProducingEnable">Time Producing enabled</String>
      <String identifier="TimeProducingCOBID">Time Producing COBID</String>
      <String identifier="SyncCOBID">Sync-COBID</String>
      <String identifier="CommCyclePeriod">Communication Cycle Period</String>
      <String identifier="unit_usec">usec</String>
      <String identifier="EMCYEnable">Emergency enabled</String>
      <String identifier="EMCYCOBID">Emergency COBID</String>
      <String identifier="COBID">COBID</String>
      <String identifier="TransmissionType">Transmission Type</String>
      <String identifier="PDOParameterAvailable">available PDO-Parameter</String>
      <String identifier="InhibitTime">Inhibit Time</String>
      <String identifier="EventTimer">Event Timer</String>
      <String identifier="SubIndex">Subindex</String>
      <String identifier="ObjectLength">ObjectLength</String>
      <String identifier="Item1">Item1</String>
      <String identifier="Item2">Item2</String>
      <String identifier="Item3">Item3</String>
      <String identifier="Item4">Item4</String>
      <String identifier="Item5">Item5</String>
      <String identifier="Item6">Item6</String>
      <String identifier="Item7">Item7</String>
      <String identifier="Nodeguarding_Supported">Nodeguarding</String>
      <String identifier="HeartbeatConsuming_Supported">Heartbeat-Consuming</String>
      <String identifier="HeartbeatProducing_Supported">Heartbeat-Producing</String>
      <String identifier="TimeStamp_Supported">TimeStamp</String>
      <String identifier="Time29BitCOBID">Time Stamp 29 Bit COBID</String>
      <String identifier="TimeHighResolution">High Resolution Time Stamp</String>
      <String identifier="Sync_Supported">Sync</String>
      <String identifier="Sync29BitCOBID">Sync 29 Bit COBID</String>
      <String identifier="SyncWindowLengthAvailable">Sync Window Length</String>
      <String identifier="EMCY_Supported">Emergency</String>
      <String identifier="EMCY29BitCOBID">29 Bit Emergency-COBID</String>
      <String identifier="InhibitTimeAvailable">Inhibit Time</String>
      <String identifier="Baudrate_10">Baudrate_10</String>
      <String identifier="Baudrate_20">Baudrate_20</String>
      <String identifier="Baudrate_50">Baudrate_50</String>
      <String identifier="Baudrate_100">Baudrate_100</String>
      <String identifier="Baudrate_125">Baudrate_125</String>
      <String identifier="Baudrate_250">Baudrate_250</String>
      <String identifier="Baudrate_500">Baudrate_500</String>
      <String identifier="Baudrate_800">Baudrate_800</String>
      <String identifier="Baudrate_1000">Baudrate_1000</String>
      <String identifier="SimpleBootupMaster">SimpleBootupMaster</String>
      <String identifier="SimpleBootupSlave">SimpleBootupSlave</String>
      <String identifier="RXPDOs">RXPDOS available</String>
      <String identifier="TXPDOs">TXPDOs available</String>
      <String identifier="RXPDOMapping">RXPDOMapping available</String>
      <String identifier="TXPDOMapping">TXPDOMapping available</String>
      <String identifier="DynamicChannelsSupported">DynamicChannelsSupported</String>
      <String identifier="GroupMessagingSupported">GroupMessaging</String>
      <String identifier="MultipleSDOChannelsSupported">MultipleSDOChannelsSupported</String>
      <String identifier="PDOInhibitTimeAvailable">Inhibit Time available</String>
      <String identifier="PDOEventTimerAvailable">Event Timer available</String>
      <String identifier="FLAG_DCF_Write">Write DCF</String>
      <String identifier="FLAG_CreateAllSDOs">Create all SDOs</String>
      <String identifier="FLAG_Optional">Optional Device</String>
      <String identifier="FLAG_NotInitialize">Not initialize</String>
      <String identifier="FLAG_ResetNode">Reset Node</String>
      <String identifier="CANopen">CANopen</String>
      <String identifier="SupportedFunctions">Supported Functions</String>
      <String identifier="Profiles">Profiles</String>
      <String identifier="DummyParameter1">DummyParameter1</String>
      <String identifier="ModuleDiagInstanceType">ModuleDiagInstanceType</String>
      <String identifier="DiagString">Diag String:</String>
      <String identifier="DiagAck">Diag Acknowledge</String>
      <String identifier="CANParameter">CAN-Parameter</String>
      <String identifier="DeviceType">Device-Type</String>
      <String identifier="Node-ID">Node-ID</String>
      <String identifier="ExplicitDeactivatePDOs">Explicit Deactivate PDOs</String>
      <String identifier="NodeguardingParameters">Nodeguarding</String>
      <String identifier="Heartbeat_Section">Heartbeating</String>
      <String identifier="HeartbeatConsuming_Section">Heartbeat-Consuming</String>
      <String identifier="HeartbeatConsumingParameters1">Heartbeat-Consuming1</String>
      <String identifier="HeartbeatProducerTime">Heartbeat-Producer Time</String>
      <String identifier="EMCY_Section">Emergency</String>
      <String identifier="GenericEMCYCOBID">Generic Emergency COBID</String>
      <String identifier="EMCYParameters">Emergency-General Parameters</String>
      <String identifier="ResetSubIndex">SubIndex for reset node</String>
      <String identifier="GeneralOptions">General Options</String>
      <String identifier="Vendor_id">Vendor ID</String>
      <String identifier="Product_code">Product Code</String>
      <String identifier="Product_revision">Product Revision</String>
      <String identifier="PDOs">PDOs</String>
      <String identifier="Granularity">Granularity</String>
      <String identifier="RxPDOs">RxPDOs</String>
      <String identifier="AvailableRxPDOs">available RxPDOs</String>
      <String identifier="SupportedRPDOs">Supported RPDOs</String>
      <String identifier="NrOfRXPDO">NrOfSupportedRXPDOs</String>
      <String identifier="RxPDOMappings">RxPDO-Mappings</String>
      <String identifier="TxPDOs">TxPDOs</String>
      <String identifier="AvailableTxPDOs">available TxPDOs</String>
      <String identifier="SupportedTPDOs">Supported TPDOs</String>
      <String identifier="NrOfTXPDO">NrOfSupportedTXPDOs</String>
      <String identifier="TxPDOMappings">TxPDO-Mappings</String>
      <String identifier="SDOs">SDOs</String>
      <String identifier="NumberOfSDOParameters">Number of SDO</String>
      <String identifier="CANopen-Module">CANopen-Module</String>
      <String identifier="0.ModelName">iR-DI16-K</String>
      <String identifier="Module1.Desc">CANopen-Module for CAN-Device iR-COP imported from iR-COP_v3_20190806.eds</String>
      <String identifier="Vendor">Weintek Labs., Inc.</String>
      <String identifier="1.ModelName">iR-DQ08-R</String>
      <String identifier="Module2.Desc">CANopen-Module for CAN-Device iR-COP imported from iR-COP_v3_20190806.eds</String>
      <String identifier="2.ModelName">iR-DM16-P</String>
      <String identifier="Module3.Desc">CANopen-Module for CAN-Device iR-COP imported from iR-COP_v3_20190806.eds</String>
      <String identifier="3.ModelName">iR-DM16-N</String>
      <String identifier="Module4.Desc">CANopen-Module for CAN-Device iR-COP imported from iR-COP_v3_20190806.eds</String>
      <String identifier="4.ModelName">iR-DQ016-P</String>
      <String identifier="Module5.Desc">CANopen-Module for CAN-Device iR-COP imported from iR-COP_v3_20190806.eds</String>
      <String identifier="5.ModelName">iR-DQ016-N</String>
      <String identifier="Module6.Desc">CANopen-Module for CAN-Device iR-COP imported from iR-COP_v3_20190806.eds</String>
      <String identifier="6.ModelName">iR-AI04-VI</String>
      <String identifier="Module7.Desc">CANopen-Module for CAN-Device iR-COP imported from iR-COP_v3_20190806.eds</String>
      <String identifier="7.ModelName">iR-AI04-TR</String>
      <String identifier="Module8.Desc">CANopen-Module for CAN-Device iR-COP imported from iR-COP_v3_20190806.eds</String>
      <String identifier="8.ModelName">iR-AQ04-VI</String>
      <String identifier="Module9.Desc">CANopen-Module for CAN-Device iR-COP imported from iR-COP_v3_20190806.eds</String>
      <String identifier="9.ModelName">iR-AM06-VI</String>
      <String identifier="Module10.Desc">CANopen-Module for CAN-Device iR-COP imported from iR-COP_v3_20190806.eds</String>
      <String identifier="10.ModelName">PU01-Axis 0</String>
      <String identifier="Module11.Desc">CANopen-Module for CAN-Device iR-COP imported from iR-COP_v3_20190806.eds</String>
      <String identifier="11.ModelName">PU01-Axis 1</String>
      <String identifier="Module12.Desc">CANopen-Module for CAN-Device iR-COP imported from iR-COP_v3_20190806.eds</String>
      <String identifier="12.ModelName">PU01-Axis 2</String>
      <String identifier="Module13.Desc">CANopen-Module for CAN-Device iR-COP imported from iR-COP_v3_20190806.eds</String>
      <String identifier="13.ModelName">PU01-Axis 3</String>
      <String identifier="Module14.Desc">CANopen-Module for CAN-Device iR-COP imported from iR-COP_v3_20190806.eds</String>
    </Language>
  </Strings>
  <Files namespace="localFiles">
    <Language lang="en">
      <File identifier="EDSFile" fileref="local">
        <LocalFile>iR-COP_v3_20190806.eds</LocalFile>
      </File>
    </Language>
  </Files>
  <Device hideInCatalogue="false">
    <DeviceIdentification>
      <Type>18</Type>
      <Id>44E_701</Id>
      <Version>Revision=16#00000003, FileVersion=1.3</Version>
    </DeviceIdentification>
    <DeviceInfo>
      <Name name="localStrings:DeviceName">iR-COP</Name>
      <Description name="localStrings:DeviceDescription">Imported from iR-COP_v3_20190806.eds</Description>
      <Vendor name="localStrings:DeviceVendor">Weintek Labs., Inc.</Vendor>
      <OrderNumber>iR-COP</OrderNumber>
      <AdditionalFiles>
        <File name="localFiles:EDSFile" key="Common.File.EDS.NativeDescription">iR-COP_v3_20190806.eds</File>
      </AdditionalFiles>
    </DeviceInfo>
    <Connector moduleType="18" interface="Common.CANopen" connectorId="0" explicit="false" role="child" hostpath="-1">
      <InterfaceName name="localStrings:CANopen">CANopen</InterfaceName>
      <Slot count="1" allowEmpty="false" />
      <HostParameterSet>
        <ParameterSection>
          <Name name="localStrings:SupportedFunctions">Supported Functions</Name>
          <Parameter ParameterId="0" type="localTypes:FLAGS_SupportedFunctions">
            <Attributes onlineaccess="read" offlineaccess="read" download="false" />
            <Default>
              <Element name="Nodeguarding_Supported">TRUE</Element>
              <Element name="HeartbeatProducing_Supported">TRUE</Element>
              <Element name="HeartbeatConsuming_Supported">TRUE</Element>
              <Element name="TimeStamp_Supported">FALSE</Element>
              <Element name="Time29BitCOBID">FALSE</Element>
              <Element name="TimeHighResolution">FALSE</Element>
              <Element name="Sync_Supported">FALSE</Element>
              <Element name="Sync29BitCOBID">FALSE</Element>
              <Element name="SyncWindowLengthAvailable">FALSE</Element>
              <Element name="EMCY_Supported">TRUE</Element>
              <Element name="EMCY29BitCOBID">FALSE</Element>
              <Element name="InhibitTimeAvailable">TRUE</Element>
              <Element name="Baudrate_10">FALSE</Element>
              <Element name="Baudrate_20">FALSE</Element>
              <Element name="Baudrate_50">TRUE</Element>
              <Element name="Baudrate_100">FALSE</Element>
              <Element name="Baudrate_125">TRUE</Element>
              <Element name="Baudrate_250">TRUE</Element>
              <Element name="Baudrate_500">TRUE</Element>
              <Element name="Baudrate_800">TRUE</Element>
              <Element name="Baudrate_1000">TRUE</Element>
              <Element name="SimpleBootupMaster">FALSE</Element>
              <Element name="SimpleBootupSlave">TRUE</Element>
              <Element name="RXPDOs">TRUE</Element>
              <Element name="TXPDOs">TRUE</Element>
              <Element name="RXPDOMapping">TRUE</Element>
              <Element name="TXPDOMapping">TRUE</Element>
              <Element name="DynamicChannelsSupported">FALSE</Element>
              <Element name="GroupMessagingSupported">FALSE</Element>
              <Element name="MultipleSDOChannelsSupported">TRUE</Element>
            </Default>
            <Name name="localStrings:SupportedFunctions">Supported Functions</Name>
          </Parameter>
          <Parameter ParameterId="34" type="std:ARRAY[0..0] OF WORD">
            <Attributes onlineaccess="read" offlineaccess="read" download="false" />
            <Default>[401]</Default>
            <Name name="localStrings:Profiles">Profiles</Name>
          </Parameter>
        </ParameterSection>
        <Parameter ParameterId="6" type="std:DWORD">
          <Attributes download="true" onlineaccess="none" offlineaccess="none" />
          <Default>0</Default>
          <Name name="localStrings:DummyParameter1">DummyParameter1</Name>
        </Parameter>
        <Parameter ParameterId="33" type="std:STRING">
          <Attributes download="false" onlineaccess="none" offlineaccess="none" />
          <Default>CANRemoteModule_Diag</Default>
          <Name name="localStrings:ModuleDiagInstanceType">ModuleDiagInstanceType</Name>
        </Parameter>
        <Parameter ParameterId="327936" type="std:STRING(255)">
          <Attributes offlineaccess="none" onlineaccess="read" download="true" functional="false" channel="diag" />
          <Default />
          <Name name="localStrings:DiagString">Diag String:</Name>
        </Parameter>
        <Parameter ParameterId="327937" type="std:BOOL">
          <Attributes offlineaccess="none" onlineaccess="none" download="true" functional="false" channel="diagAck" />
          <Default>FALSE</Default>
          <Name name="localStrings:DiagAck">Diag Acknowledge</Name>
          <Description name="localStrings:DiagAck">Diag Acknowledge</Description>
        </Parameter>
        <ParameterSection>
          <Name name="localStrings:CANParameter">CAN-Parameter</Name>
          <Parameter ParameterId="16777216" type="std:UDINT">
            <Attributes download="false" offlineaccess="read" onlineaccess="read" />
            <Default>16#FFFF0191</Default>
            <Name name="localStrings:DeviceType">Device-Type</Name>
          </Parameter>
          <Parameter ParameterId="1" type="localTypes:RangeNodeID">
            <Attributes offlineaccess="readwrite" onlineaccess="read" />
            <Default>1</Default>
            <Name name="localStrings:Node-ID">Node-ID</Name>
          </Parameter>
          <Parameter ParameterId="19" type="std:BOOL">
            <Attributes download="false" offlineaccess="read" onlineaccess="read" />
            <Default>FALSE</Default>
            <Name name="localStrings:ExplicitDeactivatePDOs">Explicit Deactivate PDOs</Name>
          </Parameter>
          <Parameter ParameterId="16826368" type="localTypes:Struct_NodeGuardingParameters">
            <Attributes onlineaccess="read" offlineaccess="readwrite" />
            <Default>
              <Element name="GuardTime" offlineaccess="readwrite">0</Element>
              <Element name="LifeTimeFactor" offlineaccess="readwrite">0</Element>
            </Default>
            <Name name="localStrings:NodeguardingParameters">Nodeguarding</Name>
          </Parameter>
          <ParameterSection>
            <Name name="localStrings:Heartbeat_Section">Heartbeating</Name>
            <ParameterSection>
              <Name name="localStrings:HeartbeatConsuming_Section">Heartbeat-Consuming</Name>
              <Parameter ParameterId="285302800" type="localTypes:Struct_HeartbeatConsumingParameters">
                <Attributes onlineaccess="read" offlineaccess="readwrite" download="false" />
                <Default>
                  <Element name="HeartbeatConsumingNodeID">0</Element>
                  <Element name="HeartbeatTime">0</Element>
                </Default>
                <Name name="localStrings:HeartbeatConsumingParameters1">Heartbeat-Consuming1</Name>
              </Parameter>
            </ParameterSection>
            <Parameter ParameterId="16871424" type="std:UINT">
              <Attributes offlineaccess="readwrite" onlineaccess="read" />
              <Default>0</Default>
              <Name name="localStrings:HeartbeatProducerTime">Heartbeat-Producer Time</Name>
            </Parameter>
          </ParameterSection>
          <ParameterSection>
            <Name name="localStrings:EMCY_Section">Emergency</Name>
            <Parameter ParameterId="16859137" type="std:STRING">
              <Attributes download="false" offlineaccess="readwrite" onlineaccess="read" />
              <Default>'$NODEID+16#80'</Default>
              <Name name="localStrings:GenericEMCYCOBID">Generic Emergency COBID</Name>
            </Parameter>
            <Parameter ParameterId="16859136" type="localTypes:Struct_EMCYParameters">
              <Attributes offlineaccess="readwrite" onlineaccess="read" />
              <Default>
                <Element name="EMCYEnable">TRUE</Element>
                <Element name="EMCYCOBID">16#81</Element>
              </Default>
              <Name name="localStrings:EMCYParameters">Emergency-General Parameters</Name>
            </Parameter>
            <Parameter ParameterId="16863232" type="std:UINT">
              <Attributes download="false" offlineaccess="readwrite" onlineaccess="read" />
              <Default>0</Default>
              <Name name="localStrings:InhibitTime">Inhibit Time</Name>
            </Parameter>
          </ParameterSection>
          <Parameter ParameterId="16846848" type="std:USINT">
            <Attributes offlineaccess="readwrite" onlineaccess="read" />
            <Default>1</Default>
            <Name name="localStrings:ResetSubIndex">SubIndex for reset node</Name>
          </Parameter>
          <Parameter ParameterId="2" type="localTypes:FLAGS_Options">
            <Attributes onlineaccess="read" />
            <Default>
              <Element name="FLAG_DCF_Write">FALSE</Element>
              <Element name="FLAG_CreateAllSDOs">FALSE</Element>
              <Element name="FLAG_Optional">FALSE</Element>
              <Element name="FLAG_NotInitialize">FALSE</Element>
              <Element name="FLAG_ResetNode">TRUE</Element>
            </Default>
            <Name name="localStrings:GeneralOptions">General Options</Name>
          </Parameter>
          <Parameter ParameterId="285310992" type="std:DWORD">
            <Attributes offlineaccess="readwrite" onlineaccess="read" />
            <Default>1102</Default>
            <Name name="localStrings:Vendor_id">Vendor ID</Name>
          </Parameter>
          <Parameter ParameterId="285311008" type="std:DWORD">
            <Attributes offlineaccess="readwrite" onlineaccess="read" download="false" />
            <Default>1793</Default>
            <Name name="localStrings:Product_code">Product Code</Name>
          </Parameter>
          <Parameter ParameterId="285311024" type="std:DWORD">
            <Attributes offlineaccess="readwrite" onlineaccess="read" download="false" />
            <Default>3</Default>
            <Name name="localStrings:Product_revision">Product Revision</Name>
          </Parameter>
        </ParameterSection>
        <ParameterSection>
          <Name name="localStrings:PDOs">PDOs</Name>
          <Parameter ParameterId="3" type="localTypes:RangeGranularity">
            <Attributes download="false" offlineaccess="read" onlineaccess="read" />
            <Default>8</Default>
            <Name name="localStrings:Granularity">Granularity</Name>
          </Parameter>
          <ParameterSection>
            <Name name="localStrings:RxPDOs">RxPDOs</Name>
            <ParameterSection>
              <Name name="localStrings:AvailableRxPDOs">available RxPDOs</Name>
            </ParameterSection>
            <Parameter ParameterId="35" type="std:ARRAY[0..23] OF WORD">
              <Attributes onlineaccess="read" offlineaccess="read" download="false" />
              <Default>[16#1400, 16#1401, 16#1402, 16#1403, 16#1404, 16#1405, 16#1406, 16#1407, 16#1408, 16#1409, 16#140A, 16#140B, 16#140C, 16#140D, 16#140E, 16#140F, 16#1410, 16#1411, 16#1412, 16#1413, 16#1414, 16#1415, 16#1416, 16#1417]</Default>
              <Name name="localStrings:SupportedRPDOs">Supported RPDOs</Name>
            </Parameter>
            <Parameter ParameterId="4" type="std:UINT">
              <Attributes download="false" offlineaccess="read" onlineaccess="read" />
              <Default>24</Default>
              <Name name="localStrings:NrOfRXPDO">NrOfSupportedRXPDOs</Name>
            </Parameter>
            <ParameterSection>
              <Name name="localStrings:RxPDOMappings">RxPDO-Mappings</Name>
            </ParameterSection>
          </ParameterSection>
          <ParameterSection>
            <Name name="localStrings:TxPDOs">TxPDOs</Name>
            <ParameterSection>
              <Name name="localStrings:AvailableTxPDOs">available TxPDOs</Name>
            </ParameterSection>
            <Parameter ParameterId="36" type="std:ARRAY[0..23] OF WORD">
              <Attributes onlineaccess="read" offlineaccess="read" download="false" />
              <Default>[16#1800, 16#1801, 16#1802, 16#1803, 16#1804, 16#1805, 16#1806, 16#1807, 16#1808, 16#1809, 16#180A, 16#180B, 16#180C, 16#180D, 16#180E, 16#180F, 16#1810, 16#1811, 16#1812, 16#1813, 16#1814, 16#1815, 16#1816, 16#1817]</Default>
              <Name name="localStrings:SupportedTPDOs">Supported TPDOs</Name>
            </Parameter>
            <Parameter ParameterId="5" type="std:UINT">
              <Attributes download="false" offlineaccess="read" onlineaccess="read" />
              <Default>24</Default>
              <Name name="localStrings:NrOfTXPDO">NrOfSupportedTXPDOs</Name>
            </Parameter>
            <ParameterSection>
              <Name name="localStrings:TxPDOMappings">TxPDO-Mappings</Name>
            </ParameterSection>
          </ParameterSection>
        </ParameterSection>
        <ParameterSection>
          <Name name="localStrings:SDOs">SDOs</Name>
          <Parameter ParameterId="536870912" type="std:UINT">
            <Attributes onlineaccess="read" />
            <Default>0</Default>
            <Name name="localStrings:NumberOfSDOParameters">Number of SDO</Name>
          </Parameter>
        </ParameterSection>
      </HostParameterSet>
      <DriverInfo needsBusCycle="false">
        <RequiredLib libname="CanConfig" vendor="3S - Smart Software Solutions GmbH" version="3.0.0.1" identifier="CanConfig" placeholderlib="CanConfig">
          <FBInstance fbname="CANRemoteDevice" fbnamediag="CANRemoteDevice_Diag" basename="$(DeviceName)">
            <Initialize methodName="Initialize" />
          </FBInstance>
        </RequiredLib>
      </DriverInfo>
    </Connector>
    <Connector moduleType="257" interface="CANopen.Module.44E_701.Revision=16#00000003, FileVersion=1.3" role="parent" connectorId="2" hostpath="0" hideInStatusPage="true">
      <InterfaceName name="localStrings:CANopen-Module">CANopen-Module</InterfaceName>
      <Var max="255" />
    </Connector>
  </Device>
  <Modules>
    <Module>
      <ModuleId>0</ModuleId>
      <DeviceInfo>
        <Name name="localStrings:0.ModelName">iR-DI16-K</Name>
        <Description name="localStrings:Module1.Desc">CANopen-Module for CAN-Device iR-COP imported from iR-COP_v3_20190806.eds</Description>
        <Vendor name="localStrings:Vendor">Weintek Labs., Inc.</Vendor>
        <OrderNumber>iR-DI16-K</OrderNumber>
        <AdditionalFiles>
          <File name="localFiles:EDSFile" key="Common.File.EDS.NativeDescription">iR-COP_v3_20190806.eds</File>
        </AdditionalFiles>
      </DeviceInfo>
      <Connector moduleType="19" interface="CANopen.Module.44E_701.Revision=16#00000003, FileVersion=1.3" connectorId="1" role="child" hostpath="-1">
        <InterfaceName name="localStrings:CANopen-Module">CANopen-Module</InterfaceName>
        <Slot count="1" allowEmpty="false" />
      </Connector>
    </Module>
    <Module>
      <ModuleId>1</ModuleId>
      <DeviceInfo>
        <Name name="localStrings:1.ModelName">iR-DQ08-R</Name>
        <Description name="localStrings:Module2.Desc">CANopen-Module for CAN-Device iR-COP imported from iR-COP_v3_20190806.eds</Description>
        <Vendor name="localStrings:Vendor">Weintek Labs., Inc.</Vendor>
        <OrderNumber>iR-DQ08-R</OrderNumber>
        <AdditionalFiles>
          <File name="localFiles:EDSFile" key="Common.File.EDS.NativeDescription">iR-COP_v3_20190806.eds</File>
        </AdditionalFiles>
      </DeviceInfo>
      <Connector moduleType="19" interface="CANopen.Module.44E_701.Revision=16#00000003, FileVersion=1.3" connectorId="1" role="child" hostpath="-1">
        <InterfaceName name="localStrings:CANopen-Module">CANopen-Module</InterfaceName>
        <Slot count="1" allowEmpty="false" />
      </Connector>
    </Module>
    <Module>
      <ModuleId>2</ModuleId>
      <DeviceInfo>
        <Name name="localStrings:2.ModelName">iR-DM16-P</Name>
        <Description name="localStrings:Module3.Desc">CANopen-Module for CAN-Device iR-COP imported from iR-COP_v3_20190806.eds</Description>
        <Vendor name="localStrings:Vendor">Weintek Labs., Inc.</Vendor>
        <OrderNumber>iR-DM16-P</OrderNumber>
        <AdditionalFiles>
          <File name="localFiles:EDSFile" key="Common.File.EDS.NativeDescription">iR-COP_v3_20190806.eds</File>
        </AdditionalFiles>
      </DeviceInfo>
      <Connector moduleType="19" interface="CANopen.Module.44E_701.Revision=16#00000003, FileVersion=1.3" connectorId="1" role="child" hostpath="-1">
        <InterfaceName name="localStrings:CANopen-Module">CANopen-Module</InterfaceName>
        <Slot count="1" allowEmpty="false" />
      </Connector>
    </Module>
    <Module>
      <ModuleId>3</ModuleId>
      <DeviceInfo>
        <Name name="localStrings:3.ModelName">iR-DM16-N</Name>
        <Description name="localStrings:Module4.Desc">CANopen-Module for CAN-Device iR-COP imported from iR-COP_v3_20190806.eds</Description>
        <Vendor name="localStrings:Vendor">Weintek Labs., Inc.</Vendor>
        <OrderNumber>iR-DM16-N</OrderNumber>
        <AdditionalFiles>
          <File name="localFiles:EDSFile" key="Common.File.EDS.NativeDescription">iR-COP_v3_20190806.eds</File>
        </AdditionalFiles>
      </DeviceInfo>
      <Connector moduleType="19" interface="CANopen.Module.44E_701.Revision=16#00000003, FileVersion=1.3" connectorId="1" role="child" hostpath="-1">
        <InterfaceName name="localStrings:CANopen-Module">CANopen-Module</InterfaceName>
        <Slot count="1" allowEmpty="false" />
      </Connector>
    </Module>
    <Module>
      <ModuleId>4</ModuleId>
      <DeviceInfo>
        <Name name="localStrings:4.ModelName">iR-DQ016-P</Name>
        <Description name="localStrings:Module5.Desc">CANopen-Module for CAN-Device iR-COP imported from iR-COP_v3_20190806.eds</Description>
        <Vendor name="localStrings:Vendor">Weintek Labs., Inc.</Vendor>
        <OrderNumber>iR-DQ016-P</OrderNumber>
        <AdditionalFiles>
          <File name="localFiles:EDSFile" key="Common.File.EDS.NativeDescription">iR-COP_v3_20190806.eds</File>
        </AdditionalFiles>
      </DeviceInfo>
      <Connector moduleType="19" interface="CANopen.Module.44E_701.Revision=16#00000003, FileVersion=1.3" connectorId="1" role="child" hostpath="-1">
        <InterfaceName name="localStrings:CANopen-Module">CANopen-Module</InterfaceName>
        <Slot count="1" allowEmpty="false" />
      </Connector>
    </Module>
    <Module>
      <ModuleId>5</ModuleId>
      <DeviceInfo>
        <Name name="localStrings:5.ModelName">iR-DQ016-N</Name>
        <Description name="localStrings:Module6.Desc">CANopen-Module for CAN-Device iR-COP imported from iR-COP_v3_20190806.eds</Description>
        <Vendor name="localStrings:Vendor">Weintek Labs., Inc.</Vendor>
        <OrderNumber>iR-DQ016-N</OrderNumber>
        <AdditionalFiles>
          <File name="localFiles:EDSFile" key="Common.File.EDS.NativeDescription">iR-COP_v3_20190806.eds</File>
        </AdditionalFiles>
      </DeviceInfo>
      <Connector moduleType="19" interface="CANopen.Module.44E_701.Revision=16#00000003, FileVersion=1.3" connectorId="1" role="child" hostpath="-1">
        <InterfaceName name="localStrings:CANopen-Module">CANopen-Module</InterfaceName>
        <Slot count="1" allowEmpty="false" />
      </Connector>
    </Module>
    <Module>
      <ModuleId>6</ModuleId>
      <DeviceInfo>
        <Name name="localStrings:6.ModelName">iR-AI04-VI</Name>
        <Description name="localStrings:Module7.Desc">CANopen-Module for CAN-Device iR-COP imported from iR-COP_v3_20190806.eds</Description>
        <Vendor name="localStrings:Vendor">Weintek Labs., Inc.</Vendor>
        <OrderNumber>iR-AI04-VI</OrderNumber>
        <AdditionalFiles>
          <File name="localFiles:EDSFile" key="Common.File.EDS.NativeDescription">iR-COP_v3_20190806.eds</File>
        </AdditionalFiles>
      </DeviceInfo>
      <Connector moduleType="19" interface="CANopen.Module.44E_701.Revision=16#00000003, FileVersion=1.3" connectorId="1" role="child" hostpath="-1">
        <InterfaceName name="localStrings:CANopen-Module">CANopen-Module</InterfaceName>
        <Slot count="1" allowEmpty="false" />
      </Connector>
    </Module>
    <Module>
      <ModuleId>7</ModuleId>
      <DeviceInfo>
        <Name name="localStrings:7.ModelName">iR-AI04-TR</Name>
        <Description name="localStrings:Module8.Desc">CANopen-Module for CAN-Device iR-COP imported from iR-COP_v3_20190806.eds</Description>
        <Vendor name="localStrings:Vendor">Weintek Labs., Inc.</Vendor>
        <OrderNumber>iR-AI04-TR</OrderNumber>
        <AdditionalFiles>
          <File name="localFiles:EDSFile" key="Common.File.EDS.NativeDescription">iR-COP_v3_20190806.eds</File>
        </AdditionalFiles>
      </DeviceInfo>
      <Connector moduleType="19" interface="CANopen.Module.44E_701.Revision=16#00000003, FileVersion=1.3" connectorId="1" role="child" hostpath="-1">
        <InterfaceName name="localStrings:CANopen-Module">CANopen-Module</InterfaceName>
        <Slot count="1" allowEmpty="false" />
      </Connector>
    </Module>
    <Module>
      <ModuleId>8</ModuleId>
      <DeviceInfo>
        <Name name="localStrings:8.ModelName">iR-AQ04-VI</Name>
        <Description name="localStrings:Module9.Desc">CANopen-Module for CAN-Device iR-COP imported from iR-COP_v3_20190806.eds</Description>
        <Vendor name="localStrings:Vendor">Weintek Labs., Inc.</Vendor>
        <OrderNumber>iR-AQ04-VI</OrderNumber>
        <AdditionalFiles>
          <File name="localFiles:EDSFile" key="Common.File.EDS.NativeDescription">iR-COP_v3_20190806.eds</File>
        </AdditionalFiles>
      </DeviceInfo>
      <Connector moduleType="19" interface="CANopen.Module.44E_701.Revision=16#00000003, FileVersion=1.3" connectorId="1" role="child" hostpath="-1">
        <InterfaceName name="localStrings:CANopen-Module">CANopen-Module</InterfaceName>
        <Slot count="1" allowEmpty="false" />
      </Connector>
    </Module>
    <Module>
      <ModuleId>9</ModuleId>
      <DeviceInfo>
        <Name name="localStrings:9.ModelName">iR-AM06-VI</Name>
        <Description name="localStrings:Module10.Desc">CANopen-Module for CAN-Device iR-COP imported from iR-COP_v3_20190806.eds</Description>
        <Vendor name="localStrings:Vendor">Weintek Labs., Inc.</Vendor>
        <OrderNumber>iR-AM06-VI</OrderNumber>
        <AdditionalFiles>
          <File name="localFiles:EDSFile" key="Common.File.EDS.NativeDescription">iR-COP_v3_20190806.eds</File>
        </AdditionalFiles>
      </DeviceInfo>
      <Connector moduleType="19" interface="CANopen.Module.44E_701.Revision=16#00000003, FileVersion=1.3" connectorId="1" role="child" hostpath="-1">
        <InterfaceName name="localStrings:CANopen-Module">CANopen-Module</InterfaceName>
        <Slot count="1" allowEmpty="false" />
      </Connector>
    </Module>
    <Module>
      <ModuleId>10</ModuleId>
      <DeviceInfo>
        <Name name="localStrings:10.ModelName">PU01-Axis 0</Name>
        <Description name="localStrings:Module11.Desc">CANopen-Module for CAN-Device iR-COP imported from iR-COP_v3_20190806.eds</Description>
        <Vendor name="localStrings:Vendor">Weintek Labs., Inc.</Vendor>
        <OrderNumber>iR-PU01-P</OrderNumber>
        <AdditionalFiles>
          <File name="localFiles:EDSFile" key="Common.File.EDS.NativeDescription">iR-COP_v3_20190806.eds</File>
        </AdditionalFiles>
      </DeviceInfo>
      <Connector moduleType="19" interface="CANopen.Module.44E_701.Revision=16#00000003, FileVersion=1.3" connectorId="1" role="child" hostpath="-1">
        <InterfaceName name="localStrings:CANopen-Module">CANopen-Module</InterfaceName>
        <Slot count="1" allowEmpty="false" />
      </Connector>
    </Module>
    <Module>
      <ModuleId>11</ModuleId>
      <DeviceInfo>
        <Name name="localStrings:11.ModelName">PU01-Axis 1</Name>
        <Description name="localStrings:Module12.Desc">CANopen-Module for CAN-Device iR-COP imported from iR-COP_v3_20190806.eds</Description>
        <Vendor name="localStrings:Vendor">Weintek Labs., Inc.</Vendor>
        <OrderNumber>iR-PU01-P</OrderNumber>
        <AdditionalFiles>
          <File name="localFiles:EDSFile" key="Common.File.EDS.NativeDescription">iR-COP_v3_20190806.eds</File>
        </AdditionalFiles>
      </DeviceInfo>
      <Connector moduleType="19" interface="CANopen.Module.44E_701.Revision=16#00000003, FileVersion=1.3" connectorId="1" role="child" hostpath="-1">
        <InterfaceName name="localStrings:CANopen-Module">CANopen-Module</InterfaceName>
        <Slot count="1" allowEmpty="false" />
      </Connector>
    </Module>
    <Module>
      <ModuleId>12</ModuleId>
      <DeviceInfo>
        <Name name="localStrings:12.ModelName">PU01-Axis 2</Name>
        <Description name="localStrings:Module13.Desc">CANopen-Module for CAN-Device iR-COP imported from iR-COP_v3_20190806.eds</Description>
        <Vendor name="localStrings:Vendor">Weintek Labs., Inc.</Vendor>
        <OrderNumber>iR-PU01-P</OrderNumber>
        <AdditionalFiles>
          <File name="localFiles:EDSFile" key="Common.File.EDS.NativeDescription">iR-COP_v3_20190806.eds</File>
        </AdditionalFiles>
      </DeviceInfo>
      <Connector moduleType="19" interface="CANopen.Module.44E_701.Revision=16#00000003, FileVersion=1.3" connectorId="1" role="child" hostpath="-1">
        <InterfaceName name="localStrings:CANopen-Module">CANopen-Module</InterfaceName>
        <Slot count="1" allowEmpty="false" />
      </Connector>
    </Module>
    <Module>
      <ModuleId>13</ModuleId>
      <DeviceInfo>
        <Name name="localStrings:13.ModelName">PU01-Axis 3</Name>
        <Description name="localStrings:Module14.Desc">CANopen-Module for CAN-Device iR-COP imported from iR-COP_v3_20190806.eds</Description>
        <Vendor name="localStrings:Vendor">Weintek Labs., Inc.</Vendor>
        <OrderNumber>iR-PU01-P</OrderNumber>
        <AdditionalFiles>
          <File name="localFiles:EDSFile" key="Common.File.EDS.NativeDescription">iR-COP_v3_20190806.eds</File>
        </AdditionalFiles>
      </DeviceInfo>
      <Connector moduleType="19" interface="CANopen.Module.44E_701.Revision=16#00000003, FileVersion=1.3" connectorId="1" role="child" hostpath="-1">
        <InterfaceName name="localStrings:CANopen-Module">CANopen-Module</InterfaceName>
        <Slot count="1" allowEmpty="false" />
      </Connector>
    </Module>
  </Modules>
  <ImportPluginVersion>3.5.11.0</ImportPluginVersion>
</DeviceDescription>