<?xml version="1.0" encoding="utf-8" standalone="no"?>
<!--created with CoDeSys 3.0 (http://www.3s-software.com) by DeviceDescriptionBuilder (3S-Smart Software Solutions GmbH)-->
<DeviceDescription xmlns="http://www.3s-software.com/schemas/DeviceDescription-1.0.xsd" xmlns:ts="http://www.3s-software.com/schemas/TargetSettings-0.1.xsd" xmlns:xsi="http://www.w3.org/2001/XMLSchema-instance">
  <Types namespace="localTypes">
    <StructType name="Entry">
      <Component identifier="Index" type="std:UINT">
        <Default />
        <VisibleName name="local:Index">Index</VisibleName>
        <Description name="local:Index">Index</Description>
      </Component>
      <Component identifier="SubIndex" type="std:UINT">
        <Default />
        <VisibleName name="local:SubIndex">SubIndex</VisibleName>
        <Description name="local:SubIndex">SubIndex</Description>
      </Component>
      <Component identifier="Size" type="std:UINT">
        <Default />
        <VisibleName name="local:Size">Size</VisibleName>
        <Description name="local:Size">Size</Description>
      </Component>
      <Component identifier="Offset" type="std:UINT">
        <Default />
        <VisibleName name="local:Offset">Offset</VisibleName>
        <Description name="local:Offset">Offset</Description>
      </Component>
      <Component identifier="DependOnSlot" type="std:BOOL">
        <Default />
        <VisibleName name="local:DependOnSlot">DependOnSlot</VisibleName>
        <Description name="local:DependOnSlot">DependOnSlot</Description>
      </Component>
      <Component identifier="DependOnSlotGroup" type="std:BOOL">
        <Default />
        <VisibleName name="local:DependOnSlotGroup">DependOnSlotGroup</VisibleName>
        <Description name="local:DependOnSlotGroup">DependOnSlotGroup</Description>
      </Component>
    </StructType>
    <StructType name="PDO_Information">
      <Component identifier="Name" type="std:STRING">
        <Default />
        <VisibleName name="local:Name">Name</VisibleName>
        <Description name="local:Name">Name</Description>
      </Component>
      <Component identifier="DataType" type="std:STRING">
        <Default />
        <VisibleName name="local:DataType">DataType</VisibleName>
        <Description name="local:DataType">DataType</Description>
      </Component>
      <Component identifier="Default" type="std:STRING">
        <Default />
        <VisibleName name="local:Default">Default</VisibleName>
        <Description name="local:Default">Default</Description>
      </Component>
      <Component identifier="Comment" type="std:STRING">
        <Default />
        <VisibleName name="local:Comment">Comment</VisibleName>
        <Description name="local:Comment">Comment</Description>
      </Component>
    </StructType>
    <StructType name="RxTxPdo">
      <Component identifier="NumberofExcludes" type="std:INT">
        <Default />
        <VisibleName name="local:NumberofExcludes">NumberofExcludes</VisibleName>
      </Component>
      <Component identifier="NumberofEntries" type="std:INT">
        <Default />
        <VisibleName name="local:NumberofEntries">NumberofEntries</VisibleName>
      </Component>
      <Component identifier="Index" type="std:UINT">
        <Default />
        <VisibleName name="local:Index">Index</VisibleName>
      </Component>
      <Component identifier="Fixed" type="std:BOOL">
        <Default />
        <VisibleName name="local:Fixed">Fixed</VisibleName>
      </Component>
      <Component identifier="Mandatory" type="std:BOOL">
        <Default />
        <VisibleName name="local:Mandatory">Mandatory</VisibleName>
      </Component>
      <Component identifier="Virtual" type="std:BOOL">
        <Default />
        <VisibleName name="local:Virtual">Virtual</VisibleName>
      </Component>
      <Component identifier="Sm" type="std:INT">
        <Default />
        <VisibleName name="local:Sm">Sm</VisibleName>
      </Component>
      <Component identifier="Su" type="std:INT">
        <Default />
        <VisibleName name="local:Su">Su</VisibleName>
      </Component>
      <Component identifier="Name" type="std:STRING">
        <Default />
        <VisibleName name="local:Name">Name</VisibleName>
      </Component>
      <Component identifier="DependOnSlot" type="std:BOOL">
        <Default />
        <VisibleName name="local:DependOnSlot">DependOnSlot</VisibleName>
      </Component>
      <Component identifier="DependOnSlotGroup" type="std:BOOL">
        <Default />
        <VisibleName name="local:DependOnSlotGroup">DependOnSlotGroup</VisibleName>
      </Component>
      <Component identifier="OverwrittenByModule" type="std:BOOL">
        <Default />
        <VisibleName name="local:OverwrittenByModule">OverwrittenByModule</VisibleName>
      </Component>
    </StructType>
  </Types>
  <ParameterFilterFlags />
  <Strings namespace="local">
    <Language lang="en-en">
      <String identifier="devicename">iR-AM06-VI</String>
      <String identifier="instancename">iR-AM06-VI</String>
      <String identifier="typedevicedescription">EtherCAT Module imported from Slave XML: Weintek_iR_ECAT_IO.xml Device: iR-AM06-VI</String>
      <String identifier="WeintekLabsaaInca">Weintek Labs., Inc.</String>
      <String identifier="EtherCATModule">Module</String>
      <String identifier="General">General</String>
      <String identifier="ModuleIdent">Module ident</String>
      <String identifier="ModuleClass">Module class</String>
      <String identifier="ModulePdoGroup">Module pdo group</String>
      <String identifier="Entry">Entry</String>
      <String identifier="Index">Index</String>
      <String identifier="SubIndex">SubIndex</String>
      <String identifier="Size">Size</String>
      <String identifier="Offset">Offset</String>
      <String identifier="DependOnSlot">DependOnSlot</String>
      <String identifier="DependOnSlotGroup">DependOnSlotGroup</String>
      <String identifier="OverwrittenByModule">OverwrittenByModule</String>
      <String identifier="Name">Name</String>
      <String identifier="DataType">DataType</String>
      <String identifier="Default">Default</String>
      <String identifier="Comment">Comment</String>
      <String identifier="NumberofExcludes">NumberofExcludes</String>
      <String identifier="NumberofEntries">NumberofEntries</String>
      <String identifier="Fixed">Fixed</String>
      <String identifier="Mandatory">Mandatory</String>
      <String identifier="Virtual">Virtual</String>
      <String identifier="Sm">Sm</String>
      <String identifier="Su">Su</String>
      <String identifier="RxPDO">RxPDO</String>
      <String identifier="Parameter_NumberOfRx">Number of RxPDOs of the Slave</String>
      <String identifier="Exclude">Exclude</String>
      <String identifier="RxTxPdo">RxTxPdo</String>
      <String identifier="RxPDO1">RxPDO1</String>
      <String identifier="AO11">AO1</String>
      <String identifier="AO22">AO2</String>
      <String identifier="TxPDO">TxPDO</String>
      <String identifier="Parameter_NumberOfTx">Number of TxPDOs of the Slave</String>
      <String identifier="TxPDO1">TxPDO1</String>
      <String identifier="AI11">AI1</String>
      <String identifier="AI22">AI2</String>
      <String identifier="AI33">AI3</String>
      <String identifier="AI44">AI4</String>
    </Language>
  </Strings>
  <Files namespace="local">
    <Language lang="en">
      <File identifier="XMLFile" fileref="local">
        <LocalFile>Weintek_iR_ECAT_IO.xml</LocalFile>
      </File>
    </Language>
  </Files>
  <Device hideInCatalogue="false">
    <DeviceIdentification>
      <Type>68</Type>
      <Id>6DD_00000635_Ai_iR-AM06-VI</Id>
      <Version>0</Version>
    </DeviceIdentification>
    <DeviceInfo>
      <Name name="local:devicename">iR-AM06-VI</Name>
      <Description name="local:typedevicedescription">EtherCAT Module imported from Slave XML: Weintek_iR_ECAT_IO.xml Device: iR-AM06-VI</Description>
      <Vendor name="local:WeintekLabsaaInca">Weintek Labs., Inc.</Vendor>
      <OrderNumber>iR-AM06-VI</OrderNumber>
      <DefaultInstanceName name="local:instancename">iR-AM06-VI</DefaultInstanceName>
      <AdditionalFiles>
        <File name="local:XMLFile" key="Common.File.XML.NativeDescription">Weintek_iR_ECAT_IO.xml</File>
      </AdditionalFiles>
    </DeviceInfo>
    <Connector moduleType="68" interface="Ethercat_6DD_Module_1589" role="child" explicit="false" hostpath="-1" connectorId="1">
      <InterfaceName name="local:EtherCATModule">Module</InterfaceName>
      <Slot count="1" allowEmpty="false" />
      <AdditionalInterface interface="Ethercat_6DD_Module_Ai" />
      <HostParameterSet>
        <ParameterSection>
          <Name name="local:General">General</Name>
          <Parameter ParameterId="1090519040" type="std:DWORD">
            <Attributes offlineaccess="readwrite" download="true" />
            <Default>16#0635</Default>
            <Name name="local:ModuleIdent">Module ident</Name>
          </Parameter>
          <Parameter ParameterId="1090519056" type="std:STRING">
            <Attributes offlineaccess="readwrite" download="false" />
            <Default>'Ai'</Default>
            <Name name="local:ModuleClass">Module class</Name>
          </Parameter>
          <Parameter ParameterId="1090519072" type="std:DINT">
            <Attributes offlineaccess="readwrite" download="true" />
            <Default>1</Default>
            <Name name="local:ModulePdoGroup">Module pdo group</Name>
          </Parameter>
        </ParameterSection>
        <ParameterSection>
          <Name name="local:RxPDO">RxPDO</Name>
          <Parameter ParameterId="1342504960" type="std:DWORD">
            <Attributes download="true" functional="false" />
            <Default>1</Default>
            <Name name="local:Parameter_NumberOfRx">Number of RxPDOs of the Slave</Name>
            <Description name="local:Parameter_NumberOfRx">Number of RxPDOs of the Slave</Description>
          </Parameter>
          <ParameterSection>
            <Name name="local:RxPDO1">RxPDO1</Name>
            <ParameterSection>
              <Name name="local:AO11">AO1</Name>
              <Parameter ParameterId="1879048194" type="localTypes:Entry">
                <Attributes offlineaccess="readwrite" download="true" />
                <Default>
                  <Element name="Index">16#7000</Element>
                  <Element name="SubIndex">1</Element>
                  <Element name="Size">16</Element>
                  <Element name="DependOnSlot">true</Element>
                </Default>
                <Name name="local:AO11">AO1</Name>
              </Parameter>
              <Parameter ParameterId="1880096770" type="localTypes:PDO_Information">
                <Attributes offlineaccess="readwrite" download="false" />
                <Default>
                  <Element name="Name">'AO1'</Element>
                  <Element name="DataType">'INT'</Element>
                  <Element name="Comment">''</Element>
                </Default>
                <Name name="local:AO11">AO1</Name>
              </Parameter>
            </ParameterSection>
            <ParameterSection>
              <Name name="local:AO22">AO2</Name>
              <Parameter ParameterId="1879048195" type="localTypes:Entry">
                <Attributes offlineaccess="readwrite" download="true" />
                <Default>
                  <Element name="Index">16#7000</Element>
                  <Element name="SubIndex">2</Element>
                  <Element name="Size">16</Element>
                  <Element name="DependOnSlot">true</Element>
                </Default>
                <Name name="local:AO22">AO2</Name>
              </Parameter>
              <Parameter ParameterId="1880096771" type="localTypes:PDO_Information">
                <Attributes offlineaccess="readwrite" download="false" />
                <Default>
                  <Element name="Name">'AO2'</Element>
                  <Element name="DataType">'INT'</Element>
                  <Element name="Comment">''</Element>
                </Default>
                <Name name="local:AO22">AO2</Name>
              </Parameter>
            </ParameterSection>
            <Parameter ParameterId="1879048192" type="localTypes:RxTxPdo">
              <Attributes offlineaccess="readwrite" download="true" />
              <Default>
                <Element name="NumberofExcludes">0</Element>
                <Element name="NumberofEntries">2</Element>
                <Element name="Index">16#1600</Element>
                <Element name="Name">'Output'</Element>
                <Element name="Fixed">True</Element>
                <Element name="Mandatory">True</Element>
                <Element name="Virtual">FALSE</Element>
                <Element name="Sm">2</Element>
                <Element name="Su">0</Element>
                <Element name="DependOnSlot">true</Element>
              </Default>
              <Name name="local:RxTxPdo">RxTxPdo</Name>
            </Parameter>
          </ParameterSection>
        </ParameterSection>
        <ParameterSection>
          <Name name="local:TxPDO">TxPDO</Name>
          <Parameter ParameterId="1342636032" type="std:DWORD">
            <Attributes download="true" functional="false" />
            <Default>1</Default>
            <Name name="local:Parameter_NumberOfTx">Number of TxPDOs of the Slave</Name>
            <Description name="local:Parameter_NumberOfTx">Number of TxPDOs of the Slave</Description>
          </Parameter>
          <ParameterSection>
            <Name name="local:TxPDO1">TxPDO1</Name>
            <ParameterSection>
              <Name name="local:AI11">AI1</Name>
              <Parameter ParameterId="1879375874" type="localTypes:Entry">
                <Attributes offlineaccess="readwrite" download="true" />
                <Default>
                  <Element name="Index">16#6000</Element>
                  <Element name="SubIndex">1</Element>
                  <Element name="Size">16</Element>
                  <Element name="DependOnSlot">true</Element>
                </Default>
                <Name name="local:AI11">AI1</Name>
              </Parameter>
              <Parameter ParameterId="1880424450" type="localTypes:PDO_Information">
                <Attributes offlineaccess="readwrite" download="false" />
                <Default>
                  <Element name="Name">'AI1'</Element>
                  <Element name="DataType">'INT'</Element>
                  <Element name="Comment">''</Element>
                </Default>
                <Name name="local:AI11">AI1</Name>
              </Parameter>
            </ParameterSection>
            <ParameterSection>
              <Name name="local:AI22">AI2</Name>
              <Parameter ParameterId="1879375875" type="localTypes:Entry">
                <Attributes offlineaccess="readwrite" download="true" />
                <Default>
                  <Element name="Index">16#6000</Element>
                  <Element name="SubIndex">2</Element>
                  <Element name="Size">16</Element>
                  <Element name="DependOnSlot">true</Element>
                </Default>
                <Name name="local:AI22">AI2</Name>
              </Parameter>
              <Parameter ParameterId="1880424451" type="localTypes:PDO_Information">
                <Attributes offlineaccess="readwrite" download="false" />
                <Default>
                  <Element name="Name">'AI2'</Element>
                  <Element name="DataType">'INT'</Element>
                  <Element name="Comment">''</Element>
                </Default>
                <Name name="local:AI22">AI2</Name>
              </Parameter>
            </ParameterSection>
            <ParameterSection>
              <Name name="local:AI33">AI3</Name>
              <Parameter ParameterId="1879375876" type="localTypes:Entry">
                <Attributes offlineaccess="readwrite" download="true" />
                <Default>
                  <Element name="Index">16#6000</Element>
                  <Element name="SubIndex">3</Element>
                  <Element name="Size">16</Element>
                  <Element name="DependOnSlot">true</Element>
                </Default>
                <Name name="local:AI33">AI3</Name>
              </Parameter>
              <Parameter ParameterId="1880424452" type="localTypes:PDO_Information">
                <Attributes offlineaccess="readwrite" download="false" />
                <Default>
                  <Element name="Name">'AI3'</Element>
                  <Element name="DataType">'INT'</Element>
                  <Element name="Comment">''</Element>
                </Default>
                <Name name="local:AI33">AI3</Name>
              </Parameter>
            </ParameterSection>
            <ParameterSection>
              <Name name="local:AI44">AI4</Name>
              <Parameter ParameterId="1879375877" type="localTypes:Entry">
                <Attributes offlineaccess="readwrite" download="true" />
                <Default>
                  <Element name="Index">16#6000</Element>
                  <Element name="SubIndex">4</Element>
                  <Element name="Size">16</Element>
                  <Element name="DependOnSlot">true</Element>
                </Default>
                <Name name="local:AI44">AI4</Name>
              </Parameter>
              <Parameter ParameterId="1880424453" type="localTypes:PDO_Information">
                <Attributes offlineaccess="readwrite" download="false" />
                <Default>
                  <Element name="Name">'AI4'</Element>
                  <Element name="DataType">'INT'</Element>
                  <Element name="Comment">''</Element>
                </Default>
                <Name name="local:AI44">AI4</Name>
              </Parameter>
            </ParameterSection>
            <Parameter ParameterId="1879375872" type="localTypes:RxTxPdo">
              <Attributes offlineaccess="readwrite" download="true" />
              <Default>
                <Element name="NumberofExcludes">0</Element>
                <Element name="NumberofEntries">4</Element>
                <Element name="Index">16#1A00</Element>
                <Element name="Name">'Input'</Element>
                <Element name="Fixed">True</Element>
                <Element name="Mandatory">True</Element>
                <Element name="Virtual">FALSE</Element>
                <Element name="Sm">3</Element>
                <Element name="Su">0</Element>
                <Element name="DependOnSlot">true</Element>
              </Default>
              <Name name="local:RxTxPdo">RxTxPdo</Name>
            </Parameter>
          </ParameterSection>
        </ParameterSection>
      </HostParameterSet>
      <Appearance>
        <ShowEditor>EthercatSDOEditorPage</ShowEditor>
        <ShowEditor>IoMappingEditor</ShowEditor>
        <ShowEditor>DeviceInformation</ShowEditor>
      </Appearance>
    </Connector>
  </Device>
  <ImportPluginVersion>3.5.0.0</ImportPluginVersion>
</DeviceDescription>