<?xml version="1.0" encoding="utf-8"?>
<EtherCATInfo xmlns:xsd="http://www.w3.org/2001/XMLSchema" xmlns:xsi="http://www.w3.org/2001/XMLSchema-instance" xsi:noNamespaceSchemaLocation="EtherCATInfo.xsd" Version="1.0">
	<InfoReference>Weintek_iR_ECAT_IO.xml</InfoReference>
	<Vendor>
		<Id>#x6DD</Id>
		<Name>Weintek Labs., Inc.</Name>
	</Vendor>
	<Descriptions>
		<Groups>
			<Group SortOrder="0">
				<Type>Coupler</Type>
				<Name>Coupler</Name>
			</Group>
		</Groups>
		<Devices>
			<Device Physics="YY">
				<Type ProductCode="#x00000706" RevisionNo="#x00000001">iR-ECAT</Type>
				<Name>iR-ECAT</Name>
				<Info>
					<StateMachine>
						<Timeout>
							<PreopTimeout>2000</PreopTimeout>
							<SafeopOpTimeout>9000</SafeopOpTimeout>
							<BackToInitTimeout>5000</BackToInitTimeout>
							<BackToSafeopTimeout>200</BackToSafeopTimeout>
						</Timeout>
					</StateMachine>
					<Mailbox>
						<Timeout>
							<RequestTimeout>100</RequestTimeout>
							<ResponseTimeout>2000</ResponseTimeout>
						</Timeout>
					</Mailbox>
				</Info>
				<GroupType>Coupler</GroupType>
				<Profile>
					<ChannelInfo>
						<ProfileNo>5001</ProfileNo>
					</ChannelInfo>
					<ChannelInfo>
						<ProfileNo>5001</ProfileNo>
					</ChannelInfo>
					<ChannelInfo>
						<ProfileNo>5001</ProfileNo>
					</ChannelInfo>
					<Dictionary>
						<DataTypes>
							<DataType>
								<Name>USINT</Name>
								<BitSize>8</BitSize>
							</DataType>
							<DataType>
								<Name>UDINT</Name>
								<BitSize>32</BitSize>
							</DataType>
							<DataType>
								<Name>STRING(8)</Name>
								<BitSize>64</BitSize>
							</DataType>
							<DataType>
								<Name>STRING(4)</Name>
								<BitSize>32</BitSize>
							</DataType>
							<DataType>
								<Name>UINT</Name>
								<BitSize>16</BitSize>
							</DataType>
							<DataType>
								<Name>ULINT</Name>
								<BitSize>64</BitSize>
							</DataType>
							<DataType>
								<Name>BOOL</Name>
								<BitSize>1</BitSize>
							</DataType>
							<DataType>
								<Name>BIT2</Name>
								<BitSize>2</BitSize>
							</DataType>
							<DataType>
								<Name>INT</Name>
								<BitSize>16</BitSize>
							</DataType>
							<DataType>
								<Name>DINT</Name>
								<BitSize>32</BitSize>
							</DataType>
							<DataType>
								<Name>DT0800EN03</Name>
								<BaseType>USINT</BaseType>
								<BitSize>3</BitSize>
								<EnumInfo>
									<Text>Signed presentation</Text>
									<Enum>0</Enum>
								</EnumInfo>
								<EnumInfo>
									<Text>Unsigned presentation</Text>
									<Enum>1</Enum>
								</EnumInfo>
							</DataType>
							<DataType>
								<Name>DT1018</Name>
								<BitSize>208</BitSize>
								<SubItem>
									<SubIdx>0</SubIdx>
									<Name>SubIndex 000</Name>
									<Type>USINT</Type>
									<BitSize>8</BitSize>
									<BitOffs>0</BitOffs>
									<Flags>
										<Access>ro</Access>
									</Flags>
								</SubItem>
								<SubItem>
									<SubIdx>1</SubIdx>
									<Name>Vendor ID</Name>
									<Type>UDINT</Type>
									<BitSize>32</BitSize>
									<BitOffs>16</BitOffs>
									<Flags>
										<Access>ro</Access>
									</Flags>
								</SubItem>
								<SubItem>
									<SubIdx>2</SubIdx>
									<Name>Product code</Name>
									<Type>UDINT</Type>
									<BitSize>32</BitSize>
									<BitOffs>48</BitOffs>
									<Flags>
										<Access>ro</Access>
									</Flags>
								</SubItem>
								<SubItem>
									<SubIdx>3</SubIdx>
									<Name>Revision</Name>
									<Type>UDINT</Type>
									<BitSize>32</BitSize>
									<BitOffs>80</BitOffs>
									<Flags>
										<Access>ro</Access>
									</Flags>
								</SubItem>
								<SubItem>
									<SubIdx>4</SubIdx>
									<Name>Serial number</Name>
									<Type>UDINT</Type>
									<BitSize>32</BitSize>
									<BitOffs>112</BitOffs>
									<Flags>
										<Access>ro</Access>
									</Flags>
								</SubItem>
								<SubItem>
									<SubIdx>5</SubIdx>
									<Name>Power Consumption(mW)</Name>
									<Type>UDINT</Type>
									<BitSize>32</BitSize>
									<BitOffs>144</BitOffs>
									<Flags>
										<Access>ro</Access>
									</Flags>
								</SubItem>
								<SubItem>
									<SubIdx>6</SubIdx>
									<Name>Power Supply(mW)</Name>
									<Type>UDINT</Type>
									<BitSize>32</BitSize>
									<BitOffs>176</BitOffs>
									<Flags>
										<Access>ro</Access>
									</Flags>
								</SubItem>
							</DataType>
							<DataType>
								<Name>DT10F1</Name>
								<BitSize>64</BitSize>
								<SubItem>
									<SubIdx>0</SubIdx>
									<Name>SubIndex 000</Name>
									<Type>USINT</Type>
									<BitSize>8</BitSize>
									<BitOffs>0</BitOffs>
									<Flags>
										<Access>ro</Access>
									</Flags>
								</SubItem>
								<SubItem>
									<SubIdx>1</SubIdx>
									<Name>Local Error Reaction</Name>
									<Type>UDINT</Type>
									<BitSize>32</BitSize>
									<BitOffs>16</BitOffs>
									<Flags>
										<Access>rw</Access>
									</Flags>
								</SubItem>
								<SubItem>
									<SubIdx>2</SubIdx>
									<Name>Sync Error Counter Limit</Name>
									<Type>UINT</Type>
									<BitSize>16</BitSize>
									<BitOffs>48</BitOffs>
									<Flags>
										<Access>rw</Access>
									</Flags>
								</SubItem>
							</DataType>
							<DataType>
								<Name>DT1601</Name>
								<BitSize>304</BitSize>
								<SubItem>
									<SubIdx>0</SubIdx>
									<Name>SubIndex 000</Name>
									<Type>USINT</Type>
									<BitSize>8</BitSize>
									<BitOffs>0</BitOffs>
									<Flags>
										<Access>ro</Access>
									</Flags>
								</SubItem>
								<SubItem>
									<SubIdx>1</SubIdx>
									<Name>SubIndex 001</Name>
									<Type>UDINT</Type>
									<BitSize>32</BitSize>
									<BitOffs>16</BitOffs>
									<Flags>
										<Access>ro</Access>
									</Flags>
								</SubItem>
								<SubItem>
									<SubIdx>2</SubIdx>
									<Name>SubIndex 002</Name>
									<Type>UDINT</Type>
									<BitSize>32</BitSize>
									<BitOffs>48</BitOffs>
									<Flags>
										<Access>ro</Access>
									</Flags>
								</SubItem>
								<SubItem>
									<SubIdx>3</SubIdx>
									<Name>SubIndex 003</Name>
									<Type>UDINT</Type>
									<BitSize>32</BitSize>
									<BitOffs>80</BitOffs>
									<Flags>
										<Access>ro</Access>
									</Flags>
								</SubItem>
								<SubItem>
									<SubIdx>4</SubIdx>
									<Name>SubIndex 004</Name>
									<Type>UDINT</Type>
									<BitSize>32</BitSize>
									<BitOffs>112</BitOffs>
									<Flags>
										<Access>ro</Access>
									</Flags>
								</SubItem>
								<SubItem>
									<SubIdx>5</SubIdx>
									<Name>SubIndex 005</Name>
									<Type>UDINT</Type>
									<BitSize>32</BitSize>
									<BitOffs>144</BitOffs>
									<Flags>
										<Access>ro</Access>
									</Flags>
								</SubItem>
								<SubItem>
									<SubIdx>6</SubIdx>
									<Name>SubIndex 006</Name>
									<Type>UDINT</Type>
									<BitSize>32</BitSize>
									<BitOffs>176</BitOffs>
									<Flags>
										<Access>ro</Access>
									</Flags>
								</SubItem>
								<SubItem>
									<SubIdx>7</SubIdx>
									<Name>SubIndex 007</Name>
									<Type>UDINT</Type>
									<BitSize>32</BitSize>
									<BitOffs>208</BitOffs>
									<Flags>
										<Access>ro</Access>
									</Flags>
								</SubItem>
								<SubItem>
									<SubIdx>8</SubIdx>
									<Name>SubIndex 008</Name>
									<Type>UDINT</Type>
									<BitSize>32</BitSize>
									<BitOffs>240</BitOffs>
									<Flags>
										<Access>ro</Access>
									</Flags>
								</SubItem>
								<SubItem>
									<SubIdx>9</SubIdx>
									<Name>SubIndex 009</Name>
									<Type>UDINT</Type>
									<BitSize>32</BitSize>
									<BitOffs>272</BitOffs>
									<Flags>
										<Access>ro</Access>
									</Flags>
								</SubItem>
							</DataType>
							<DataType>
								<Name>DT1802</Name>
								<BitSize>24</BitSize>
								<SubItem>
									<SubIdx>0</SubIdx>
									<Name>SubIndex 000</Name>
									<Type>USINT</Type>
									<BitSize>8</BitSize>
									<BitOffs>0</BitOffs>
									<Flags>
										<Access>ro</Access>
									</Flags>
								</SubItem>
								<SubItem>
									<SubIdx>7</SubIdx>
									<Name>TxPDOState</Name>
									<Type>BOOL</Type>
									<BitSize>1</BitSize>
									<BitOffs>16</BitOffs>
									<Flags>
										<Access>ro</Access>
										<PdoMapping>t</PdoMapping>
									</Flags>
								</SubItem>
								<SubItem>
									<SubIdx>9</SubIdx>
									<Name>TxPDO Toggle</Name>
									<Type>BOOL</Type>
									<BitSize>1</BitSize>
									<BitOffs>17</BitOffs>
									<Flags>
										<Access>ro</Access>
										<PdoMapping>t</PdoMapping>
									</Flags>
								</SubItem>
							</DataType>
							<DataType>
								<Name>DT1A00</Name>
								<BitSize>304</BitSize>
								<SubItem>
									<SubIdx>0</SubIdx>
									<Name>SubIndex 000</Name>
									<Type>USINT</Type>
									<BitSize>8</BitSize>
									<BitOffs>0</BitOffs>
									<Flags>
										<Access>ro</Access>
									</Flags>
								</SubItem>
								<SubItem>
									<SubIdx>1</SubIdx>
									<Name>SubIndex 001</Name>
									<Type>UDINT</Type>
									<BitSize>32</BitSize>
									<BitOffs>16</BitOffs>
									<Flags>
										<Access>ro</Access>
									</Flags>
								</SubItem>
								<SubItem>
									<SubIdx>2</SubIdx>
									<Name>SubIndex 002</Name>
									<Type>UDINT</Type>
									<BitSize>32</BitSize>
									<BitOffs>48</BitOffs>
									<Flags>
										<Access>ro</Access>
									</Flags>
								</SubItem>
								<SubItem>
									<SubIdx>3</SubIdx>
									<Name>SubIndex 003</Name>
									<Type>UDINT</Type>
									<BitSize>32</BitSize>
									<BitOffs>80</BitOffs>
									<Flags>
										<Access>ro</Access>
									</Flags>
								</SubItem>
								<SubItem>
									<SubIdx>4</SubIdx>
									<Name>SubIndex 004</Name>
									<Type>UDINT</Type>
									<BitSize>32</BitSize>
									<BitOffs>112</BitOffs>
									<Flags>
										<Access>ro</Access>
									</Flags>
								</SubItem>
								<SubItem>
									<SubIdx>5</SubIdx>
									<Name>SubIndex 005</Name>
									<Type>UDINT</Type>
									<BitSize>32</BitSize>
									<BitOffs>144</BitOffs>
									<Flags>
										<Access>ro</Access>
									</Flags>
								</SubItem>
								<SubItem>
									<SubIdx>6</SubIdx>
									<Name>SubIndex 006</Name>
									<Type>UDINT</Type>
									<BitSize>32</BitSize>
									<BitOffs>176</BitOffs>
									<Flags>
										<Access>ro</Access>
									</Flags>
								</SubItem>
								<SubItem>
									<SubIdx>7</SubIdx>
									<Name>SubIndex 007</Name>
									<Type>UDINT</Type>
									<BitSize>32</BitSize>
									<BitOffs>208</BitOffs>
									<Flags>
										<Access>ro</Access>
									</Flags>
								</SubItem>
								<SubItem>
									<SubIdx>8</SubIdx>
									<Name>SubIndex 008</Name>
									<Type>UDINT</Type>
									<BitSize>32</BitSize>
									<BitOffs>240</BitOffs>
									<Flags>
										<Access>ro</Access>
									</Flags>
								</SubItem>
								<SubItem>
									<SubIdx>9</SubIdx>
									<Name>SubIndex 009</Name>
									<Type>UDINT</Type>
									<BitSize>32</BitSize>
									<BitOffs>272</BitOffs>
									<Flags>
										<Access>ro</Access>
									</Flags>
								</SubItem>
							</DataType>
							<DataType>
								<Name>DT1A02</Name>
								<BitSize>272</BitSize>
								<SubItem>
									<SubIdx>0</SubIdx>
									<Name>SubIndex 000</Name>
									<Type>USINT</Type>
									<BitSize>8</BitSize>
									<BitOffs>0</BitOffs>
									<Flags>
										<Access>ro</Access>
									</Flags>
								</SubItem>
								<SubItem>
									<SubIdx>1</SubIdx>
									<Name>SubIndex 001</Name>
									<Type>UDINT</Type>
									<BitSize>32</BitSize>
									<BitOffs>16</BitOffs>
									<Flags>
										<Access>ro</Access>
									</Flags>
								</SubItem>
								<SubItem>
									<SubIdx>2</SubIdx>
									<Name>SubIndex 002</Name>
									<Type>UDINT</Type>
									<BitSize>32</BitSize>
									<BitOffs>48</BitOffs>
									<Flags>
										<Access>ro</Access>
									</Flags>
								</SubItem>
								<SubItem>
									<SubIdx>3</SubIdx>
									<Name>SubIndex 003</Name>
									<Type>UDINT</Type>
									<BitSize>32</BitSize>
									<BitOffs>80</BitOffs>
									<Flags>
										<Access>ro</Access>
									</Flags>
								</SubItem>
								<SubItem>
									<SubIdx>4</SubIdx>
									<Name>SubIndex 004</Name>
									<Type>UDINT</Type>
									<BitSize>32</BitSize>
									<BitOffs>112</BitOffs>
									<Flags>
										<Access>ro</Access>
									</Flags>
								</SubItem>
								<SubItem>
									<SubIdx>5</SubIdx>
									<Name>SubIndex 005</Name>
									<Type>UDINT</Type>
									<BitSize>32</BitSize>
									<BitOffs>144</BitOffs>
									<Flags>
										<Access>ro</Access>
									</Flags>
								</SubItem>
								<SubItem>
									<SubIdx>6</SubIdx>
									<Name>SubIndex 006</Name>
									<Type>UDINT</Type>
									<BitSize>32</BitSize>
									<BitOffs>176</BitOffs>
									<Flags>
										<Access>ro</Access>
									</Flags>
								</SubItem>
								<SubItem>
									<SubIdx>7</SubIdx>
									<Name>SubIndex 007</Name>
									<Type>UDINT</Type>
									<BitSize>32</BitSize>
									<BitOffs>208</BitOffs>
									<Flags>
										<Access>ro</Access>
									</Flags>
								</SubItem>
								<SubItem>
									<SubIdx>8</SubIdx>
									<Name>SubIndex 008</Name>
									<Type>UDINT</Type>
									<BitSize>32</BitSize>
									<BitOffs>240</BitOffs>
									<Flags>
										<Access>ro</Access>
									</Flags>
								</SubItem>
							</DataType>
							<DataType>
								<Name>DT1C00ARR</Name>
								<BaseType>USINT</BaseType>
								<BitSize>32</BitSize>
								<ArrayInfo>
									<LBound>1</LBound>
									<Elements>4</Elements>
								</ArrayInfo>
							</DataType>
							<DataType>
								<Name>DT1C00</Name>
								<BitSize>48</BitSize>
								<SubItem>
									<SubIdx>0</SubIdx>
									<Name>SubIndex 000</Name>
									<Type>USINT</Type>
									<BitSize>8</BitSize>
									<BitOffs>0</BitOffs>
									<Flags>
										<Access>ro</Access>
									</Flags>
								</SubItem>
								<SubItem>
									<Name>Elements</Name>
									<Type>DT1C00ARR</Type>
									<BitSize>32</BitSize>
									<BitOffs>16</BitOffs>
									<Flags>
										<Access>ro</Access>
									</Flags>
								</SubItem>
							</DataType>
							<DataType>
								<Name>DT1C12ARR</Name>
								<BaseType>UINT</BaseType>
								<BitSize>256</BitSize>
								<ArrayInfo>
									<LBound>1</LBound>
									<Elements>16</Elements>
								</ArrayInfo>
							</DataType>
							<DataType>
								<Name>DT1C12</Name>
								<BitSize>272</BitSize>
								<SubItem>
									<SubIdx>0</SubIdx>
									<Name>SubIndex 000</Name>
									<Type>USINT</Type>
									<BitSize>8</BitSize>
									<BitOffs>0</BitOffs>
									<Flags>
										<Access>ro</Access>
									</Flags>
								</SubItem>
								<SubItem>
									<Name>Elements</Name>
									<Type>DT1C12ARR</Type>
									<BitSize>256</BitSize>
									<BitOffs>16</BitOffs>
									<Flags>
										<Access>ro</Access>
									</Flags>
								</SubItem>
							</DataType>
							<DataType>
								<Name>DT1C13ARR</Name>
								<BaseType>UINT</BaseType>
								<BitSize>32</BitSize>
								<ArrayInfo>
									<LBound>1</LBound>
									<Elements>2</Elements>
								</ArrayInfo>
							</DataType>
							<DataType>
								<Name>DT1C13</Name>
								<BitSize>48</BitSize>
								<SubItem>
									<SubIdx>0</SubIdx>
									<Name>SubIndex 000</Name>
									<Type>USINT</Type>
									<BitSize>8</BitSize>
									<BitOffs>0</BitOffs>
									<Flags>
										<Access>ro</Access>
									</Flags>
								</SubItem>
								<SubItem>
									<Name>Elements</Name>
									<Type>DT1C13ARR</Type>
									<BitSize>32</BitSize>
									<BitOffs>16</BitOffs>
									<Flags>
										<Access>ro</Access>
									</Flags>
								</SubItem>
							</DataType>
							<DataType>
								<Name>DT1C32</Name>
								<BitSize>488</BitSize>
								<SubItem>
									<SubIdx>0</SubIdx>
									<Name>SubIndex 000</Name>
									<Type>USINT</Type>
									<BitSize>8</BitSize>
									<BitOffs>0</BitOffs>
									<Flags>
										<Access>ro</Access>
									</Flags>
								</SubItem>
								<SubItem>
									<SubIdx>1</SubIdx>
									<Name>Synchronization Type</Name>
									<Type>UINT</Type>
									<BitSize>16</BitSize>
									<BitOffs>16</BitOffs>
									<Flags>
										<Access WriteRestrictions="PreOP">rw</Access>
									</Flags>
								</SubItem>
								<SubItem>
									<SubIdx>2</SubIdx>
									<Name>Cycle Time</Name>
									<Type>UDINT</Type>
									<BitSize>32</BitSize>
									<BitOffs>32</BitOffs>
									<Flags>
										<Access>ro</Access>
									</Flags>
								</SubItem>
								<SubItem>
									<SubIdx>4</SubIdx>
									<Name>Synchronization Types supported</Name>
									<Type>UINT</Type>
									<BitSize>16</BitSize>
									<BitOffs>96</BitOffs>
									<Flags>
										<Access>ro</Access>
									</Flags>
								</SubItem>
								<SubItem>
									<SubIdx>5</SubIdx>
									<Name>Minimum Cycle Time</Name>
									<Type>UDINT</Type>
									<BitSize>32</BitSize>
									<BitOffs>112</BitOffs>
									<Flags>
										<Access>ro</Access>
									</Flags>
								</SubItem>
								<SubItem>
									<SubIdx>6</SubIdx>
									<Name>Calc and Copy Time</Name>
									<Type>UDINT</Type>
									<BitSize>32</BitSize>
									<BitOffs>144</BitOffs>
									<Flags>
										<Access>ro</Access>
									</Flags>
								</SubItem>
								<SubItem>
									<SubIdx>8</SubIdx>
									<Name>Get Cycle Time</Name>
									<Type>UINT</Type>
									<BitSize>16</BitSize>
									<BitOffs>208</BitOffs>
									<Flags>
										<Access>rw</Access>
									</Flags>
								</SubItem>
								<SubItem>
									<SubIdx>9</SubIdx>
									<Name>Delay Time</Name>
									<Type>UDINT</Type>
									<BitSize>32</BitSize>
									<BitOffs>224</BitOffs>
									<Flags>
										<Access>ro</Access>
									</Flags>
								</SubItem>
								<SubItem>
									<SubIdx>10</SubIdx>
									<Name>Sync0 Cycle Time</Name>
									<Type>UDINT</Type>
									<BitSize>32</BitSize>
									<BitOffs>256</BitOffs>
									<Flags>
										<Access>rw</Access>
									</Flags>
								</SubItem>
								<SubItem>
									<SubIdx>11</SubIdx>
									<Name>SM-Event Missed</Name>
									<Type>UINT</Type>
									<BitSize>16</BitSize>
									<BitOffs>288</BitOffs>
									<Flags>
										<Access>ro</Access>
									</Flags>
								</SubItem>
								<SubItem>
									<SubIdx>12</SubIdx>
									<Name>Cycle Time Too Small</Name>
									<Type>UINT</Type>
									<BitSize>16</BitSize>
									<BitOffs>304</BitOffs>
									<Flags>
										<Access>ro</Access>
									</Flags>
								</SubItem>
								<SubItem>
									<SubIdx>32</SubIdx>
									<Name>Sync Error</Name>
									<Type>BOOL</Type>
									<BitSize>1</BitSize>
									<BitOffs>480</BitOffs>
									<Flags>
										<Access>ro</Access>
									</Flags>
								</SubItem>
							</DataType>
							<DataType>
								<Name>DT1C33</Name>
								<BitSize>488</BitSize>
								<SubItem>
									<SubIdx>0</SubIdx>
									<Name>SubIndex 000</Name>
									<Type>USINT</Type>
									<BitSize>8</BitSize>
									<BitOffs>0</BitOffs>
									<Flags>
										<Access>ro</Access>
									</Flags>
								</SubItem>
								<SubItem>
									<SubIdx>1</SubIdx>
									<Name>Synchronization Type</Name>
									<Type>UINT</Type>
									<BitSize>16</BitSize>
									<BitOffs>16</BitOffs>
									<Flags>
										<Access WriteRestrictions="PreOP">rw</Access>
									</Flags>
								</SubItem>
								<SubItem>
									<SubIdx>2</SubIdx>
									<Name>Cycle Time</Name>
									<Type>UDINT</Type>
									<BitSize>32</BitSize>
									<BitOffs>32</BitOffs>
									<Flags>
										<Access>ro</Access>
									</Flags>
								</SubItem>
								<SubItem>
									<SubIdx>4</SubIdx>
									<Name>Synchronization Types supported</Name>
									<Type>UINT</Type>
									<BitSize>16</BitSize>
									<BitOffs>96</BitOffs>
									<Flags>
										<Access>ro</Access>
									</Flags>
								</SubItem>
								<SubItem>
									<SubIdx>5</SubIdx>
									<Name>Minimum Cycle Time</Name>
									<Type>UDINT</Type>
									<BitSize>32</BitSize>
									<BitOffs>112</BitOffs>
									<Flags>
										<Access>ro</Access>
									</Flags>
								</SubItem>
								<SubItem>
									<SubIdx>6</SubIdx>
									<Name>Calc and Copy Time</Name>
									<Type>UDINT</Type>
									<BitSize>32</BitSize>
									<BitOffs>144</BitOffs>
									<Flags>
										<Access>ro</Access>
									</Flags>
								</SubItem>
								<SubItem>
									<SubIdx>8</SubIdx>
									<Name>Get Cycle Time</Name>
									<Type>UINT</Type>
									<BitSize>16</BitSize>
									<BitOffs>208</BitOffs>
									<Flags>
										<Access>rw</Access>
									</Flags>
								</SubItem>
								<SubItem>
									<SubIdx>9</SubIdx>
									<Name>Delay Time</Name>
									<Type>UDINT</Type>
									<BitSize>32</BitSize>
									<BitOffs>224</BitOffs>
									<Flags>
										<Access>ro</Access>
									</Flags>
								</SubItem>
								<SubItem>
									<SubIdx>10</SubIdx>
									<Name>Sync0 Cycle Time</Name>
									<Type>UDINT</Type>
									<BitSize>32</BitSize>
									<BitOffs>256</BitOffs>
									<Flags>
										<Access>rw</Access>
									</Flags>
								</SubItem>
								<SubItem>
									<SubIdx>11</SubIdx>
									<Name>SM-Event Missed</Name>
									<Type>UINT</Type>
									<BitSize>16</BitSize>
									<BitOffs>288</BitOffs>
									<Flags>
										<Access>ro</Access>
									</Flags>
								</SubItem>
								<SubItem>
									<SubIdx>12</SubIdx>
									<Name>Cycle Time Too Small</Name>
									<Type>UINT</Type>
									<BitSize>16</BitSize>
									<BitOffs>304</BitOffs>
									<Flags>
										<Access>ro</Access>
									</Flags>
								</SubItem>
								<SubItem>
									<SubIdx>32</SubIdx>
									<Name>Sync Error</Name>
									<Type>BOOL</Type>
									<BitSize>1</BitSize>
									<BitOffs>480</BitOffs>
									<Flags>
										<Access>ro</Access>
									</Flags>
								</SubItem>
							</DataType>
							<DataType>
								<Name>DT6000</Name>
								<BitSize>24</BitSize>
								<SubItem>
									<SubIdx>0</SubIdx>
									<Name>SubIndex 000</Name>
									<Type>USINT</Type>
									<BitSize>8</BitSize>
									<BitOffs>0</BitOffs>
									<Flags>
										<Access>ro</Access>
									</Flags>
								</SubItem>
								<SubItem>
									<SubIdx>1</SubIdx>
									<Name>Switch 1</Name>
									<Type>BOOL</Type>
									<BitSize>1</BitSize>
									<BitOffs>16</BitOffs>
									<Flags>
										<Access>ro</Access>
										<PdoMapping>t</PdoMapping>
									</Flags>
								</SubItem>
								<SubItem>
									<SubIdx>2</SubIdx>
									<Name>Switch 2</Name>
									<Type>BOOL</Type>
									<BitSize>1</BitSize>
									<BitOffs>17</BitOffs>
									<Flags>
										<Access>ro</Access>
										<PdoMapping>t</PdoMapping>
									</Flags>
								</SubItem>
								<SubItem>
									<SubIdx>3</SubIdx>
									<Name>Switch 3</Name>
									<Type>BOOL</Type>
									<BitSize>1</BitSize>
									<BitOffs>18</BitOffs>
									<Flags>
										<Access>ro</Access>
										<PdoMapping>t</PdoMapping>
									</Flags>
								</SubItem>
								<SubItem>
									<SubIdx>4</SubIdx>
									<Name>Switch 4</Name>
									<Type>BOOL</Type>
									<BitSize>1</BitSize>
									<BitOffs>19</BitOffs>
									<Flags>
										<Access>ro</Access>
										<PdoMapping>t</PdoMapping>
									</Flags>
								</SubItem>
								<SubItem>
									<SubIdx>5</SubIdx>
									<Name>Switch 5</Name>
									<Type>BOOL</Type>
									<BitSize>1</BitSize>
									<BitOffs>20</BitOffs>
									<Flags>
										<Access>ro</Access>
										<PdoMapping>t</PdoMapping>
									</Flags>
								</SubItem>
								<SubItem>
									<SubIdx>6</SubIdx>
									<Name>Switch 6</Name>
									<Type>BOOL</Type>
									<BitSize>1</BitSize>
									<BitOffs>21</BitOffs>
									<Flags>
										<Access>ro</Access>
										<PdoMapping>t</PdoMapping>
									</Flags>
								</SubItem>
								<SubItem>
									<SubIdx>7</SubIdx>
									<Name>Switch 7</Name>
									<Type>BOOL</Type>
									<BitSize>1</BitSize>
									<BitOffs>22</BitOffs>
									<Flags>
										<Access>ro</Access>
										<PdoMapping>t</PdoMapping>
									</Flags>
								</SubItem>
								<SubItem>
									<SubIdx>8</SubIdx>
									<Name>Switch 8</Name>
									<Type>BOOL</Type>
									<BitSize>1</BitSize>
									<BitOffs>23</BitOffs>
									<Flags>
										<Access>ro</Access>
										<PdoMapping>t</PdoMapping>
									</Flags>
								</SubItem>
							</DataType>
							<DataType>
								<Name>DT6020</Name>
								<BitSize>48</BitSize>
								<SubItem>
									<SubIdx>0</SubIdx>
									<Name>SubIndex 000</Name>
									<Type>USINT</Type>
									<BitSize>8</BitSize>
									<BitOffs>0</BitOffs>
									<Flags>
										<Access>ro</Access>
									</Flags>
								</SubItem>
								<SubItem>
									<SubIdx>1</SubIdx>
									<Name>Underrange</Name>
									<Type>BOOL</Type>
									<BitSize>1</BitSize>
									<BitOffs>16</BitOffs>
									<Flags>
										<Access>ro</Access>
										<PdoMapping>t</PdoMapping>
									</Flags>
								</SubItem>
								<SubItem>
									<SubIdx>2</SubIdx>
									<Name>Overrange</Name>
									<Type>BOOL</Type>
									<BitSize>1</BitSize>
									<BitOffs>17</BitOffs>
									<Flags>
										<Access>ro</Access>
										<PdoMapping>t</PdoMapping>
									</Flags>
								</SubItem>
								<SubItem>
									<SubIdx>3</SubIdx>
									<Name>Limit 1</Name>
									<Type>BIT2</Type>
									<BitSize>2</BitSize>
									<BitOffs>18</BitOffs>
									<Flags>
										<Access>ro</Access>
										<PdoMapping>t</PdoMapping>
									</Flags>
								</SubItem>
								<SubItem>
									<SubIdx>5</SubIdx>
									<Name>Limit 2</Name>
									<Type>BIT2</Type>
									<BitSize>2</BitSize>
									<BitOffs>20</BitOffs>
									<Flags>
										<Access>ro</Access>
										<PdoMapping>t</PdoMapping>
									</Flags>
								</SubItem>
								<SubItem>
									<SubIdx>15</SubIdx>
									<Name>TxPDO State</Name>
									<Type>BOOL</Type>
									<BitSize>1</BitSize>
									<BitOffs>30</BitOffs>
									<Flags>
										<Access>ro</Access>
										<PdoMapping>t</PdoMapping>
									</Flags>
								</SubItem>
								<SubItem>
									<SubIdx>16</SubIdx>
									<Name>TxPDO Toggle</Name>
									<Type>BOOL</Type>
									<BitSize>1</BitSize>
									<BitOffs>31</BitOffs>
									<Flags>
										<Access>ro</Access>
										<PdoMapping>t</PdoMapping>
									</Flags>
								</SubItem>
								<SubItem>
									<SubIdx>17</SubIdx>
									<Name>Analog input</Name>
									<Type>INT</Type>
									<BitSize>16</BitSize>
									<BitOffs>32</BitOffs>
									<Flags>
										<Access>ro</Access>
										<PdoMapping>t</PdoMapping>
									</Flags>
								</SubItem>
							</DataType>
							<DataType>
								<Name>DT7010</Name>
								<BitSize>24</BitSize>
								<SubItem>
									<SubIdx>0</SubIdx>
									<Name>SubIndex 000</Name>
									<Type>USINT</Type>
									<BitSize>8</BitSize>
									<BitOffs>0</BitOffs>
									<Flags>
										<Access>ro</Access>
									</Flags>
								</SubItem>
								<SubItem>
									<SubIdx>1</SubIdx>
									<Name>LED 1</Name>
									<Type>BOOL</Type>
									<BitSize>1</BitSize>
									<BitOffs>16</BitOffs>
									<Flags>
										<Access>ro</Access>
										<PdoMapping>r</PdoMapping>
									</Flags>
								</SubItem>
								<SubItem>
									<SubIdx>2</SubIdx>
									<Name>LED 2</Name>
									<Type>BOOL</Type>
									<BitSize>1</BitSize>
									<BitOffs>17</BitOffs>
									<Flags>
										<Access>ro</Access>
										<PdoMapping>r</PdoMapping>
									</Flags>
								</SubItem>
								<SubItem>
									<SubIdx>3</SubIdx>
									<Name>LED 3</Name>
									<Type>BOOL</Type>
									<BitSize>1</BitSize>
									<BitOffs>18</BitOffs>
									<Flags>
										<Access>ro</Access>
										<PdoMapping>r</PdoMapping>
									</Flags>
								</SubItem>
								<SubItem>
									<SubIdx>4</SubIdx>
									<Name>LED 4</Name>
									<Type>BOOL</Type>
									<BitSize>1</BitSize>
									<BitOffs>19</BitOffs>
									<Flags>
										<Access>ro</Access>
										<PdoMapping>r</PdoMapping>
									</Flags>
								</SubItem>
								<SubItem>
									<SubIdx>5</SubIdx>
									<Name>LED 5</Name>
									<Type>BOOL</Type>
									<BitSize>1</BitSize>
									<BitOffs>20</BitOffs>
									<Flags>
										<Access>ro</Access>
										<PdoMapping>r</PdoMapping>
									</Flags>
								</SubItem>
								<SubItem>
									<SubIdx>6</SubIdx>
									<Name>LED 6</Name>
									<Type>BOOL</Type>
									<BitSize>1</BitSize>
									<BitOffs>21</BitOffs>
									<Flags>
										<Access>ro</Access>
										<PdoMapping>r</PdoMapping>
									</Flags>
								</SubItem>
								<SubItem>
									<SubIdx>7</SubIdx>
									<Name>LED 7</Name>
									<Type>BOOL</Type>
									<BitSize>1</BitSize>
									<BitOffs>22</BitOffs>
									<Flags>
										<Access>ro</Access>
										<PdoMapping>r</PdoMapping>
									</Flags>
								</SubItem>
								<SubItem>
									<SubIdx>8</SubIdx>
									<Name>LED 8</Name>
									<Type>BOOL</Type>
									<BitSize>1</BitSize>
									<BitOffs>23</BitOffs>
									<Flags>
										<Access>ro</Access>
										<PdoMapping>r</PdoMapping>
									</Flags>
								</SubItem>
							</DataType>
							<DataType>
								<Name>DT8020</Name>
								<BitSize>112</BitSize>
								<SubItem>
									<SubIdx>0</SubIdx>
									<Name>SubIndex 000</Name>
									<Type>USINT</Type>
									<BitSize>8</BitSize>
									<BitOffs>0</BitOffs>
									<Flags>
										<Access>ro</Access>
									</Flags>
								</SubItem>
								<SubItem>
									<SubIdx>1</SubIdx>
									<Name>Enable user scale</Name>
									<Type>BOOL</Type>
									<BitSize>1</BitSize>
									<BitOffs>16</BitOffs>
									<Flags>
										<Access>rw</Access>
										<Backup>1</Backup>
										<Setting>1</Setting>
									</Flags>
								</SubItem>
								<SubItem>
									<SubIdx>2</SubIdx>
									<Name>Presentation</Name>
									<Type>DT0800EN03</Type>
									<BitSize>3</BitSize>
									<BitOffs>17</BitOffs>
									<Flags>
										<Access>rw</Access>
										<Backup>1</Backup>
										<Setting>1</Setting>
									</Flags>
								</SubItem>
								<SubItem>
									<SubIdx>7</SubIdx>
									<Name>Enable limit 1</Name>
									<Type>BOOL</Type>
									<BitSize>1</BitSize>
									<BitOffs>22</BitOffs>
									<Flags>
										<Access>rw</Access>
										<Backup>1</Backup>
										<Setting>1</Setting>
									</Flags>
								</SubItem>
								<SubItem>
									<SubIdx>8</SubIdx>
									<Name>Enable limit 2</Name>
									<Type>BOOL</Type>
									<BitSize>1</BitSize>
									<BitOffs>23</BitOffs>
									<Flags>
										<Access>rw</Access>
										<Backup>1</Backup>
										<Setting>1</Setting>
									</Flags>
								</SubItem>
								<SubItem>
									<SubIdx>17</SubIdx>
									<Name>Offset</Name>
									<Type>INT</Type>
									<BitSize>16</BitSize>
									<BitOffs>32</BitOffs>
									<Flags>
										<Access>rw</Access>
										<Backup>1</Backup>
										<Setting>1</Setting>
									</Flags>
								</SubItem>
								<SubItem>
									<SubIdx>18</SubIdx>
									<Name>Gain</Name>
									<Type>DINT</Type>
									<BitSize>32</BitSize>
									<BitOffs>48</BitOffs>
									<Flags>
										<Access>rw</Access>
										<Backup>1</Backup>
										<Setting>1</Setting>
									</Flags>
								</SubItem>
								<SubItem>
									<SubIdx>19</SubIdx>
									<Name>Limit 1</Name>
									<Type>INT</Type>
									<BitSize>16</BitSize>
									<BitOffs>80</BitOffs>
									<Flags>
										<Access>rw</Access>
										<Backup>1</Backup>
										<Setting>1</Setting>
									</Flags>
								</SubItem>
								<SubItem>
									<SubIdx>20</SubIdx>
									<Name>Limit 2</Name>
									<Type>INT</Type>
									<BitSize>16</BitSize>
									<BitOffs>96</BitOffs>
									<Flags>
										<Access>rw</Access>
										<Backup>1</Backup>
										<Setting>1</Setting>
									</Flags>
								</SubItem>
							</DataType>
							<DataType>
								<Name>DTF000</Name>
								<BitSize>48</BitSize>
								<SubItem>
									<SubIdx>0</SubIdx>
									<Name>SubIndex 000</Name>
									<Type>USINT</Type>
									<BitSize>8</BitSize>
									<BitOffs>0</BitOffs>
									<Flags>
										<Access>ro</Access>
										<Category>o</Category>
									</Flags>
								</SubItem>
								<SubItem>
									<SubIdx>1</SubIdx>
									<Name>Index distance</Name>
									<Type>UINT</Type>
									<BitSize>16</BitSize>
									<BitOffs>16</BitOffs>
									<Flags>
										<Access>ro</Access>
										<Category>o</Category>
									</Flags>
								</SubItem>
								<SubItem>
									<SubIdx>2</SubIdx>
									<Name>Maximum number of modules</Name>
									<Type>UINT</Type>
									<BitSize>16</BitSize>
									<BitOffs>32</BitOffs>
									<Flags>
										<Access>ro</Access>
										<Category>o</Category>
									</Flags>
								</SubItem>
							</DataType>
							<DataType>
								<Name>DTF010ARR</Name>
								<BaseType>UDINT</BaseType>
								<BitSize>96</BitSize>
								<ArrayInfo>
									<LBound>1</LBound>
									<Elements>3</Elements>
								</ArrayInfo>
							</DataType>
							<DataType>
								<Name>DTF010</Name>
								<BitSize>112</BitSize>
								<SubItem>
									<SubIdx>0</SubIdx>
									<Name>SubIndex 000</Name>
									<Type>USINT</Type>
									<BitSize>8</BitSize>
									<BitOffs>0</BitOffs>
									<Flags>
										<Access>ro</Access>
									</Flags>
								</SubItem>
								<SubItem>
									<Name>Elements</Name>
									<Type>DTF010ARR</Type>
									<BitSize>96</BitSize>
									<BitOffs>16</BitOffs>
									<Flags>
										<Access>ro</Access>
									</Flags>
								</SubItem>
							</DataType>
								<DataType>
								<Name>DTF030ARR</Name>
								<BaseType>UDINT</BaseType>
								<BitSize>512</BitSize>
								<ArrayInfo>
									<LBound>1</LBound>
									<Elements>16</Elements>
								</ArrayInfo>
							</DataType>
							<DataType>
								<Name>DTF030</Name>
								<BitSize>528</BitSize>
								<SubItem>
									<SubIdx>0</SubIdx>
									<Name>SubIndex 000</Name>
									<Type>USINT</Type>
									<BitSize>8</BitSize>
									<BitOffs>0</BitOffs>
									<Flags>
										<Access>rw</Access>
										<Category>o</Category>
									</Flags>
								</SubItem>
								<SubItem>
									<Name>Elements</Name>
									<Type>DTF030ARR</Type>
									<BitSize>512</BitSize>
									<BitOffs>16</BitOffs>
									<Flags>
										<Access>rw</Access>
										<Category>o</Category>
									</Flags>
								</SubItem>
							</DataType>
														<DataType>
								<Name>DTF050</Name>
								<BitSize>528</BitSize>
								<SubItem>
									<SubIdx>0</SubIdx>
									<Name>SubIndex 000</Name>
									<Type>USINT</Type>
									<BitSize>8</BitSize>
									<BitOffs>0</BitOffs>
									<Flags>
										<Access>ro</Access>
										<Category>o</Category>
									</Flags>
								</SubItem>
								<SubItem>
									<Name>Elements</Name>
									<Type>DTF030ARR</Type>
									<BitSize>512</BitSize>
									<BitOffs>16</BitOffs>
									<Flags>
										<Access>ro</Access>
										<Category>o</Category>
									</Flags>
								</SubItem>
							</DataType>							
						</DataTypes>
						<Objects>
							<Object>
								<Index>#x1000</Index>
								<Name>Device type</Name>
								<Type>UDINT</Type>
								<BitSize>32</BitSize>
								<Info>
									<DefaultData>89130000</DefaultData>
								</Info>
								<Flags>
									<Access>ro</Access>
								</Flags>
							</Object>
							<Object>
								<Index>#x1008</Index>
								<Name>Device name</Name>
								<Type>STRING(8)</Type>
								<BitSize>64</BitSize>
								<Info>
									<DefaultData>69522d4543415420</DefaultData>
								</Info>
								<Flags>
									<Access>ro</Access>
								</Flags>
							</Object>
							<Object>
								<Index>#x1009</Index>
								<Name>Hardware version</Name>
								<Type>STRING(4)</Type>
								<BitSize>32</BitSize>
								<Info>
									<DefaultData>6E2E612E</DefaultData>
								</Info>
								<Flags>
									<Access>ro</Access>
								</Flags>
							</Object>
							<Object>
								<Index>#x100A</Index>
								<Name>Software version</Name>
								<Type>STRING(4)</Type>
								<BitSize>32</BitSize>
								<Info>
									<DefaultData>352E3132</DefaultData>
								</Info>
								<Flags>
									<Access>ro</Access>
								</Flags>
							</Object>
							<Object>
								<Index>#x1018</Index>
								<Name>Identity</Name>
								<Type>DT1018</Type>
								<BitSize>208</BitSize>
								<Info>
									<SubItem>
										<Name>SubIndex 000</Name>
										<Info>
											<DefaultData>06</DefaultData>
										</Info>
									</SubItem>
									<SubItem>
										<Name>Vendor ID</Name>
										<Info>
											<DefaultData>DD060000</DefaultData>
										</Info>
									</SubItem>
									<SubItem>
										<Name>Product code</Name>
										<Info>
											<DefaultData>60700000</DefaultData>
										</Info>
									</SubItem>
									<SubItem>
										<Name>Revision</Name>
										<Info>
											<DefaultData>10000000</DefaultData>
										</Info>
									</SubItem>
									<SubItem>
										<Name>Serial number</Name>
										<Info>
											<DefaultData>10000000</DefaultData>
										</Info>
									</SubItem>
									<SubItem>
										<Name>Power Consumption(mW)</Name>
										<Info>
											<DefaultData>46050000</DefaultData>
										</Info>
									</SubItem>
									<SubItem>
										<Name>Power Supply(mW)</Name>
										<Info>
											<DefaultData>10270000</DefaultData>
										</Info>
									</SubItem>
								</Info>
							</Object>
							<Object>
								<Index>#x1c00</Index>
								<Name>Sync manager type</Name>
								<Type>DT1C00</Type>
								<BitSize>48</BitSize>
								<Info>
									<SubItem>
										<Name>SubIndex 000</Name>
										<Info>
											<DefaultData>04</DefaultData>
										</Info>
									</SubItem>
									<SubItem>
										<Name>SubIndex 001</Name>
										<Info>
											<DefaultData>01</DefaultData>
										</Info>
									</SubItem>
									<SubItem>
										<Name>SubIndex 002</Name>
										<Info>
											<DefaultData>02</DefaultData>
										</Info>
									</SubItem>
									<SubItem>
										<Name>SubIndex 003</Name>
										<Info>
											<DefaultData>03</DefaultData>
										</Info>
									</SubItem>
									<SubItem>
										<Name>SubIndex 004</Name>
										<Info>
											<DefaultData>04</DefaultData>
										</Info>
									</SubItem>
								</Info>
								<Flags>
									<Access>ro</Access>
									<Category>o</Category>
								</Flags>
							</Object>
							<Object>
								<Index>#x1c12</Index>
								<Name>RxPDO assign</Name>
								<Type>DT1C12</Type>
								<BitSize>272</BitSize>
								<Flags>
									<Access>ro</Access>
									<Category>o</Category>
								</Flags>
							</Object>
							<Object>
								<Index>#x1c13</Index>
								<Name>TxPDO assign</Name>
								<Type>DT1C12</Type>
								<BitSize>272</BitSize>
								<Flags>
									<Access>ro</Access>
									<Category>o</Category>
								</Flags>
							</Object>
							<Object>
								<Index>#xF000</Index>
								<Name>Modular Device Profile</Name>
								<Type>DTF000</Type>
								<BitSize>48</BitSize>
								<Flags>
									<Access>ro</Access>
									<Category>o</Category>
								</Flags>
							</Object>
							<Object>
								<Index>#xF030</Index>
								<Name>Configured Module List</Name>
								<Type>DTF030</Type>
								<BitSize>528</BitSize>
								<Flags>
									<Access>rw</Access>
									<Category>o</Category>
								</Flags>
							</Object>
							<Object>
								<Index>#xF050</Index>
								<Name>Detected Module List</Name>
								<Type>DTF050</Type>
								<BitSize>528</BitSize>
								<Flags>
									<Access>ro</Access>
									<Category>o</Category>
								</Flags>
							</Object>
						</Objects>
					</Dictionary>
				</Profile>
				<Fmmu>Outputs</Fmmu>
				<Fmmu>Inputs</Fmmu>
				<Fmmu>MBoxState</Fmmu>
				<Sm MinSize="#x24" MaxSize="#x80" DefaultSize="#x80" StartAddress="#x1000" ControlByte="#x26" Enable="1">MBoxOut</Sm>
				<Sm MinSize="#x24" MaxSize="#x80" DefaultSize="#x80" StartAddress="#x1080" ControlByte="#x22" Enable="1">MBoxIn</Sm>
				<Sm StartAddress="#x1100" ControlByte="#x64" Enable="1">Outputs</Sm>
				<Sm StartAddress="#x1400" ControlByte="#x20" Enable="1">Inputs</Sm>
				<Mailbox DataLinkLayer="true">
					<CoE SdoInfo="false" PdoAssign="false" PdoConfig="false" CompleteAccess="true" SegmentedSdo="true" />
				</Mailbox>
				<Slots DownloadModuleIdentList="true" IdentifyModuleBy="ModuleIdent" SlotIndexIncrement="16" SlotPdoIncrement="1">
					<Slot MaxInstances="16" MinInstances="1">
						<Name>Terminals</Name>
						<ModuleClass>
							<Class>Do</Class>
							<Name>Digital Output</Name>
						</ModuleClass>
						<ModuleClass>
							<Class>Di</Class>
							<Name>Digital Input</Name>
						</ModuleClass>
						
						<ModuleClass>
							<Class>Ao</Class>
							<Name>Anlaog Output</Name>
						</ModuleClass>
						<ModuleClass>
							<Class>Ai</Class>
							<Name>Analog Input</Name>
						</ModuleClass>
					</Slot>
					<ModulePdoGroup Alignment="0" RxPdo="#x0" TxPdo="#x0"/>
					<ModulePdoGroup Alignment="0" RxPdo="#x0" TxPdo="#x0"/>
				</Slots>
				<Eeprom>
					<ByteSize>2048</ByteSize>
					<ConfigData>8D0E84CC88130000000000800000</ConfigData>
				</Eeprom>
			</Device>
		</Devices>
	</Descriptions>
</EtherCATInfo>