<?xml version="1.0" encoding="utf-8" standalone="no"?>
<!--created with CoDeSys 3.0 (http://www.3s-software.com) by DeviceDescriptionBuilder (3S-Smart Software Solutions GmbH)-->
<DeviceDescription xmlns="http://www.3s-software.com/schemas/DeviceDescription-1.0.xsd" xmlns:ts="http://www.3s-software.com/schemas/TargetSettings-0.1.xsd" xmlns:xsi="http://www.w3.org/2001/XMLSchema-instance">
  <Types namespace="localTypes">
    <StructType name="TSyncMgr">
      <Component identifier="physicalAddress" type="std:WORD">
        <Default>8000</Default>
        <VisibleName name="local:TSyncMgr_physicalAddress">Physical Address</VisibleName>
      </Component>
      <Component identifier="length" type="std:UINT">
        <Default>10</Default>
        <VisibleName name="local:TSyncMgr_length">Length</VisibleName>
      </Component>
      <Component identifier="flagtypedir" type="std:BYTE">
        <Default>0</Default>
        <VisibleName name="local:TSyncMgr_flagtypedir">FlagTypeDir</VisibleName>
      </Component>
      <Component identifier="flagevent" type="std:BYTE">
        <Default>0</Default>
        <VisibleName name="local:TSyncMgr_flagevent">FlagEvent</VisibleName>
      </Component>
      <Component identifier="flagctrl" type="std:BYTE">
        <Default>0</Default>
        <VisibleName name="local:TSyncMgr_flagctrl">FlagControl</VisibleName>
      </Component>
      <Component identifier="synctype" type="std:BYTE">
        <Default>0</Default>
        <VisibleName name="local:TSyncMgr_synctype">SyncType</VisibleName>
      </Component>
      <Component identifier="syncvirtual" type="std:BYTE">
        <Default>0</Default>
        <VisibleName name="local:TSyncMgr_flagvirtual">Virtual</VisibleName>
      </Component>
    </StructType>
    <StructType name="TFMMU">
      <Component identifier="globstartadr" type="std:DWORD">
        <Default>8000</Default>
        <VisibleName name="local:TFMMU_globstartadr">Global Start Address</VisibleName>
      </Component>
      <Component identifier="length" type="std:UINT">
        <Default>1</Default>
        <VisibleName name="local:TFMMU_length">Length</VisibleName>
      </Component>
      <Component identifier="startbit" type="std:BYTE">
        <Default>0</Default>
        <VisibleName name="local:TFMMU_startbit">StartBit</VisibleName>
      </Component>
      <Component identifier="endbit" type="std:BYTE">
        <Default>3</Default>
        <VisibleName name="local:TFMMU_endbit">EndBit</VisibleName>
      </Component>
      <Component identifier="physstartadr" type="std:UINT">
        <Default>3840</Default>
        <VisibleName name="local:TFMMU_physstartadr">Physical Start Address</VisibleName>
      </Component>
      <Component identifier="logstartbit" type="std:BYTE">
        <Default>0</Default>
        <VisibleName name="local:TFMMU_logstartbit">Logical Start Bit</VisibleName>
      </Component>
      <Component identifier="access" type="std:BYTE">
        <Default>2</Default>
        <VisibleName name="local:TFMMU_access">Access</VisibleName>
      </Component>
      <Component identifier="flags" type="std:DWORD">
        <Default>0</Default>
        <VisibleName name="local:TFMMU_flags">Flags</VisibleName>
      </Component>
    </StructType>
    <StructType name="MailboxCapabilities">
      <Component identifier="HasCoE" type="std:BOOL">
        <Default />
        <VisibleName name="local:HasCoE">HasCoE</VisibleName>
      </Component>
      <Component identifier="HasSoE" type="std:BOOL">
        <Default />
        <VisibleName name="local:HasSoE">HasSoE</VisibleName>
      </Component>
      <Component identifier="HasAoE" type="std:BOOL">
        <Default />
        <VisibleName name="local:HasAoE">HasAoE</VisibleName>
      </Component>
      <Component identifier="HasEoE" type="std:BOOL">
        <Default />
        <VisibleName name="local:HasEoE">HasEoE</VisibleName>
      </Component>
      <Component identifier="HasFoE" type="std:BOOL">
        <Default />
        <VisibleName name="local:HasFoE">HasFoE</VisibleName>
      </Component>
      <Component identifier="HasVoE" type="std:BOOL">
        <Default />
        <VisibleName name="local:HasVoE">HasVoE</VisibleName>
      </Component>
      <Component identifier="NbrChannels" type="std:USINT">
        <Default />
        <VisibleName name="local:NbrChannels">NbrChannels</VisibleName>
      </Component>
      <Component identifier="Profiles" type="std:ARRAY[0..2] OF WORD">
        <Default />
        <VisibleName name="local:Profiles">Profiles</VisibleName>
      </Component>
    </StructType>
    <StructType name="Entry">
      <Component identifier="Index" type="std:UINT">
        <Default />
        <VisibleName name="local:Index">Index</VisibleName>
        <Description name="local:Index">Index</Description>
      </Component>
      <Component identifier="SubIndex" type="std:UINT">
        <Default />
        <VisibleName name="local:SubIndex">SubIndex</VisibleName>
        <Description name="local:SubIndex">SubIndex</Description>
      </Component>
      <Component identifier="Size" type="std:UINT">
        <Default />
        <VisibleName name="local:Size">Size</VisibleName>
        <Description name="local:Size">Size</Description>
      </Component>
      <Component identifier="Offset" type="std:UINT">
        <Default />
        <VisibleName name="local:Offset">Offset</VisibleName>
        <Description name="local:Offset">Offset</Description>
      </Component>
      <Component identifier="DependOnSlot" type="std:BOOL">
        <Default />
        <VisibleName name="local:DependOnSlot">DependOnSlot</VisibleName>
        <Description name="local:DependOnSlot">DependOnSlot</Description>
      </Component>
      <Component identifier="DependOnSlotGroup" type="std:BOOL">
        <Default />
        <VisibleName name="local:DependOnSlotGroup">DependOnSlotGroup</VisibleName>
        <Description name="local:DependOnSlotGroup">DependOnSlotGroup</Description>
      </Component>
    </StructType>
    <StructType name="PDO_Information">
      <Component identifier="Name" type="std:STRING">
        <Default />
        <VisibleName name="local:Name">Name</VisibleName>
        <Description name="local:Name">Name</Description>
      </Component>
      <Component identifier="DataType" type="std:STRING">
        <Default />
        <VisibleName name="local:DataType">DataType</VisibleName>
        <Description name="local:DataType">DataType</Description>
      </Component>
      <Component identifier="Default" type="std:STRING">
        <Default />
        <VisibleName name="local:Default">Default</VisibleName>
        <Description name="local:Default">Default</Description>
      </Component>
      <Component identifier="Comment" type="std:STRING">
        <Default />
        <VisibleName name="local:Comment">Comment</VisibleName>
        <Description name="local:Comment">Comment</Description>
      </Component>
    </StructType>
    <StructType name="RxTxPdo">
      <Component identifier="NumberofExcludes" type="std:INT">
        <Default />
        <VisibleName name="local:NumberofExcludes">NumberofExcludes</VisibleName>
      </Component>
      <Component identifier="NumberofEntries" type="std:INT">
        <Default />
        <VisibleName name="local:NumberofEntries">NumberofEntries</VisibleName>
      </Component>
      <Component identifier="Index" type="std:UINT">
        <Default />
        <VisibleName name="local:Index">Index</VisibleName>
      </Component>
      <Component identifier="Fixed" type="std:BOOL">
        <Default />
        <VisibleName name="local:Fixed">Fixed</VisibleName>
      </Component>
      <Component identifier="Mandatory" type="std:BOOL">
        <Default />
        <VisibleName name="local:Mandatory">Mandatory</VisibleName>
      </Component>
      <Component identifier="Virtual" type="std:BOOL">
        <Default />
        <VisibleName name="local:Virtual">Virtual</VisibleName>
      </Component>
      <Component identifier="Sm" type="std:INT">
        <Default />
        <VisibleName name="local:Sm">Sm</VisibleName>
      </Component>
      <Component identifier="Su" type="std:INT">
        <Default />
        <VisibleName name="local:Su">Su</VisibleName>
      </Component>
      <Component identifier="Name" type="std:STRING">
        <Default />
        <VisibleName name="local:Name">Name</VisibleName>
      </Component>
      <Component identifier="DependOnSlot" type="std:BOOL">
        <Default />
        <VisibleName name="local:DependOnSlot">DependOnSlot</VisibleName>
      </Component>
      <Component identifier="DependOnSlotGroup" type="std:BOOL">
        <Default />
        <VisibleName name="local:DependOnSlotGroup">DependOnSlotGroup</VisibleName>
      </Component>
      <Component identifier="OverwrittenByModule" type="std:BOOL">
        <Default />
        <VisibleName name="local:OverwrittenByModule">OverwrittenByModule</VisibleName>
      </Component>
    </StructType>
    <StructType name="Sync">
      <Component identifier="physicalAddress" type="std:WORD">
        <Default />
        <VisibleName name="local:physicalAddress">Physical Address</VisibleName>
        <Description name="local:physicalAddress">Physical Address</Description>
      </Component>
      <Component identifier="length" type="std:UINT">
        <Default />
        <VisibleName name="local:length">Length</VisibleName>
        <Description name="local:length">Length</Description>
      </Component>
      <Component identifier="flagtypedir" type="std:BYTE">
        <Default />
        <VisibleName name="local:flagtypedir">FlagTypeDir</VisibleName>
        <Description name="local:flagtypedir">FlagTypeDir</Description>
      </Component>
      <Component identifier="flagevent" type="std:BYTE">
        <Default />
        <VisibleName name="local:flagevent">FlagEvent</VisibleName>
        <Description name="local:flagevent">FlagEvent</Description>
      </Component>
      <Component identifier="flagctrl" type="std:BYTE">
        <Default />
        <VisibleName name="local:flagctrl">FlagControl</VisibleName>
        <Description name="local:flagctrl">FlagControl</Description>
      </Component>
      <Component identifier="synctype" type="std:BYTE">
        <Default />
        <VisibleName name="local:synctype">SyncType</VisibleName>
        <Description name="local:synctype">SyncType</Description>
      </Component>
      <Component identifier="flagvirtual" type="std:BYTE">
        <Default />
        <VisibleName name="local:flagvirtual">Virtual</VisibleName>
        <Description name="local:flagvirtual">Virtual</Description>
      </Component>
    </StructType>
    <StructType name="FMMU">
      <Component identifier="globstartadr" type="std:DWORD">
        <Default />
        <VisibleName name="local:globstartadr">Global Start Address</VisibleName>
        <Description name="local:globstartadr">Global Start Address</Description>
      </Component>
      <Component identifier="length" type="std:UINT">
        <Default />
        <VisibleName name="local:length">Length</VisibleName>
        <Description name="local:length">Length</Description>
      </Component>
      <Component identifier="startbit" type="std:BYTE">
        <Default />
        <VisibleName name="local:startbit">StartBit</VisibleName>
        <Description name="local:startbit">StartBit</Description>
      </Component>
      <Component identifier="endbit" type="std:BYTE">
        <Default />
        <VisibleName name="local:endbit">EndBit</VisibleName>
        <Description name="local:endbit">EndBit</Description>
      </Component>
      <Component identifier="physstartadr" type="std:UINT">
        <Default />
        <VisibleName name="local:physstartadr">Physical Start Address</VisibleName>
        <Description name="local:physstartadr">Physical Start Address</Description>
      </Component>
      <Component identifier="logstartbit" type="std:BYTE">
        <Default />
        <VisibleName name="local:logstartbit">Logical Start Bit</VisibleName>
        <Description name="local:logstartbit">Logical Start Bit</Description>
      </Component>
      <Component identifier="access" type="std:BYTE">
        <Default />
        <VisibleName name="local:access">Access</VisibleName>
        <Description name="local:access">Access</Description>
      </Component>
      <Component identifier="flags" type="std:DWORD">
        <Default />
        <VisibleName name="local:flags">Flags</VisibleName>
        <Description name="local:flags">Flags</Description>
      </Component>
    </StructType>
    <StructType name="Struct_SDOParameters">
      <Component identifier="Index" type="std:UINT">
        <Default />
        <VisibleName name="local:Index">Index</VisibleName>
        <Description name="local:Index">Index</Description>
      </Component>
      <Component identifier="Subindex" type="std:USINT">
        <Default />
        <VisibleName name="local:Subindex">Subindex</VisibleName>
        <Description name="local:Subindex">Subindex</Description>
      </Component>
      <Component identifier="Value" type="std:UDINT">
        <Default />
        <VisibleName name="local:Value">Value</VisibleName>
        <Description name="local:Value">Value</Description>
      </Component>
      <Component identifier="Size" type="std:UINT">
        <Default />
        <VisibleName name="local:Size">Size</VisibleName>
        <Description name="local:Size">Size</Description>
      </Component>
      <Component identifier="AbortIfError" type="std:BOOL">
        <Default />
        <VisibleName name="local:AbortIfError">AbortIfError</VisibleName>
        <Description name="local:AbortIfError">AbortIfError</Description>
      </Component>
      <Component identifier="JumpToLine" type="std:BOOL">
        <Default />
        <VisibleName name="local:JumpToLine">JumpToLine</VisibleName>
        <Description name="local:JumpToLine">JumpToLine</Description>
      </Component>
      <Component identifier="Line" type="std:UINT">
        <Default />
        <VisibleName name="local:Line">Line</VisibleName>
        <Description name="local:Line">Line</Description>
      </Component>
      <Component identifier="Transition" type="localTypes:CoEInitCmdTransistion">
        <Default>0</Default>
        <VisibleName name="local:Transition">Transition</VisibleName>
      </Component>
      <Component identifier="CompleteAccess" type="std:BOOL">
        <Default />
        <VisibleName name="local:CompleteAccess">CompleteAccess</VisibleName>
        <Description name="local:CompleteAccess">CompleteAccess</Description>
      </Component>
    </StructType>
    <EnumType name="CoEInitCmdTransistion" basetype="std:byte">
      <Enum identifier="CoETransitionPS">
        <Value>0</Value>
        <VisibleName name="local:CoEInitCmdTransistionPS">PS</VisibleName>
      </Enum>
      <Enum identifier="CoETransitionSO">
        <Value>1</Value>
        <VisibleName name="local:CoEInitCmdTransistionSO">SO</VisibleName>
      </Enum>
      <Enum identifier="CoETransitionSP">
        <Value>2</Value>
        <VisibleName name="local:CoEInitCmdTransistionSP">SP</VisibleName>
      </Enum>
      <Enum identifier="CoETransitionOP">
        <Value>3</Value>
        <VisibleName name="local:CoEInitCmdTransistionOP">OP</VisibleName>
      </Enum>
      <Enum identifier="CoETransitionOS">
        <Value>4</Value>
        <VisibleName name="local:CoEInitCmdTransistionOS">OS</VisibleName>
      </Enum>
    </EnumType>
    <StructType name="Struct_SoEParameters">
      <Component identifier="Idn" type="std:UINT">
        <Default />
        <VisibleName name="local:Idn">Idn</VisibleName>
        <Description name="local:Idn">Idn</Description>
      </Component>
      <Component identifier="Value" type="std:UDINT">
        <Default />
        <VisibleName name="local:Value">Value</VisibleName>
        <Description name="local:Value">Value</Description>
      </Component>
      <Component identifier="Size" type="std:UINT">
        <Default />
        <VisibleName name="local:Size">Size</VisibleName>
        <Description name="local:Size">Size</Description>
      </Component>
      <Component identifier="AbortIfError" type="std:BOOL">
        <Default />
        <VisibleName name="local:AbortIfError">AbortIfError</VisibleName>
        <Description name="local:AbortIfError">AbortIfError</Description>
      </Component>
      <Component identifier="JumpToLine" type="std:BOOL">
        <Default />
        <VisibleName name="local:JumpToLine">JumpToLine</VisibleName>
        <Description name="local:JumpToLine">JumpToLine</Description>
      </Component>
      <Component identifier="Line" type="std:UINT">
        <Default />
        <VisibleName name="local:Line">Line</VisibleName>
        <Description name="local:Line">Line</Description>
      </Component>
      <Component identifier="Transition" type="localTypes:SoEInitCmdTransistion">
        <Default>0</Default>
        <VisibleName name="local:Transition">Transition</VisibleName>
      </Component>
      <Component identifier="Chn" type="std:WORD">
        <Default>0</Default>
        <VisibleName name="local:Chn">Chn</VisibleName>
      </Component>
    </StructType>
    <EnumType name="SoEInitCmdTransistion" basetype="std:byte">
      <Enum identifier="SoETransitionPS">
        <Value>0</Value>
        <VisibleName name="local:SoEInitCmdTransistionPS">PS</VisibleName>
      </Enum>
      <Enum identifier="SoETransitionSO">
        <Value>1</Value>
        <VisibleName name="local:SoEInitCmdTransistionSO">SO</VisibleName>
      </Enum>
      <Enum identifier="SoETransitionSP">
        <Value>2</Value>
        <VisibleName name="local:SoEInitCmdTransistionSP">SP</VisibleName>
      </Enum>
      <Enum identifier="SoETransitionOP">
        <Value>3</Value>
        <VisibleName name="local:SoEInitCmdTransistionOP">OP</VisibleName>
      </Enum>
      <Enum identifier="SoETransitionOS">
        <Value>4</Value>
        <VisibleName name="local:SoEInitCmdTransistionOS">OS</VisibleName>
      </Enum>
      <Enum identifier="SoETransitionIP">
        <Value>5</Value>
        <VisibleName name="local:SoEInitCmdTransistionIP">IP</VisibleName>
      </Enum>
    </EnumType>
  </Types>
  <ParameterFilterFlags />
  <Strings namespace="local">
    <Language lang="en-en">
      <String identifier="TSyncMgr_physicalAddress">Physical Address</String>
      <String identifier="TSyncMgr_length">Length</String>
      <String identifier="TSyncMgr_flagtypedir">FlagTypeDir</String>
      <String identifier="TSyncMgr_flagevent">FlagEvent</String>
      <String identifier="TSyncMgr_flagctrl">FlagControl</String>
      <String identifier="TSyncMgr_synctype">SyncType</String>
      <String identifier="TSyncMgr_flagvirtual">Virtual</String>
      <String identifier="TFMMU_globstartadr">Global Start Address</String>
      <String identifier="TFMMU_length">Length</String>
      <String identifier="TFMMU_startbit">StartBit</String>
      <String identifier="TFMMU_endbit">EndBit</String>
      <String identifier="TFMMU_physstartadr">Physical Start Address</String>
      <String identifier="TFMMU_logstartbit">Logical Start Bit</String>
      <String identifier="TFMMU_access">Access</String>
      <String identifier="TFMMU_flags">Flags</String>
      <String identifier="devicename">iR-ECAT</String>
      <String identifier="instancename">iR-ECAT</String>
      <String identifier="typedevicedescription">EtherCAT Slave imported from Slave XML: Weintek_iR_ECAT.xml Device: iR-ECAT</String>
      <String identifier="WeintekLabsaaInca">Weintek Labs., Inc.</String>
      <String identifier="Coupler">Weintek Labs., Inc. - Coupler</String>
      <String identifier="EtherCATModule">Module</String>
      <String identifier="EtherCAT">EtherCAT</String>
      <String identifier="General">General</String>
      <String identifier="Parameter_Identity">Number of Identity Parameters</String>
      <String identifier="Parameter_VendorID">Vendor Id of the Slave</String>
      <String identifier="Parameter_ProductCodeDesc">Product Code of the Slave</String>
      <String identifier="Parameter_CheckProductID">CheckProductID</String>
      <String identifier="Parameter_CheckVendorID">CheckVendorID</String>
      <String identifier="Parameter_RevisionNumber">Revision Number of the Slave</String>
      <String identifier="Parameter_SerialNumber">Serialnumber of the Slave</String>
      <String identifier="Parameter_PhysAddress">Physical Address of the Slave</String>
      <String identifier="Parameter_SlaveAutoIncAddress">AutoIncr Address of the Slave</String>
      <String identifier="HasCoE">HasCoE</String>
      <String identifier="HasSoE">HasSoE</String>
      <String identifier="HasAoE">HasAoE</String>
      <String identifier="HasEoE">HasEoE</String>
      <String identifier="HasFoE">HasFoE</String>
      <String identifier="HasVoE">HasVoE</String>
      <String identifier="NbrChannels">NbrChannels</String>
      <String identifier="Profiles">Profiles</String>
      <String identifier="Parameter_MailboxCapabilities">Mailbox capabilities</String>
      <String identifier="Parameter_Downloadslotconfig">Download slot config</String>
      <String identifier="DiagString">Diag String</String>
      <String identifier="DiagAck">Diag Acknowledge</String>
      <String identifier="Parameter_PreOpTimeout">Timeout Init to Preop</String>
      <String identifier="Parameter_SafeOpTimeout">Timeout Preop to Safeop, SafeOp to Op</String>
      <String identifier="Parameter_SDOTimeout">Timeout SDO Access</String>
      <String identifier="Parameter_BackToInitTimeout">Timeout Back to Init</String>
      <String identifier="Parameter_BackToSafeopTimeout">Timeout Back to SafeOp</String>
      <String identifier="Parameter_PDOAssign">PDOAssign</String>
      <String identifier="Parameter_PDOConfig">PDOConfig</String>
      <String identifier="Parameter_CompleteAccess">CompleteAccess</String>
      <String identifier="Distributed_Clocks">Distributed_Clocks</String>
      <String identifier="Parameter_Ditributedclocksync0cycletime">DC sync0 cycletime</String>
      <String identifier="Parameter_Ditributedclockenable">DC enable</String>
      <String identifier="Parameter_Ditributedclocksync0enable">DC sync0 enable</String>
      <String identifier="Parameter_Ditributedclocksync1enable">DC sync1 enable</String>
      <String identifier="Parameter_Ditributedclocksync1cycletime">DC sync1 cycletime</String>
      <String identifier="Entry">Entry</String>
      <String identifier="Index">Index</String>
      <String identifier="SubIndex">SubIndex</String>
      <String identifier="Size">Size</String>
      <String identifier="Offset">Offset</String>
      <String identifier="DependOnSlot">DependOnSlot</String>
      <String identifier="DependOnSlotGroup">DependOnSlotGroup</String>
      <String identifier="OverwrittenByModule">OverwrittenByModule</String>
      <String identifier="Name">Name</String>
      <String identifier="DataType">DataType</String>
      <String identifier="Default">Default</String>
      <String identifier="Comment">Comment</String>
      <String identifier="NumberofExcludes">NumberofExcludes</String>
      <String identifier="NumberofEntries">NumberofEntries</String>
      <String identifier="Fixed">Fixed</String>
      <String identifier="Mandatory">Mandatory</String>
      <String identifier="Virtual">Virtual</String>
      <String identifier="Sm">Sm</String>
      <String identifier="Su">Su</String>
      <String identifier="RxTxPdo">RxTxPdo</String>
      <String identifier="Exclude">Exclude</String>
      <String identifier="RxPDO">RxPDO</String>
      <String identifier="Parameter_NumberOfRx">Number of RxPDOs of the Slave</String>
      <String identifier="TxPDO">TxPDO</String>
      <String identifier="Parameter_NumberOfTx">Number of TxPDOs of the Slave</String>
      <String identifier="SyncManager">SyncManager</String>
      <String identifier="Parameter_NumberofSyncMan">Number of SyncManagers of the Slave</String>
      <String identifier="Sync">Sync </String>
      <String identifier="physicalAddress">Physical Address</String>
      <String identifier="length">Length</String>
      <String identifier="flagtypedir">FlagTypeDir</String>
      <String identifier="flagevent">FlagEvent</String>
      <String identifier="flagctrl">FlagControl</String>
      <String identifier="synctype">SyncType</String>
      <String identifier="flagvirtual">Virtual</String>
      <String identifier="FMMUs">FMMUs</String>
      <String identifier="FMMU">FMMU </String>
      <String identifier="globstartadr">Global Start Address</String>
      <String identifier="startbit">StartBit</String>
      <String identifier="endbit">EndBit</String>
      <String identifier="physstartadr">Physical Start Address</String>
      <String identifier="logstartbit">Logical Start Bit</String>
      <String identifier="access">Access</String>
      <String identifier="flags">Flags</String>
      <String identifier="Parameter_NumberofFMMU">Number of FMMUs of the Slave</String>
      <String identifier="SDOs">SDOs</String>
      <String identifier="Parameter_Number_Of_SDO">Number of SDO</String>
    </Language>
    <Language lang="en">
      <String identifier="Index">Index</String>
      <String identifier="Subindex">Subindex</String>
      <String identifier="Value">Value</String>
      <String identifier="Size">Size</String>
      <String identifier="AbortIfError">AbortIfError</String>
      <String identifier="JumpToLine">JumpToLine</String>
      <String identifier="Line">Line</String>
      <String identifier="Transition">Transition</String>
      <String identifier="CoEInitCmdTransistionPS">PS</String>
      <String identifier="CoEInitCmdTransistionSO">SO</String>
      <String identifier="CoEInitCmdTransistionSP">SP</String>
      <String identifier="CoEInitCmdTransistionOP">OP</String>
      <String identifier="CoEInitCmdTransistionOS">OS</String>
      <String identifier="CompleteAccess">CompleteAccess</String>
      <String identifier="Idn">Idn</String>
      <String identifier="Chn">Chn</String>
      <String identifier="SoEInitCmdTransistionPS">PS</String>
      <String identifier="SoEInitCmdTransistionSO">SO</String>
      <String identifier="SoEInitCmdTransistionSP">SP</String>
      <String identifier="SoEInitCmdTransistionOP">OP</String>
      <String identifier="SoEInitCmdTransistionOS">OS</String>
      <String identifier="SoEInitCmdTransistionIP">IP</String>
    </Language>
  </Strings>
  <Files namespace="local">
    <Language lang="en">
      <File identifier="XMLFile" fileref="local">
        <LocalFile>Weintek_iR_ECAT.xml</LocalFile>
      </File>
    </Language>
  </Files>
  <Device hideInCatalogue="false">
    <DeviceIdentification>
      <Type>65</Type>
      <Id>6DD_0000070600000001</Id>
      <Version>Revision=16#00000001</Version>
    </DeviceIdentification>
    <DeviceInfo>
      <Name name="local:devicename">iR-ECAT</Name>
      <Description name="local:typedevicedescription">EtherCAT Slave imported from Slave XML: Weintek_iR_ECAT.xml Device: iR-ECAT</Description>
      <Vendor name="local:WeintekLabsaaInca">Weintek Labs., Inc.</Vendor>
      <OrderNumber>iR-ECAT</OrderNumber>
      <DefaultInstanceName name="local:instancename">iR-ECAT</DefaultInstanceName>
      <SubCategory name="local:Coupler" TypeCategory="Coupler">Weintek Labs., Inc. - Coupler</SubCategory>
      <AdditionalFiles>
        <File name="local:XMLFile" key="Common.File.XML.NativeDescription">Weintek_iR_ECAT.xml</File>
      </AdditionalFiles>
    </DeviceInfo>
    <Connector moduleType="65" interface="Common.Ethercat" role="child" explicit="false" hostpath="-1" connectorId="1">
      <InterfaceName name="local:EtherCAT">EtherCAT</InterfaceName>
      <Slot count="1" allowEmpty="false" />
      <DriverInfo needsBusCycle="false">
        <RequiredLib libname="IODrvEtherCAT" vendor="3S - Smart Software Solutions GmbH" version="3.1.2.0" identifier="IODrvEtherCAT" placeholderlib="IODrvEtherCAT">
          <FBInstance fbname="ETCSlave" fbnamediag="ETCSlave_Diag" basename="$(DeviceName)">
            <Initialize methodName="Initialize" />
          </FBInstance>
        </RequiredLib>
      </DriverInfo>
      <HostParameterSet>
        <ParameterSection>
          <Name name="local:General">General</Name>
          <Parameter ParameterId="1074796544" type="std:DWORD">
            <Attributes download="true" functional="false" />
            <Default>4</Default>
            <Name name="local:Parameter_Identity">Number of Identity Parameters</Name>
            <Description name="local:Parameter_Identity">Number of Identity Parameters</Description>
          </Parameter>
          <Parameter ParameterId="1074796545" type="std:DWORD">
            <Attributes download="true" functional="false" />
            <Default>1757</Default>
            <Name name="local:Parameter_VendorID">Vendor Id of the Slave</Name>
            <Description name="local:Parameter_VendorID">Vendor Id of the Slave</Description>
          </Parameter>
          <Parameter ParameterId="1074796546" type="std:DWORD">
            <Attributes download="true" functional="false" />
            <Default>1798</Default>
            <Name name="local:Parameter_ProductCodeDesc">Product Code of the Slave</Name>
            <Description name="local:Parameter_ProductCodeDesc">Product Code of the Slave</Description>
          </Parameter>
          <Parameter ParameterId="805306384" type="std:BOOL">
            <Attributes download="true" functional="false" />
            <Default>TRUE</Default>
            <Name name="local:Parameter_CheckProductID">CheckProductID</Name>
            <Description name="local:Parameter_CheckProductID">CheckProductID</Description>
          </Parameter>
          <Parameter ParameterId="805306400" type="std:BOOL">
            <Attributes download="true" functional="false" />
            <Default>TRUE</Default>
            <Name name="local:Parameter_CheckVendorID">CheckVendorID</Name>
            <Description name="local:Parameter_CheckVendorID">CheckVendorID</Description>
          </Parameter>
          <Parameter ParameterId="1074796547" type="std:DWORD">
            <Attributes download="true" functional="false" />
            <Default>1</Default>
            <Name name="local:Parameter_RevisionNumber">Revision Number of the Slave</Name>
            <Description name="local:Parameter_RevisionNumber">Revision Number of the Slave</Description>
          </Parameter>
          <Parameter ParameterId="1074796548" type="std:DWORD">
            <Attributes download="true" functional="false" />
            <Default>0</Default>
            <Name name="local:Parameter_SerialNumber">Serialnumber of the Slave</Name>
            <Description name="local:Parameter_SerialNumber">Serialnumber of the Slave</Description>
          </Parameter>
          <Parameter ParameterId="1074855936" type="std:DWORD">
            <Attributes download="true" functional="false" />
            <Default>0</Default>
            <Name name="local:Parameter_PhysAddress">Physical Address of the Slave</Name>
            <Description name="local:Parameter_PhysAddress">Physical Address of the Slave</Description>
          </Parameter>
          <Parameter ParameterId="1074855937" type="std:DWORD">
            <Attributes download="true" functional="false" />
            <Default>0</Default>
            <Name name="local:Parameter_SlaveAutoIncAddress">AutoIncr Address of the Slave</Name>
            <Description name="local:Parameter_SlaveAutoIncAddress">AutoIncr Address of the Slave</Description>
          </Parameter>
          <Parameter ParameterId="805306688" type="localTypes:MailboxCapabilities">
            <Attributes offlineaccess="read" download="false" />
            <Default>
              <Element name="HasCoE">True</Element>
              <Element name="HasSoE">False</Element>
              <Element name="HasAoE">False</Element>
              <Element name="HasFoE">False</Element>
              <Element name="HasEoE">False</Element>
              <Element name="HasVoE">False</Element>
              <Element name="NbrChannels">0</Element>
              <Element name="Profiles">[5001,5001,5001]</Element>
            </Default>
            <Name name="local:Parameter_MailboxCapabilities">Mailbox capabilities</Name>
          </Parameter>
          <Parameter ParameterId="805306672" type="std:BOOL">
            <Attributes offlineaccess="read" download="false" />
            <Default>True</Default>
            <Name name="local:Parameter_Downloadslotconfig">Download slot config</Name>
          </Parameter>
          <Parameter ParameterId="1074855984" type="std:STRING(255)">
            <Attributes offlineaccess="none" download="true" channel="diag" />
            <Default />
            <Name name="local:DiagString">Diag String</Name>
          </Parameter>
          <Parameter ParameterId="1074855985" type="std:BOOL">
            <Attributes offlineaccess="none" download="true" channel="diagack" />
            <Default>FALSE</Default>
            <Name name="local:DiagAck">Diag Acknowledge</Name>
          </Parameter>
          <Parameter ParameterId="805306432" type="std:DWORD">
            <Attributes download="true" />
            <Default>2000</Default>
            <Name name="local:Parameter_PreOpTimeout">Timeout Init to Preop</Name>
            <Description name="local:Parameter_PreOpTimeout">Timeout Init to Preop</Description>
          </Parameter>
          <Parameter ParameterId="805306448" type="std:DWORD">
            <Attributes download="true" />
            <Default>9000</Default>
            <Name name="local:Parameter_SafeOpTimeout">Timeout Preop to Safeop, SafeOp to Op</Name>
            <Description name="local:Parameter_SafeOpTimeout">Timeout Preop to Safeop, SafeOp to Op</Description>
          </Parameter>
          <Parameter ParameterId="805306416" type="std:DWORD">
            <Attributes download="true" />
            <Default>2000</Default>
            <Name name="local:Parameter_SDOTimeout">Timeout SDO Access</Name>
            <Description name="local:Parameter_SDOTimeout">Timeout SDO Access</Description>
          </Parameter>
          <Parameter ParameterId="805306464" type="std:DWORD">
            <Attributes download="true" />
            <Default>5000</Default>
            <Name name="local:Parameter_BackToInitTimeout">Timeout Back to Init</Name>
            <Description name="local:Parameter_BackToInitTimeout">Timeout Back to Init</Description>
          </Parameter>
          <Parameter ParameterId="805306480" type="std:DWORD">
            <Attributes download="true" />
            <Default>200</Default>
            <Name name="local:Parameter_BackToSafeopTimeout">Timeout Back to SafeOp</Name>
            <Description name="local:Parameter_BackToSafeopTimeout">Timeout Back to SafeOp</Description>
          </Parameter>
          <Parameter ParameterId="805371904" type="std:BOOL">
            <Attributes download="true" functional="false" />
            <Default>FALSE</Default>
            <Name name="local:Parameter_PDOAssign">PDOAssign</Name>
            <Description name="local:Parameter_PDOAssign">PDOAssign</Description>
          </Parameter>
          <Parameter ParameterId="805392384" type="std:BOOL">
            <Attributes download="true" functional="false" />
            <Default>FALSE</Default>
            <Name name="local:Parameter_PDOConfig">PDOConfig</Name>
            <Description name="local:Parameter_PDOConfig">PDOConfig</Description>
          </Parameter>
          <Parameter ParameterId="805412864" type="std:BOOL">
            <Attributes download="true" functional="false" />
            <Default>TRUE</Default>
            <Name name="local:Parameter_CompleteAccess">CompleteAccess</Name>
            <Description name="local:Parameter_CompleteAccess">CompleteAccess</Description>
          </Parameter>
        </ParameterSection>
        <ParameterSection>
          <Name name="local:Distributed_Clocks">Distributed_Clocks</Name>
          <Parameter ParameterId="1610633216" type="std:DWORD">
            <Attributes download="true" functional="false" />
            <Default>0</Default>
            <Name name="local:Parameter_Ditributedclocksync0cycletime">DC sync0 cycletime</Name>
            <Description name="local:Parameter_Ditributedclocksync0cycletime">DC sync0 cycletime</Description>
          </Parameter>
          <Parameter ParameterId="1610678272" type="std:BOOL">
            <Attributes download="true" functional="false" />
            <Default>FALSE</Default>
            <Name name="local:Parameter_Ditributedclockenable">DC enable</Name>
            <Description name="local:Parameter_Ditributedclockenable">DC enable</Description>
          </Parameter>
          <Parameter ParameterId="1610698752" type="std:BOOL">
            <Attributes download="true" functional="false" />
            <Default>FALSE</Default>
            <Name name="local:Parameter_Ditributedclocksync0enable">DC sync0 enable</Name>
            <Description name="local:Parameter_Ditributedclocksync0enable">DC sync0 enable</Description>
          </Parameter>
          <Parameter ParameterId="1610809344" type="std:BOOL">
            <Attributes download="true" functional="false" />
            <Default>FALSE</Default>
            <Name name="local:Parameter_Ditributedclocksync1enable">DC sync1 enable</Name>
            <Description name="local:Parameter_Ditributedclocksync1enable">DC sync1 enable</Description>
          </Parameter>
          <Parameter ParameterId="1610764288" type="std:DWORD">
            <Attributes download="true" functional="false" />
            <Default>0</Default>
            <Name name="local:Parameter_Ditributedclocksync1cycletime">DC sync1 cycletime</Name>
            <Description name="local:Parameter_Ditributedclocksync1cycletime">DC sync1 cycletime</Description>
          </Parameter>
        </ParameterSection>
        <ParameterSection>
          <Name name="local:RxPDO">RxPDO</Name>
          <Parameter ParameterId="1342504960" type="std:DWORD">
            <Attributes download="true" functional="false" />
            <Default>0</Default>
            <Name name="local:Parameter_NumberOfRx">Number of RxPDOs of the Slave</Name>
            <Description name="local:Parameter_NumberOfRx">Number of RxPDOs of the Slave</Description>
          </Parameter>
        </ParameterSection>
        <ParameterSection>
          <Name name="local:TxPDO">TxPDO</Name>
          <Parameter ParameterId="1342636032" type="std:DWORD">
            <Attributes download="true" functional="false" />
            <Default>0</Default>
            <Name name="local:Parameter_NumberOfTx">Number of TxPDOs of the Slave</Name>
            <Description name="local:Parameter_NumberOfTx">Number of TxPDOs of the Slave</Description>
          </Parameter>
        </ParameterSection>
        <ParameterSection>
          <Name name="local:SyncManager">SyncManager</Name>
          <Parameter ParameterId="1342177280" type="std:DWORD">
            <Attributes download="true" functional="false" />
            <Default>4</Default>
            <Name name="local:Parameter_NumberofSyncMan">Number of SyncManagers of the Slave</Name>
            <Description name="local:Parameter_NumberofSyncMan">Number of SyncManagers of the Slave</Description>
          </Parameter>
          <Parameter ParameterId="1342177281" type="localTypes:Sync">
            <Attributes />
            <Default>
              <Element name="physicalAddress">4096</Element>
              <Element name="length">16#80</Element>
              <Element name="flagtypedir">38</Element>
              <Element name="flagevent">0</Element>
              <Element name="flagctrl">1</Element>
              <Element name="synctype">3</Element>
            </Default>
            <Name name="local:Sync">Sync </Name>
          </Parameter>
          <Parameter ParameterId="1342177282" type="localTypes:Sync">
            <Attributes />
            <Default>
              <Element name="physicalAddress">4224</Element>
              <Element name="length">16#80</Element>
              <Element name="flagtypedir">34</Element>
              <Element name="flagevent">0</Element>
              <Element name="flagctrl">1</Element>
              <Element name="synctype">2</Element>
            </Default>
            <Name name="local:Sync">Sync </Name>
          </Parameter>
          <Parameter ParameterId="1342177283" type="localTypes:Sync">
            <Attributes />
            <Default>
              <Element name="physicalAddress">4352</Element>
              <Element name="flagtypedir">100</Element>
              <Element name="synctype">1</Element>
              <Element name="length">0</Element>
              <Element name="flagevent">0</Element>
              <Element name="flagctrl">1</Element>
              <Element name="flagvirtual">0</Element>
            </Default>
            <Name name="local:Sync">Sync </Name>
          </Parameter>
          <Parameter ParameterId="1342177284" type="localTypes:Sync">
            <Attributes />
            <Default>
              <Element name="physicalAddress">5120</Element>
              <Element name="flagtypedir">32</Element>
              <Element name="synctype">0</Element>
              <Element name="length">0</Element>
              <Element name="flagevent">0</Element>
              <Element name="flagctrl">1</Element>
              <Element name="flagvirtual">0</Element>
            </Default>
            <Name name="local:Sync">Sync </Name>
          </Parameter>
        </ParameterSection>
        <ParameterSection>
          <Name name="local:FMMUs">FMMUs</Name>
          <Parameter ParameterId="1342177312" type="std:DWORD">
            <Attributes download="true" functional="false" />
            <Default>3</Default>
            <Name name="local:Parameter_NumberofFMMU">Number of FMMUs of the Slave</Name>
            <Description name="local:Parameter_NumberofFMMU">Number of FMMUs of the Slave</Description>
          </Parameter>
          <Parameter ParameterId="1342177313" type="localTypes:FMMU">
            <Attributes />
            <Default>
              <Element name="globstartadr">33554432</Element>
              <Element name="access">2</Element>
              <Element name="length">0</Element>
              <Element name="startbit">0</Element>
              <Element name="endbit">7</Element>
              <Element name="physstartadr">4352</Element>
              <Element name="logstartbit">0</Element>
              <Element name="flags">1</Element>
            </Default>
            <Name name="local:FMMU">FMMU </Name>
          </Parameter>
          <Parameter ParameterId="1342177314" type="localTypes:FMMU">
            <Attributes />
            <Default>
              <Element name="globstartadr">16777216</Element>
              <Element name="access">1</Element>
              <Element name="length">0</Element>
              <Element name="startbit">0</Element>
              <Element name="endbit">7</Element>
              <Element name="physstartadr">5120</Element>
              <Element name="logstartbit">0</Element>
              <Element name="flags">1</Element>
            </Default>
            <Name name="local:FMMU">FMMU </Name>
          </Parameter>
          <Parameter ParameterId="1342177315" type="localTypes:FMMU">
            <Attributes />
            <Default>
              <Element name="globstartadr">524288</Element>
              <Element name="access">1</Element>
              <Element name="length">1</Element>
              <Element name="startbit">0</Element>
              <Element name="endbit">0</Element>
              <Element name="physstartadr">2061</Element>
              <Element name="logstartbit">0</Element>
              <Element name="flags">1</Element>
            </Default>
            <Name name="local:FMMU">FMMU </Name>
          </Parameter>
        </ParameterSection>
        <ParameterSection>
          <Name name="local:SDOs">SDOs</Name>
          <Parameter ParameterId="1627389952" type="std:UINT">
            <Attributes download="true" functional="false" />
            <Default>0</Default>
            <Name name="local:Parameter_Number_Of_SDO">Number of SDO</Name>
            <Description name="local:Parameter_Number_Of_SDO">Number of SDO</Description>
          </Parameter>
        </ParameterSection>
      </HostParameterSet>
    </Connector>
    <Connector moduleType="67" interface="Ethercat_6DD_Module_Do" role="parent" explicit="false" hostpath="1" connectorId="3" hideInStatusPage="true">
      <InterfaceName name="local:EtherCATModule">Module</InterfaceName>
      <Var max="16" />
      <AdditionalInterface interface="Ethercat_6DD_Module_Di" />
      <AdditionalInterface interface="Ethercat_6DD_Module_Ao" />
      <AdditionalInterface interface="Ethercat_6DD_Module_Ai" />
    </Connector>
  </Device>
  <ImportPluginVersion>3.5.0.0</ImportPluginVersion>
</DeviceDescription>