<?xml version="1.0" encoding="utf-8"?>
<DeviceDescription xmlns="http://www.3s-software.com/schemas/DeviceDescription-1.0.xsd" xmlns:ts="http://www.3s-software.com/schemas/TargetSettings-0.1.xsd">
  <Types namespace="localTypes">
    <RangeType basetype="std:UINT" name="AssemblySizeRangeType">
      <!-- Number IO-Parameters (WORD) -->
      <Min>2</Min>
      <Max>4096</Max>
      <Default>10</Default>
    </RangeType>
    <RangeType basetype="std:DINT" name="TimeOutRangeType">
      <!-- in Millisec.  -->
      <Min>500</Min>
      <Max>200000</Max>
      <Default>2000</Default>
    </RangeType>
    <BitfieldType basetype="std:WORD" name="TBitFieldWord">
      <Component identifier="Bit0" type="std:BOOL">
        <Default>FALSE</Default>
        <VisibleName name="local:Bit0">Bit0</VisibleName>
      </Component>
      <Component identifier="Bit1" type="std:BOOL">
        <Default>FALSE</Default>
        <VisibleName name="local:Bit1">Bit1</VisibleName>
      </Component>
      <Component identifier="Bit2" type="std:BOOL">
        <Default>FALSE</Default>
        <VisibleName name="local:Bit2">Bit2</VisibleName>
      </Component>
      <Component identifier="Bit3" type="std:BOOL">
        <Default>FALSE</Default>
        <VisibleName name="local:Bit3">Bit3</VisibleName>
      </Component>
      <Component identifier="Bit4" type="std:BOOL">
        <Default>FALSE</Default>
        <VisibleName name="local:Bit4">Bit4</VisibleName>
      </Component>
      <Component identifier="Bit5" type="std:BOOL">
        <Default>FALSE</Default>
        <VisibleName name="local:Bit5">Bit5</VisibleName>
      </Component>
      <Component identifier="Bit6" type="std:BOOL">
        <Default>FALSE</Default>
        <VisibleName name="local:Bit6">Bit6</VisibleName>
      </Component>
      <Component identifier="Bit7" type="std:BOOL">
        <Default>FALSE</Default>
        <VisibleName name="local:Bit7">Bit7</VisibleName>
      </Component>
      <Component identifier="Bit8" type="std:BOOL">
        <Default>FALSE</Default>
        <VisibleName name="local:Bit8">Bit8</VisibleName>
      </Component>
      <Component identifier="Bit9" type="std:BOOL">
        <Default>FALSE</Default>
        <VisibleName name="local:Bit9">Bit9</VisibleName>
      </Component>
      <Component identifier="Bit10" type="std:BOOL">
        <Default>FALSE</Default>
        <VisibleName name="local:Bit10">Bit10</VisibleName>
      </Component>
      <Component identifier="Bit11" type="std:BOOL">
        <Default>FALSE</Default>
        <VisibleName name="local:Bit11">Bit11</VisibleName>
      </Component>
      <Component identifier="Bit12" type="std:BOOL">
        <Default>FALSE</Default>
        <VisibleName name="local:Bit12">Bit12</VisibleName>
      </Component>
      <Component identifier="Bit13" type="std:BOOL">
        <Default>FALSE</Default>
        <VisibleName name="local:Bit13">Bit13</VisibleName>
      </Component>
      <Component identifier="Bit14" type="std:BOOL">
        <Default>FALSE</Default>
        <VisibleName name="local:Bit14">Bit14</VisibleName>
      </Component>
      <Component identifier="Bit15" type="std:BOOL">
        <Default>FALSE</Default>
        <VisibleName name="local:Bit15">Bit15</VisibleName>
      </Component>
    </BitfieldType>
    <StructType name="StartAddresses">
      <Component identifier="Coils" type="std:UINT">
        <Default>0</Default>
        <VisibleName name="local:Coils">Coils</VisibleName>
      </Component>
      <Component identifier="DiscreteInputs" type="std:UINT">
        <Default>0</Default>
        <VisibleName name="local:DiscreteInputs">DiscreteInputs</VisibleName>
      </Component>
      <Component identifier="HoldingRegister" type="std:UINT">
        <Default>0</Default>
        <VisibleName name="local:HoldingRegister">HoldingRegister</VisibleName>
      </Component>
      <Component identifier="InputRegister" type="std:UINT">
        <Default>0</Default>
        <VisibleName name="local:InputRegister">InputRegister</VisibleName>
      </Component>
    </StructType>
  </Types>
  <!--
  <Strings namespace="local">
    <Language lang="de-de">
      <String identifier="typename">
        Ethernet Anschluss
      </String>
      <String identifier="typedescription">
        Ein Ethernet Anschluss für Modbus Slave auf einem Windows PC.
      </String>
      <String identifier="_3S">
        3S - Smart Software Solutions GmbH
      </String>
    </Language>
  </Strings>
  -->
  <Device>
    <DeviceIdentification>
      <Type>115</Type>
      <Id>0000 0002</Id>
      <Version>3.5.15.0</Version>
    </DeviceIdentification>
    <DeviceInfo>
      <Name name="local:typename">ModbusTCP Slave Device</Name>
      <Description name="local:typedescription">A device that works as a Modbus TCP Slave.</Description>
      <Vendor name="local:_3S">3S - Smart Software Solutions GmbH</Vendor>
      <OrderNumber>-</OrderNumber>
    </DeviceInfo>
    <Connector connectorId="1" explicit="false" hostpath="-1" interface="Common.Ethernet" moduleType="115" role="child">
      <InterfaceName name="local:PCI">Modbus TCP Slave Device</InterfaceName>
      <Slot allowEmpty="false" count="1" />
      <DriverInfo needsBusCycle="true" needsBusCycleBeforeReadInputs="true">
        <RequiredLib identifier="IoDrvModbusTCPSlave" libname="IoDrvModbusTCPSlave" placeholderlib="IoDrvModbusTCPSlave" vendor="3S - Smart Software Solutions GmbH" version="*">
          <FBInstance basename="$(DeviceName)" fbname="IoDrvModbusTCPSlave" fbnamediag="ModbusTCPDeviceDiag">
            <Initialize methodName="Initialize" />
          </FBInstance>
        </RequiredLib>
      </DriverInfo>
      <HostParameterSet>
        <!-- Config Parameters -->
        <Parameter ParameterId="0000" type="localTypes:TimeOutRangeType">
          <Attributes offlineaccess="readwrite" download="true" functional="false" />
          <Default>0</Default>
          <Name name="local:Parameter.TimeOut">Timeout</Name>
          <Description name="local:Parameter.TimeOut">Configuration of the TimeOut</Description>
        </Parameter>
        <!-- by default invisible for 3.3.0.1 !
			<Parameter ParameterId="0001" type="std:BOOL">
				<Attributes offlineaccess="readwrite" download="true" functional="false"/>
				<Default>true</Default>
				<Name name="local:Parameter.IOScannerActivity">IOScannerActivity</Name>
				<Description name="local:Parameter.IOScannerActivity">Configuration of the IO-Scanner Activation</Description>
			</Parameter>
		-->
        <!-- by default invisible for 3.3.0.1 !
			<Parameter ParameterId="0002" type="std:ARRAY[0..3] OF BYTE">
				<Attributes offlineaccess="readwrite" download="true" functional="false"/>
				<Default>[0, 0, 0, 0] </Default>
				<Name name="local:Parameter.IPMasterAddress">IPMasterAddress</Name>
				<Description name="local:Parameter.IOScannerActivity">IP Address configured for the Master which manages IOScanner </Description>
			</Parameter>
      -->
        <Parameter ParameterId="0003" type="localTypes:AssemblySizeRangeType">
          <Attributes offlineaccess="readwrite" download="true" functional="false" />
          <Default>10</Default>
          <Name name="local:Parameter.InputAssemblySize">InputAssemblySize</Name>
          <Description name="local:Parameter.InputAssemblySize">Configure the size of the Ioscanner register </Description>
        </Parameter>
        <Parameter ParameterId="0004" type="localTypes:AssemblySizeRangeType">
          <Attributes offlineaccess="readwrite" download="true" functional="false" />
          <Default>10</Default>
          <Name name="local:Parameter.OutputAssemblySize">OutputAssemblySize</Name>
          <Description name="local:Parameter.IOutputAssemblySize">Configure the size of the Ioscanner register </Description>
        </Parameter>
        <!-- by default invisible for 3.3.0.1 !
			<Parameter ParameterId="0005" type="localTypes:ProtocolEnumType">
				<Attributes offlineaccess="readwrite" download="true" functional="false"/>
				<Default>0</Default>  
				<Name name="local:Parameter.EtherNetProtocol">EtherNetProtocol</Name>
				<Description name="local:Parameter.EtherNetProtocol">Configure EtherNet Protocol to send a request with the Modbus Client services </Description>
			</Parameter>
      -->
        <!--remove this parameter if a fixed port (502) is required -->
        <Parameter ParameterId="0006" type="std:UINT">
          <Attributes offlineaccess="readwrite" download="true" functional="false" />
          <Default>502</Default>
          <Name name="local:Parameter.Port">Port</Name>
          <Description name="local:Parameter.Port">Port where the slave is listening for requests</Description>
        </Parameter>
        <!--remove this parameter to disable -->
        <Parameter ParameterId="0007" type="std:BYTE">
          <Attributes offlineaccess="readwrite" download="true" functional="false" />
          <Default>0</Default>
          <Name name="local:Parameter.UnitID">Unit-ID</Name>
          <Description name="local:Parameter.Port">Unit-ID of the slave (optional)</Description>
        </Parameter>
        <Parameter ParameterId="10" type="std:BOOL">
          <Attributes channel="none" download="true" functional="false" offlineaccess="readwrite" onlineaccess="read" />
          <Default>TRUE</Default>
          <Name name="local:Id2147483648">OptimizationOn</Name>
          <Description name="local:2147483648.Desc">the driver optimizes the io update</Description>
        </Parameter>
        <Parameter ParameterId="11" type="std:BOOL">
          <Attributes channel="none" download="true" functional="false" offlineaccess="readwrite" onlineaccess="read" />
          <Default>FALSE</Default>
          <Name name="local:UpdateableHolding">UpdateableHolding</Name>
          <Description name="local:UpdateableHolding.Desc">Holding Registers as %Q-data for local update by application</Description>
        </Parameter>
        <Parameter ParameterId="20" type="localTypes:StartAddresses">
          <Attributes channel="none" download="true" functional="false" offlineaccess="readwrite" onlineaccess="read" />
          <Default>
            <Element name="Coils">0</Element>
            <Element name="DiscreteInputs">0</Element>
            <Element name="HoldingRegister">0</Element>
            <Element name="InputRegister">0</Element>
          </Default>
          <Name name="local:StartAdresses">StartAdresses</Name>
          <Description name="local:StartAdresses.Desc">Start Addresses of Modbus Data Areas</Description>
        </Parameter>
        <Parameter ParameterId="21" type="std:UDINT">
          <Attributes channel="none" download="true" functional="false" offlineaccess="readwrite" onlineaccess="read" />
          <Default>0</Default>
          <Name name="local:DataModelOptions">Data Model Options</Name>
          <Description name="local:DataModelOptions.Desc">0 = default, 1 = Holding- and Input-Register Data Areas overlay</Description>
        </Parameter>
        <!-- Status Parameters- readonly -->
        <Parameter ParameterId="0100" type="localTypes:TimeOutRangeType">
          <Attributes offlineaccess="read" download="true" functional="false" />
          <Default>2000</Default>
          <Name name="local:Parameter.TimeOut">Timeout</Name>
          <Description name="local:Parameter.TimeOut">Actual value of the TimeOut configured</Description>
        </Parameter>
        <!--
      <Parameter ParameterId="0101" type="std:BOOL">
        <Attributes offlineaccess="read" download="true" functional="false"/>
        <Default>true</Default>
        <Name name="local:Parameter.IOScannerActivity">IOScannerActivity</Name>
        <Description name="local:Parameter.IOScannerActivity">Actual value of the Ioscanner Activation</Description>
      </Parameter>
      -->
        <!--
      <Parameter ParameterId="0102" type="std:ARRAY[0..3] OF BYTE">
        <Attributes offlineaccess="read" download="true" functional="false"/>
        <Default>[192, 168, 0, 1] </Default>
        <Name name="local:Parameter.IPMasterAddress">IPMasterAddress</Name>
        <Description name="local:Parameter.IOScannerActivity">Actual value of IP Address for the Master which manages IOScanner</Description>
      </Parameter>
      -->
        <Parameter ParameterId="0103" type="localTypes:AssemblySizeRangeType">
          <Attributes offlineaccess="read" download="true" functional="false" />
          <Default>10</Default>
          <Name name="local:Parameter.InputAssemblySize">InputAssemblySize</Name>
          <Description name="local:Parameter.InputAssemblySize">Actual value of the size of the assembly</Description>
        </Parameter>
        <Parameter ParameterId="0104" type="localTypes:AssemblySizeRangeType">
          <Attributes offlineaccess="read" download="true" functional="false" />
          <Default>10</Default>
          <Name name="local:Parameter.OutputAssemblySize">OutputAssemblySize</Name>
          <Description name="local:Parameter.IOutputAssemblySize">Actual value of the size of the assembly</Description>
        </Parameter>
        <Parameter ParameterId="0106" type="std:UINT">
          <Attributes offlineaccess="read" download="true" functional="false" />
          <Default>502</Default>
          <Name name="local:Parameter.Port">Port</Name>
          <Description name="local:Parameter.Port">Current Port where the slave is listening for requests</Description>
        </Parameter>
        <!--remove this parameter to disable -->
        <Parameter ParameterId="0107" type="std:BYTE">
          <Attributes offlineaccess="read" download="true" functional="false" />
          <Default>0</Default>
          <Name name="local:Parameter.UnitID">Unit-ID</Name>
          <Description name="local:Parameter.Port">Current Unit-ID of the slave (optional)</Description>
        </Parameter>
        <!-- Parameter for Vendor identification (enable/disable IOscanner activity) 
      <Parameter ParameterId="10000000" type="std:BOOL">
        <Attributes offlineaccess="none" download="false" functional="false"/>
        <Default>true</Default>
        <Name name="local:Parameter.IOScannerActivity">IOScannerVisible</Name>
        <Description name="local:Parameter.IOScannerActivity">enable/disable Schneider's IOscanner activity</Description>
      </Parameter>
      -->
        <!-- Parameter enables or disables Online-Status Screen. If not defined, default = false -->
        <Parameter ParameterId="200" type="std:BOOL">
          <Attributes offlineaccess="none" download="false" functional="false" />
          <!-- offlineacces="none"/"readonly" ==> overwrite parameter at Device-Update ! -->
          <Default>false</Default>
          <Name name="local:Parameter.OnlineStatusScreenEnabled">OnlineStatusScreenEnabled</Name>
          <Description name="local:Parameter.IOScannerActivity">enable/disable Online-Status Screen</Description>
        </Parameter>
        <Parameter ParameterId="1879052288" type="std:UDINT">
          <Attributes offlineaccess="read" onlineaccess="read" download="false" functional="false" />
          <Default>16#03050100</Default>
          <Name name="local:Parameter.ConfigVersion">ConfigVersion</Name>
        </Parameter>
      </HostParameterSet>
      <Appearance>
        <ShowEditor>ModbusTCPSlaveConfigPage</ShowEditor>
        <ShowEditor>IOMappingEditor</ShowEditor>
        <ShowEditor>ParameterEditor</ShowEditor>
        <ShowEditor>DeviceInformation</ShowEditor>
      </Appearance>
    </Connector>
    <ExtendedSettings>
      <ts:TargetSettings>
        <ts:section name="deviceconfiguration">
          <ts:setting name="createBitChannels" type="boolean" access="visible">
            <ts:value>1</ts:value>
          </ts:setting>
        </ts:section>
        <ts:section name="library-management">
          <ts:section name="placeholder-libraries">
            <ts:setting name="IoDrvModbusTCPSlave" type="string" access="visible">
              <ts:value>IoDrvModbusTCPSlave, 3.5.15.0 (3S - Smart Software Solutions GmbH)</ts:value>
            </ts:setting>
            <ts:setting name="ModbusTCP Slave" type="string" access="visible">
              <ts:value>ModbusTCP Slave, 3.5.15.0 (3S - Smart Software Solutions GmbH)</ts:value>
            </ts:setting>
          </ts:section>
        </ts:section>
      </ts:TargetSettings>
    </ExtendedSettings>
    <CompatibleVersions>
      <Version>3.5.11.*</Version>
      <Version>3.5.12.*</Version>
      <Version>3.5.13.*</Version>
      <Version>3.5.14.*</Version>
      <Version>3.5.15.*</Version>
    </CompatibleVersions>
  </Device>
</DeviceDescription>