<?xml version="1.0" encoding="utf-8"?>
<DeviceDescription xmlns="http://www.3s-software.com/schemas/DeviceDescription-1.0.xsd" xmlns:ts="http://www.3s-software.com/schemas/TargetSettings-0.1.xsd" xmlns:xsi="http://www.w3.org/2001/XMLSchema-instance">
    <Types namespace="localTypes">
	<EnumType name="BitEN" basetype="std:BOOL">
	  <Enum identifier="DISABLE">
	    <Value>0</Value>
	    <VisibleName name="local:DISABLE">DISABLE</VisibleName>
	  </Enum>
      <Enum identifier="ENABLE">
        <Value>1</Value>
        <VisibleName name="local:ENABLE">ENABLE</VisibleName>
      </Enum>  
    </EnumType>
	
	<EnumType name="CoverTimeTYPE" basetype="std:UINT">
	  <Enum identifier="Cov2ms">
	    <Value>1</Value>
	    <VisibleName name="local:Cov2ms">2ms</VisibleName>
	  </Enum>
      <Enum identifier="Cov5ms">
        <Value>2</Value>
        <VisibleName name="local:Cov5ms">5ms</VisibleName>
      </Enum>
      <Enum identifier="Cov10ms">
        <Value>3</Value>
        <VisibleName name="local:Cov10ms">10ms</VisibleName>
      </Enum>
	  <Enum identifier="Cov15ms">
        <Value>4</Value>
        <VisibleName name="local:Cov15ms">15ms</VisibleName>
      </Enum>	
	  <Enum identifier="Cov25ms">
        <Value>5</Value>
        <VisibleName name="local:Cov25ms">25ms</VisibleName>
      </Enum>
      <Enum identifier="Cov60ms">
        <Value>6</Value>
        <VisibleName name="local:Cov60ms">60ms</VisibleName>
      </Enum>
      <Enum identifier="Cov05ms">
        <Value>7</Value>
        <VisibleName name="local:Cov05ms">0.5ms(Fast Converison mode)</VisibleName>
      </Enum>	  
    </EnumType>
	<EnumType name="VImode" basetype="std:UINT">
	  <Enum identifier="Disable">
	    <Value>0</Value>
	    <VisibleName name="local:Disable">Disable</VisibleName>
	  </Enum>
      <Enum identifier="Mode10v">
        <Value>1</Value>
        <VisibleName name="local:Mode10v">-10V~+10V</VisibleName>
      </Enum>
      <Enum identifier="Mode5v">
        <Value>2</Value>
        <VisibleName name="local:Mode5v">-5V~+5V</VisibleName>
      </Enum>
	  <Enum identifier="Mode1To5v">
        <Value>3</Value>
        <VisibleName name="local:Mode1To5v">1~5V</VisibleName>
      </Enum>	
	  <Enum identifier="Mode20mA">
        <Value>4</Value>
        <VisibleName name="local:Mode20mA">-20mA~+20mA</VisibleName>
      </Enum>
      <Enum identifier="Mode4To20mA">
        <Value>5</Value>
        <VisibleName name="local:Mode4To20mA">4mA~20mA</VisibleName>
      </Enum>  
    </EnumType>	
	
	
	 <BitfieldType name="BitUINT" basetype="std:UINT" >
		  <Component identifier="Bit0" type="localTypes:BitEN">
		    <Default>1</Default>
			<VisibleName name="localtype:SByte.Bit0"> BIT0 </VisibleName>
		  </Component>
		  <Component identifier="Bit1" type="localTypes:BitEN">
		    <Default>1</Default>
			<VisibleName name="localtype:SByte.Bit1"> BIT1 </VisibleName>
		  </Component>
		  <Component identifier="Bit2" type="localTypes:BitEN">
		    <Default>1</Default>
			<VisibleName name="localtype:SByte.Bit2"> BIT2 </VisibleName>
		  </Component>
		  <Component identifier="Bit3" type="localTypes:BitEN">
		    <Default>1</Default>
			<VisibleName name="localtype:SByte.Bit3"> BIT3 </VisibleName>
		  </Component>
		  <Component identifier="Bit4" type="localTypes:BitEN">
			  <Default>1</Default>
			<VisibleName name="localtype:SByte.Bit4"> Channel 0 Output Detection </VisibleName>
		  </Component>
		  <Component identifier="Bit5" type="localTypes:BitEN">
			  <Default>1</Default>
			<VisibleName name="localtype:SByte.Bit5"> Channel 1 Output Detection </VisibleName>
		  </Component>
		  <Component identifier="Bit6" type="localTypes:BitEN">
			  <Default>1</Default>
			<VisibleName name="localtype:SByte.Bit6"> Channel 2 Output Detection </VisibleName>
		  </Component>
		  <Component identifier="Bit7" type="localTypes:BitEN">
			  <Default>1</Default>
			<VisibleName name="localtype:SByte.Bit7"> Channel 3 Output Detection </VisibleName>
		  </Component>
	  </BitfieldType>
	
	
  </Types>
  <Strings namespace="local">
    <Language lang="en">
      <String identifier="ModelName">iR-AQ04-VI</String>
      <String identifier="DeviceDescription">4 × analog output , 12 bit, ±10V、±20mA、1-5V、4-20mA, Consumption(5V)-65mA/0.325W </String>
      <String identifier="VendorName">Weintek Labs., Inc.</String>
      <String identifier="typename">MyDevice_With_Libs</String>
      <String identifier="typedescription">iR IO</String>
    </Language>
  </Strings>
  <Device hideInCatalogue="false">
    <DeviceIdentification>
      <Type>31317</Type>
      <Id>16bf 0525</Id>
      <Version>1.0.0.0</Version>
    </DeviceIdentification>
    <DeviceInfo>
	  <Name name="local:ModelName">iR-AQ04-VI</Name>
      <Description name="local:DeviceDescription">4 × analog output , 12 bit, ±10V、±20mA、1-5V、4-20mA</Description>
      <Vendor name="local:VendorName">Weintek Labs., Inc.</Vendor>
      <OrderNumber>iR-AQ04-VI</OrderNumber>
    </DeviceInfo>
   <Connector moduleType="31317" interface="Weintek:Internal" role="child" explicit="false" connectorId="1" hostpath="-1">
      <InterfaceName name="local:PCI">Module</InterfaceName>
      <DriverInfo needsBusCycle="true">
	  </DriverInfo>
      <Slot count="1" allowEmpty="false"></Slot>
      <HostParameterSet>
	    <Parameter ParameterId="6000" type="std:INT">
          <Attributes channel="output" download="true" functional="false" offlineaccess="write" onlineaccess="write" />
          <Default>0</Default>
          <Name name="local:out0">AO0</Name>
		  <Description name="local:out0"> Analog Output 0 </Description>
        </Parameter>	   
  		<Parameter ParameterId="6001" type="std:INT">
          <Attributes channel="output" download="true" functional="false" offlineaccess="write" onlineaccess="write" />
          <Default>0</Default>
          <Name name="local:out1">AO1</Name>
		  <Description name="local:out1"> Analog Output 1 </Description>
        </Parameter>	
		<Parameter ParameterId="6002" type="std:INT">
          <Attributes channel="output" download="true" functional="false" offlineaccess="write" onlineaccess="write" />
          <Default>0</Default>
          <Name name="local:out2">AO2</Name>
		  <Description name="local:out2"> Analog Output 2 </Description>
        </Parameter>	
		<Parameter ParameterId="6003" type="std:INT">
          <Attributes channel="output" download="true" functional="false" offlineaccess="write" onlineaccess="write" />
          <Default>0</Default>
          <Name name="local:out3">AO3</Name>
		  <Description name="local:out3"> Analog Output 3 </Description>
        </Parameter>
		<!--  Parameter added  -->
		<Parameter ParameterId="10000" type="localTypes:VImode">
          <Attributes channel="none" download="true" functional="false" offlineaccess="write" onlineaccess="none" />
		  <Default>1</Default>
          <Name name="local:Id10000">Channel 0 Output Mode</Name>
          <Description name="local:Id10000.Desc">Voltage or Current Mode</Description>
        </Parameter>
		<Parameter ParameterId="10001" type="localTypes:VImode">
          <Attributes channel="none" download="true" functional="false" offlineaccess="write" onlineaccess="none" />
          <Default>1</Default>
          <Name name="local:Id10001">Channel 1 Output Mode</Name>
          <Description name="local:Id10001.Desc">Voltage or Current Mode</Description>
        </Parameter>
		<Parameter ParameterId="10002" type="localTypes:VImode">
          <Attributes channel="none" download="true" functional="false" offlineaccess="write" onlineaccess="none" />
          <Default>1</Default>
          <Name name="local:Id10002">Channel 2 Output Mode</Name>
          <Description name="local:Id10002.Desc">Voltage or Current Mode </Description>
        </Parameter>
		<Parameter ParameterId="10003" type="localTypes:VImode">
          <Attributes channel="none" download="true" functional="false" offlineaccess="write" onlineaccess="none" />
          <Default>1</Default>
          <Name name="local:Id10003">Channel 3 Output Mode</Name>
          <Description name="local:Id10003.Desc">Voltage or Current Mode</Description>
        </Parameter>
		<Parameter ParameterId="10004" type="std:INT">
          <Attributes channel="none" download="true" functional="false" offlineaccess="write" onlineaccess="none" />
          <Default>32000</Default>
          <Name name="local:Id10004">Channel 0 Output Scale Range Upper Limit</Name>
          <Description name="local:Id10004.Desc"> </Description>
        </Parameter>
		<Parameter ParameterId="10005" type="std:INT">
          <Attributes channel="none" download="true" functional="false" offlineaccess="write" onlineaccess="none" />
          <Default>32000</Default>
          <Name name="local:Id10005">Channel 1 Output Scale Range Upper Limit</Name>
          <Description name="local:Id10005.Desc"> </Description>
        </Parameter>
		<Parameter ParameterId="10006" type="std:INT">
          <Attributes channel="none" download="true" functional="false" offlineaccess="write" onlineaccess="none" />
          <Default>32000</Default>
          <Name name="local:Id10006">Channel 2 Output Scale Range Upper Limit</Name>
          <Description name="local:Id10006.Desc"> </Description>
        </Parameter>
		<Parameter ParameterId="10007" type="std:INT">
          <Attributes channel="none" download="true" functional="false" offlineaccess="write" onlineaccess="none" />
          <Default>32000</Default>
          <Name name="local:Id10007">Channel 3 Output Scale Range Upper Limit</Name>
          <Description name="local:Id10007.Desc"> </Description>
        </Parameter>
		<Parameter ParameterId="10008" type="std:INT">
          <Attributes channel="none" download="true" functional="false" offlineaccess="write" onlineaccess="none" />
          <Default>-32000</Default>
          <Name name="local:Id10008">Channel 0 Output Scale Range Lower Limit</Name>
          <Description name="local:Id10008.Desc">Default is 0 in 1-5V/4-20mA mode</Description>
        </Parameter>
		<Parameter ParameterId="10009" type="std:INT">
          <Attributes channel="none" download="true" functional="false" offlineaccess="write" onlineaccess="none" />
          <Default>-32000</Default>
          <Name name="local:Id10009">Channel 1 Output Scale Range Lower Limit</Name>
          <Description name="local:Id10009.Desc">Default is 0 in 1-5V/4-20mA mode </Description>
        </Parameter>
		<Parameter ParameterId="10010" type="std:INT">
          <Attributes channel="none" download="true" functional="false" offlineaccess="write" onlineaccess="none" />
          <Default>-32000</Default>
          <Name name="local:Id10010">Channel 2 Output Scale Range Lower Limit</Name>
          <Description name="local:Id10010.Desc">Default is 0 in 1-5V/4-20mA mode </Description>
        </Parameter>
		<Parameter ParameterId="10011" type="std:INT">
          <Attributes channel="none" download="true" functional="false" offlineaccess="write" onlineaccess="none" />
          <Default>-32000</Default>
          <Name name="local:Id10011">Channel 3 Output Scale Range Lower Limit</Name>
          <Description name="local:Id10011.Desc">Default is 0 in 1-5V/4-20mA mode</Description>
        </Parameter>
		<Parameter ParameterId="10012" type="std:UINT">
          <Attributes channel="none" download="true" functional="false" offlineaccess="write" onlineaccess="none" />
          <Default>0</Default>
          <Name name="local:Id10012">Channel 0  Output Update Time</Name>
          <Description name="local:Id10012.Desc">  0 = Disable; Allowable range : 0~3200</Description>
		  <Unit name="local:Id10012"> 10ms </Unit>		  
        </Parameter>
		<Parameter ParameterId="10013" type="std:UINT">
          <Attributes channel="none" download="true" functional="false" offlineaccess="write" onlineaccess="none" />
          <Default>0</Default>
          <Name name="local:Id10013">Channel 1  Output Update Time</Name>
          <Description name="local:Id10013.Desc">  0 = Disable; Allowable range : 0~3200 </Description>
		  <Unit name="local:Id10013"> 10ms </Unit>
        </Parameter>
		<Parameter ParameterId="10014" type="std:UINT">
          <Attributes channel="none" download="true" functional="false" offlineaccess="write" onlineaccess="none" />
          <Default>0</Default>
          <Name name="local:Id10014">Channel 2  Output Update Time</Name>
          <Description name="local:Id10014.Desc">  0 = Disable; Allowable range : 0~3200 </Description>
		  <Unit name="local:Id10014"> 10ms </Unit>
        </Parameter>
		<Parameter ParameterId="10015" type="std:UINT">
          <Attributes channel="none" download="true" functional="false" offlineaccess="write" onlineaccess="none" />
          <Default>0</Default>
          <Name name="local:Id10015">Channel 3  Output Update Time</Name>
          <Description name="local:Id10015.Desc"> 0 = Disable; Allowable range : 0~3200</Description>
		  <Unit name="local:Id10015"> 10ms </Unit>
        </Parameter>
		<Parameter ParameterId="10018" type="localTypes:BitUINT">
          <Attributes channel="none" download="true" functional="false" offlineaccess="write" onlineaccess="none" />
          <Default>255</Default>
          <Name name="local:Id10018">Channel Detection </Name>
          <Description name="local:Id10018.Desc"> </Description>
        </Parameter>	
      </HostParameterSet>
    </Connector>
  </Device>
</DeviceDescription>
