﻿<?xml version="1.0" encoding="utf-8" standalone="no"?>
<!--created with CoDeSys 3.0 (http://www.3s-software.com) by DeviceDescriptionBuilder (3S-Smart Software Solutions GmbH)-->
<DeviceDescription xmlns="http://www.3s-software.com/schemas/DeviceDescription-1.0.xsd" xmlns:ts="http://www.3s-software.com/schemas/TargetSettings-0.1.xsd" xmlns:xsi="http://www.w3.org/2001/XMLSchema-instance">
  <Types namespace="local">
    <EnumType basetype="std:UDINT" name="DeviceStatus">
      <Enum identifier="NotInit">
        <Value>0</Value>
        <VisibleName name="local:NotInit">NotInit</VisibleName>
      </Enum>
      <Enum identifier="Init">
        <Value>1</Value>
        <VisibleName name="local:Init">Init</VisibleName>
      </Enum>
      <Enum identifier="Open">
        <Value>2</Value>
        <VisibleName name="local:Open">Open</VisibleName>
      </Enum>
      <Enum identifier="WaitCheckStationname">
        <Value>3</Value>
        <VisibleName name="local:WaitCheckStationname">WaitCheckStationname</VisibleName>
      </Enum>
      <Enum identifier="WaitCheckIP">
        <Value>4</Value>
        <VisibleName name="local:WaitCheckIP">WaitCheckIP</VisibleName>
      </Enum>
      <Enum identifier="Run">
        <Value>5</Value>
        <VisibleName name="local:Run">Run</VisibleName>
      </Enum>
      <Enum identifier="Error">
        <Value>16#100</Value>
        <VisibleName name="local:Error">Error</VisibleName>
      </Enum>
      <Enum identifier="ErrorLicenceCheck">
        <Value>16#101</Value>
        <VisibleName name="local:ErrorLicenceCheck">ErrorLicenceCheck</VisibleName>
      </Enum>
      <Enum identifier="ErrorControllerStationname">
        <Value>16#102</Value>
        <VisibleName name="local:ErrorControllerStationname">Error Stationname</VisibleName>
      </Enum>
      <Enum identifier="ErrorControllerIP">
        <Value>16#103</Value>
        <VisibleName name="local:ErrorControllerIP">Error IP</VisibleName>
      </Enum>
      <Enum identifier="ErrorNoIP">
        <Value>16#104</Value>
        <VisibleName name="local:ErrorNoIP">ErrorNoIP</VisibleName>
      </Enum>
      <Enum identifier="ErrorGetIP">
        <Value>16#105</Value>
        <VisibleName name="local:ErrorGetIP">ErrorGetIP</VisibleName>
      </Enum>
      <Enum identifier="ErrorInitRPC">
        <Value>16#106</Value>
        <VisibleName name="local:ErrorInitRPC">ErrorInitRPC</VisibleName>
      </Enum>
      <Enum identifier="ErrorFindEthernet">
        <Value>16#107</Value>
        <VisibleName name="local:ErrorFindEthernet">ErrorFindEthernet</VisibleName>
      </Enum>
      <Enum identifier="ErrorEthernet">
        <Value>16#108</Value>
        <VisibleName name="local:ErrorEthernet">ErrorEthernet</VisibleName>
      </Enum>
      <Enum identifier="ErrorNoLicence">
        <Value>16#109</Value>
        <VisibleName name="local:ErrorNoLicence">ErrorNoLicence</VisibleName>
      </Enum>
      <Enum identifier="ErrorSetIP">
        <Value>16#110</Value>
        <VisibleName name="local:ErrorGetIP">ErrorSetIP</VisibleName>
      </Enum>
    </EnumType>
    <StructType name="EthernetStatisticT">
      <!--  
			<Component identifier="AdapterOpen" type="std:BOOL">   
				<Default />
				<VisibleName name="local:AdapterOpen">Adapter Opened</VisibleName>
				<Description name="local:AdapterOpen.Desc">Ethernet Adapter is active</Description>
			</Component>	-->
      <Component identifier="RecvFrameCountTotal" type="std:UDINT">
        <Default />
        <VisibleName name="local:RecvFrameCountTotal">Received Frames</VisibleName>
        <Description name="local:RecvFrameCountTotal.Desc">Overall number of received Frames</Description>
      </Component>
      <Component identifier="RecvRTFrameCountTotal" type="std:UDINT">
        <Default />
        <VisibleName name="local:RecvRTFrameCountTotal">Received RT-Frames</VisibleName>
        <Description name="local:RecvRTFrameCountTotal.Desc">Overall number of received Profinet-RT Frames</Description>
      </Component>
      <Component identifier="RecvAvg_Cycle" type="std:LTIME">
        <Default />
        <VisibleName name="local:RecvAvg_Cycle">Recv Time (Avg)</VisibleName>
        <Description name="local:RecvAvg_Cycle.Desc">Average Time for receiving Ethernet Frames per BusCycle</Description>
      </Component>
      <Component identifier="RecvMax_Cycle" type="std:LTIME">
        <Default />
        <VisibleName name="local:RecvMax_Cycle">Recv Time (Max)</VisibleName>
        <Description name="local:RecvMax_Cycle.Desc">Max Time for receiving Ethernet Frames per BusCycle</Description>
      </Component>
      <Component identifier="SendAvg_Cycle" type="std:LTIME">
        <Default />
        <VisibleName name="local:SendAvg_Cycle">Send Time (Avg)</VisibleName>
        <Description name="local:SendAvg_Cycle.Desc">Average Time for sending Ethernet Frames per BusCycle</Description>
      </Component>
      <Component identifier="SendMax_Cycle" type="std:LTIME">
        <Default />
        <VisibleName name="local:SendMax_Cycle">Send Time (Max)</VisibleName>
        <Description name="local:SendMax_Cycle.Desc">Max Time for sending Ethernet Frames per BusCycle</Description>
      </Component>
    </StructType>
    <StructType name="IPParameter">
      <Component identifier="IP" type="std:ARRAY[0..3] OF BYTE">
        <Default />
        <VisibleName name="local:IP">IP</VisibleName>
        <Description name="local:IP.Desc">IP</Description>
      </Component>
      <Component identifier="Netmask" type="std:ARRAY[0..3] OF BYTE">
        <Default />
        <VisibleName name="local:Netmask">Netmask</VisibleName>
        <Description name="local:Netmask.Desc">Netmask</Description>
      </Component>
      <Component identifier="Gateway" type="std:ARRAY[0..3] OF BYTE">
        <Default />
        <VisibleName name="local:Gateway">Gateway</VisibleName>
        <Description name="local:Gateway.Desc">Gateway</Description>
      </Component>
    </StructType>
    <StructType name="DriverDiagT">
      <Component identifier="StructVersion" type="std:UDINT" offlineaccess="none">
        <Default>1</Default>
        <VisibleName name="local:StructVersion">Diag Version</VisibleName>
      </Component>
      <Component identifier="DeviceStatus" type="local:DeviceStatus">
        <Default />
        <VisibleName name="local:DeviceStatus">PN-Device Status</VisibleName>
      </Component>
      <Component identifier="ConnectionCount" type="std:DINT">
        <Default />
        <VisibleName name="local:ConnectionCount">Connections</VisibleName>
        <Description name="local:ConnectionCount.Desc">Number of established connections</Description>
      </Component>
      <Component identifier="align" type="std:UDINT" offlineaccess="none">
        <Default>
        </Default>
        <VisibleName name="local:align">align</VisibleName>
      </Component>
      <Component identifier="StationName" type="std:STRING(240)">
        <Default />
        <VisibleName name="local:StationName">Stationname</VisibleName>
        <Description name="local:StationName.Desc">current Name of Station</Description>
      </Component>
      <Component identifier="IPParameter" type="local:IPParameter">
        <Default />
        <VisibleName name="local:IPParameter">IPParameter</VisibleName>
        <Description name="local:StationName.Desc">currently active IP-Settings</Description>
      </Component>
      <Component identifier="EthernetStatistic" type="local:EthernetStatisticT">
        <Default />
        <VisibleName name="local:EthernetStatistic">Ethernet Statistic</VisibleName>
      </Component>
    </StructType>
    <StructType name="TDeviceIdent">
      <!-- IP settings are relevant for CIFX only -->
      <Component identifier="IPAddress" type="std:ARRAY[0..3] OF BYTE" offlineaccess="none">
        <Default />
        <VisibleName name="local:IPAddress">IP address</VisibleName>
      </Component>
      <Component identifier="SubnetMask" type="std:ARRAY[0..3] OF BYTE" offlineaccess="none">
        <Default />
        <VisibleName name="local:SubnetMask">Subnet mask</VisibleName>
      </Component>
      <Component identifier="DefaultGateway" type="std:ARRAY[0..3] OF BYTE" offlineaccess="none">
        <Default />
        <VisibleName name="local:DefaultGateway">Default gateway</VisibleName>
      </Component>
      <Component identifier="StationName" type="std:STRING(80)">
        <Default />
        <VisibleName name="local:StationName">Station name</VisibleName>
      </Component>
    </StructType>
    <StructType name="TDeviceParam">
      <Component identifier="StationType" type="std:STRING(240)">
        <Default />
        <VisibleName name="local:StationType">Station Type</VisibleName>
      </Component>
      <Component identifier="DeviceType" type="std:STRING(28)">
        <Default />
        <VisibleName name="local:DeviceType">Device Type</VisibleName>
      </Component>
      <Component identifier="VendorId" type="std:UINT">
        <Default />
        <VisibleName name="local:VendorId">Vendor Id</VisibleName>
      </Component>
      <Component identifier="DeviceId" type="std:UINT">
        <Default />
        <VisibleName name="local:DeviceId">Device Id</VisibleName>
      </Component>
      <Component identifier="OrderId" type="std:STRING(20)">
        <Default />
        <VisibleName name="local:OrderId">OrderId</VisibleName>
      </Component>
      <Component identifier="HwRev" type="std:UINT">
        <Default />
        <VisibleName name="local:HwRev">Hardware Revision</VisibleName>
      </Component>
      <Component identifier="SwRevPre" type="std:USINT">
        <Default />
        <VisibleName name="local:SwRevPre">Software Revision Prefix</VisibleName>
      </Component>
      <Component identifier="SwRev1" type="std:UINT">
        <Default />
        <VisibleName name="local:SwRev1">Software Revision 1</VisibleName>
      </Component>
      <Component identifier="SwRev2" type="std:UINT">
        <Default />
        <VisibleName name="local:SwRev2">Software Revision 2</VisibleName>
      </Component>
      <Component identifier="SwRev3" type="std:UINT">
        <Default />
        <VisibleName name="local:SwRev3">Software Revision 3</VisibleName>
      </Component>
    </StructType>
    <StructType name="PNDeviceSubmoduleType">
      <Component identifier="SlotNumber" type="std:UINT">
        <Default />
        <VisibleName name="local:SlotNumber">SlotNumber</VisibleName>
      </Component>
      <Component identifier="SubslotNumber" type="std:UINT">
        <Default />
        <VisibleName name="local:SubslotNumber">SubslotNumber</VisibleName>
      </Component>
      <Component identifier="ModuleId" type="std:UDINT">
        <Default />
        <VisibleName name="local:ModuleId">ModuleId</VisibleName>
      </Component>
      <Component identifier="SubmoduleId" type="std:UDINT">
        <Default />
        <VisibleName name="local:SubmoduleId">SubmoduleId</VisibleName>
      </Component>
      <Component identifier="ProvidedDataLen" type="std:UDINT">
        <Default />
        <VisibleName name="local:ProvidedDataLen">ProvidedDataLen</VisibleName>
      </Component>
      <Component identifier="ConsumedDataLen" type="std:UDINT">
        <Default />
        <VisibleName name="local:ConsumedDataLen">ConsumedDataLen</VisibleName>
      </Component>
    </StructType>
    <BitfieldType name="TUnsigned8" basetype="std:USINT">
      <Component identifier="Bit0" type="std:BOOL">
        <Default />
        <VisibleName name="local:Bit0">Bit0</VisibleName>
      </Component>
      <Component identifier="Bit1" type="std:BOOL">
        <Default />
        <VisibleName name="local:Bit1">Bit1</VisibleName>
      </Component>
      <Component identifier="Bit2" type="std:BOOL">
        <Default />
        <VisibleName name="local:Bit2">Bit2</VisibleName>
      </Component>
      <Component identifier="Bit3" type="std:BOOL">
        <Default />
        <VisibleName name="local:Bit3">Bit3</VisibleName>
      </Component>
      <Component identifier="Bit4" type="std:BOOL">
        <Default />
        <VisibleName name="local:Bit4">Bit4</VisibleName>
      </Component>
      <Component identifier="Bit5" type="std:BOOL">
        <Default />
        <VisibleName name="local:Bit5">Bit5</VisibleName>
      </Component>
      <Component identifier="Bit6" type="std:BOOL">
        <Default />
        <VisibleName name="local:Bit6">Bit6</VisibleName>
      </Component>
      <Component identifier="Bit7" type="std:BOOL">
        <Default />
        <VisibleName name="local:Bit7">Bit7</VisibleName>
      </Component>
    </BitfieldType>
    <ArrayType name="TARRAY_100" basetype="std:BYTE">
      <FirstDimension>
        <LowerBorder>0</LowerBorder>
        <UpperBorder>63</UpperBorder>
      </FirstDimension>
    </ArrayType>
    <StructType name="IOType_0">
      <Component identifier="Input_Data" type="std:UDINT">
        <Default />
        <VisibleName name="local:IDT_Input">Input Data</VisibleName>
      </Component>
      <Component identifier="Input_Data1" type="std:UDINT">
        <Default />
        <VisibleName name="local:IDT_Input">Input Data</VisibleName>
      </Component>
      <Component identifier="Input_Data2" type="std:UDINT">
        <Default />
        <VisibleName name="local:IDT_Input">Input Data</VisibleName>
      </Component>
      <Component identifier="Input_Data3" type="std:UDINT">
        <Default />
        <VisibleName name="local:IDT_Input">Input Data</VisibleName>
      </Component>
      <Component identifier="Input_Data4" type="std:UDINT">
        <Default />
        <VisibleName name="local:IDT_Input">Input Data</VisibleName>
      </Component>
      <Component identifier="Input_Data5" type="std:UDINT">
        <Default />
        <VisibleName name="local:IDT_Input">Input Data</VisibleName>
      </Component>
      <Component identifier="Input_Data6" type="std:UDINT">
        <Default />
        <VisibleName name="local:IDT_Input">Input Data</VisibleName>
      </Component>
      <Component identifier="Input_Data7" type="std:UDINT">
        <Default />
        <VisibleName name="local:IDT_Input">Input Data</VisibleName>
      </Component>
    </StructType>
    <StructType name="IOType_1">
      <Component identifier="Output_Data" type="std:UDINT">
        <Default />
        <VisibleName name="local:IDT_Output">Output Data</VisibleName>
      </Component>
      <Component identifier="Output_Data1" type="std:UDINT">
        <Default />
        <VisibleName name="local:IDT_Output">Output Data</VisibleName>
      </Component>
      <Component identifier="Output_Data2" type="std:UDINT">
        <Default />
        <VisibleName name="local:IDT_Output">Output Data</VisibleName>
      </Component>
      <Component identifier="Output_Data3" type="std:UDINT">
        <Default />
        <VisibleName name="local:IDT_Output">Output Data</VisibleName>
      </Component>
      <Component identifier="Output_Data4" type="std:UDINT">
        <Default />
        <VisibleName name="local:IDT_Output">Output Data</VisibleName>
      </Component>
      <Component identifier="Output_Data5" type="std:UDINT">
        <Default />
        <VisibleName name="local:IDT_Output">Output Data</VisibleName>
      </Component>
      <Component identifier="Output_Data6" type="std:UDINT">
        <Default />
        <VisibleName name="local:IDT_Output">Output Data</VisibleName>
      </Component>
      <Component identifier="Output_Data7" type="std:UDINT">
        <Default />
        <VisibleName name="local:IDT_Output">Output Data</VisibleName>
      </Component>
    </StructType>
    <StructType name="IOType_2">
      <Component identifier="Input_Data" type="std:REAL">
        <Default />
        <VisibleName name="local:IDT_Input">Input Data</VisibleName>
      </Component>
      <Component identifier="Input_Data1" type="std:REAL">
        <Default />
        <VisibleName name="local:IDT_Input">Input Data</VisibleName>
      </Component>
      <Component identifier="Input_Data2" type="std:REAL">
        <Default />
        <VisibleName name="local:IDT_Input">Input Data</VisibleName>
      </Component>
      <Component identifier="Input_Data3" type="std:REAL">
        <Default />
        <VisibleName name="local:IDT_Input">Input Data</VisibleName>
      </Component>
      <Component identifier="Input_Data4" type="std:REAL">
        <Default />
        <VisibleName name="local:IDT_Input">Input Data</VisibleName>
      </Component>
      <Component identifier="Input_Data5" type="std:REAL">
        <Default />
        <VisibleName name="local:IDT_Input">Input Data</VisibleName>
      </Component>
      <Component identifier="Input_Data6" type="std:REAL">
        <Default />
        <VisibleName name="local:IDT_Input">Input Data</VisibleName>
      </Component>
      <Component identifier="Input_Data7" type="std:REAL">
        <Default />
        <VisibleName name="local:IDT_Input">Input Data</VisibleName>
      </Component>
    </StructType>
    <StructType name="IOType_3">
      <Component identifier="Output_Data" type="std:REAL">
        <Default />
        <VisibleName name="local:IDT_Output">Output Data</VisibleName>
      </Component>
      <Component identifier="Output_Data1" type="std:REAL">
        <Default />
        <VisibleName name="local:IDT_Output">Output Data</VisibleName>
      </Component>
      <Component identifier="Output_Data2" type="std:REAL">
        <Default />
        <VisibleName name="local:IDT_Output">Output Data</VisibleName>
      </Component>
      <Component identifier="Output_Data3" type="std:REAL">
        <Default />
        <VisibleName name="local:IDT_Output">Output Data</VisibleName>
      </Component>
      <Component identifier="Output_Data4" type="std:REAL">
        <Default />
        <VisibleName name="local:IDT_Output">Output Data</VisibleName>
      </Component>
      <Component identifier="Output_Data5" type="std:REAL">
        <Default />
        <VisibleName name="local:IDT_Output">Output Data</VisibleName>
      </Component>
      <Component identifier="Output_Data6" type="std:REAL">
        <Default />
        <VisibleName name="local:IDT_Output">Output Data</VisibleName>
      </Component>
      <Component identifier="Output_Data7" type="std:REAL">
        <Default />
        <VisibleName name="local:IDT_Output">Output Data</VisibleName>
      </Component>
    </StructType>
    <StructType name="IOType_4">
      <Component identifier="Input_Data" type="local:TUnsigned8">
        <Default />
        <VisibleName name="local:IDT_Input">Input Data</VisibleName>
      </Component>
      <Component identifier="Input_Data1" type="local:TUnsigned8">
        <Default />
        <VisibleName name="local:IDT_Input">Input Data</VisibleName>
      </Component>
      <Component identifier="Input_Data2" type="std:UINT">
        <Default />
        <VisibleName name="local:IDT_Input">Input Data</VisibleName>
      </Component>
      <Component identifier="Input_Data3" type="std:UDINT">
        <Default />
        <VisibleName name="local:IDT_Input">Input Data</VisibleName>
      </Component>
      <Component identifier="Input_Data4" type="std:LINT">
        <Default />
        <VisibleName name="local:IDT_Input">Input Data</VisibleName>
      </Component>
    </StructType>
    <StructType name="IOType_5">
      <Component identifier="Output_Data" type="local:TUnsigned8">
        <Default />
        <VisibleName name="local:IDT_Output">Output Data</VisibleName>
      </Component>
      <Component identifier="Output_Data1" type="local:TUnsigned8">
        <Default />
        <VisibleName name="local:IDT_Output">Output Data</VisibleName>
      </Component>
      <Component identifier="Output_Data2" type="std:UINT">
        <Default />
        <VisibleName name="local:IDT_Output">Output Data</VisibleName>
      </Component>
      <Component identifier="Output_Data3" type="std:UDINT">
        <Default />
        <VisibleName name="local:IDT_Output">Output Data</VisibleName>
      </Component>
      <Component identifier="Output_Data4" type="std:LINT">
        <Default />
        <VisibleName name="local:IDT_Output">Output Data</VisibleName>
      </Component>
    </StructType>
  </Types>
  <ParameterFilterFlags />
  <Strings namespace="local">
    <Language lang="en">
      <String identifier="vendorText">3S - Smart Software Solutions GmbH</String>
      <String identifier="IDT_NAME_DAP1">CODESYS Profinet Device</String>
      <String identifier="IDT_INFO_DAP1">CODESYS PLC running as Profinet Device.</String>
      <String identifier="SlotNumber">SlotNumber</String>
      <String identifier="SubslotNumber">SubslotNumber</String>
      <String identifier="ModuleId">ModuleId</String>
      <String identifier="SubmoduleId">SubmoduleId</String>
      <String identifier="ProvidedDataLen">ProvidedDataLen</String>
      <String identifier="ConsumedDataLen">ConsumedDataLen</String>
      <String identifier="Profinet-Ethernet">Profinet-Ethernet</String>
      <String identifier="ProfinetDevice">Profinet Device</String>
      <String identifier="ConfigVersion">ConfigVersion</String>
      <String identifier="IDT_NAME_VS1">Submodule V1</String>
      <String identifier="IDT_NAME_IS">I</String>
      <String identifier="IDT_NAME_PS1">P1</String>
      <String identifier="IDT_NAME_M1">Input 8Bit</String>
      <String identifier="IDT_INFO_MIn">Module provides Controller Input-Data</String>
      <String identifier="IDT_CATEGORY_DI">Input</String>
      <String identifier="ProfinetDeviceModule">Profinet Device Module</String>
      <String identifier="IDT_NAME_S">Submodule</String>
      <String identifier="Bit0">Bit0</String>
      <String identifier="Bit1">Bit1</String>
      <String identifier="Bit2">Bit2</String>
      <String identifier="Bit3">Bit3</String>
      <String identifier="Bit4">Bit4</String>
      <String identifier="Bit5">Bit5</String>
      <String identifier="Bit6">Bit6</String>
      <String identifier="Bit7">Bit7</String>
      <String identifier="IDT_Input">Input Data</String>
      <String identifier="IDT_NAME_M2">Output 8Bit</String>
      <String identifier="IDT_INFO_MOut">Module consumes Controller Output-Data</String>
      <String identifier="IDT_CATEGORY_DO">Output</String>
      <String identifier="IDT_Output">Output Data</String>
      <String identifier="IDT_NAME_M3">InOut 8Bit</String>
      <String identifier="IDT_INFO_MInOut">Module with Input- and Output-Data</String>
      <String identifier="IDT_CATEGORY_DIO">Input/Output</String>
      <String identifier="IDT_NAME_M64x3">InOut 64 Byte</String>
      <String identifier="IDT_NAME_M11">Input Unsigned32</String>
      <String identifier="IDT_NAME_M12">Output Unsigned32</String>
      <String identifier="IDT_NAME_M13">InOut Unsigned32</String>
      <String identifier="IDT_NAME_M8x11">Input Unsigned32*8</String>
      <String identifier="InputData">Input Data</String>
      <String identifier="IDT_NAME_M8x12">Output Unsigned32*8</String>
      <String identifier="OutputData">Output Data</String>
      <String identifier="IDT_NAME_M8x13">InOut Unsigned32*8</String>
      <String identifier="IDT_NAME_M21">Input Float32</String>
      <String identifier="IDT_NAME_M22">Output Float32</String>
      <String identifier="IDT_NAME_M23">InOut Float32</String>
      <String identifier="IDT_NAME_M8x21">Input Float32*8</String>
      <String identifier="IDT_NAME_M8x22">Output Float32*8</String>
      <String identifier="IDT_NAME_M8x23">InOut Float32*8</String>
      <String identifier="IDT_NAME_M83">InOut Structured</String>
    </Language>
  </Strings>
  <Files namespace="local">
    <Language lang="en">
      <File identifier="NativeDeviceDescription" fileref="local">
        <LocalFile>GSDML-V2.32-3S - Smart Software Solutions GmbH-Codesys PLC-20160824.xml</LocalFile>
      </File>
    </Language>
  </Files>
  <Device hideInCatalogue="false">
    <DeviceIdentification>
      <Type>83</Type>
      <Id>0000 1017</Id>
      <Version>3.5.10.0</Version>
    </DeviceIdentification>
    <DeviceInfo>
      <Name name="local:IDT_NAME_DAP1">CODESYS Profinet Device</Name>
      <Description name="local:IDT_INFO_DAP1">CODESYS PLC running as Profinet Device.</Description>
      <Vendor name="local:vendorText">3S - Smart Software Solutions GmbH</Vendor>
      <OrderNumber>-</OrderNumber>
      <Icon name="local:deviceIcon">Slave.ico</Icon>
      <AdditionalFiles>
        <File name="local:NativeDeviceDescription" key="NativeDeviceDescription">GSDML-V2.32-3S - Smart Software Solutions GmbH-Codesys PLC-20160824.xml</File>
      </AdditionalFiles>
    </DeviceInfo>
    <Connector moduleType="85" interface="Common.Ethernet" role="child" connectorId="0" hostpath="-1" hideInStatusPage="true">
      <InterfaceName name="local:Profinet-Ethernet">Profinet-Ethernet</InterfaceName>
      <Slot count="1" allowEmpty="false" />
    </Connector>
    <Connector moduleType="83" interface="PN-Device.0x02CC_0x1017" role="parent" connectorId="1" hostpath="0">
      <InterfaceName name="local:ProfinetDevice">Profinet Device</InterfaceName>
      <Var max="64" />
      <DriverInfo needsBusCycle="true" needsBusCycleBeforeReadInputs="true" defaultBusCycleTask="Profinet_IOTask">
        <RequiredCyclicTask cycletime="t#1ms" priority="1" taskname="Profinet_IOTask" implicit="false">
        </RequiredCyclicTask>
        <RequiredCyclicTask cycletime="t#10ms" priority="30" taskname="Profinet_CommunicationTask">
          <taskpou>$(DeviceName).CommCycle</taskpou>
        </RequiredCyclicTask>
        <RequiredLib libname="IoDrvProfinetDevice" vendor="3S - Smart Software Solutions GmbH" version="3.5.10.0" identifier="IoDrvProfinetDevice" placeholderlib="IoDrvProfinetDevice">
          <FBInstance basename="$(DeviceName)" fbname="ProfinetDevice" fbnamediag="ProfinetDeviceDiag">
            <Initialize methodName="Initialize" />
          </FBInstance>
        </RequiredLib>
      </DriverInfo>
      <HostParameterSet>
        <Parameter ParameterId="1" type="local:TDeviceParam">
          <Attributes channel="none" download="true" offlineaccess="read" onlineaccess="read" />
          <Default>
            <Element name="StationType">'CODESYS Profinet Device'</Element>
            <Element name="DeviceType">'CODESYS Profinet Device'</Element>
            <!-- VisibleString[25] ! Not []28 !!! -->
            <Element name="VendorId">16#02CC</Element>
            <Element name="DeviceId">16#1017</Element>
            <Element name="OrderId">'-'</Element>
            <!-- VisibleString[20] -->
            <Element name="HwRev">0</Element>
            <!-- 0 to 99999 -->
            <!-- VisibleString[1]
						- V for an officially released version		0x56
						- R for Revision					0x52
						- P for Prototype					0x50
						- U for Under Test (Field Test)   0x55
						- T for Test Device				0x54
						-->
            <Element name="SwRevPre">16#54</Element>
            <Element name="SwRev1">1</Element>
            <Element name="SwRev2">0</Element>
            <Element name="SwRev3">0</Element>
          </Default>
          <Name name="local:TDeviceParam">Io Device Parameter</Name>
        </Parameter>
        <Parameter ParameterId="2" type="local:TDeviceIdent">
          <Attributes channel="none" download="true" offlineaccess="readwrite" onlineaccess="read" />
          <Default>
            <Element name="IPAddress">[0,0,0,0]</Element>
            <Element name="SubnetMask">[0,0,0,0]</Element>
            <Element name="DefaultGateway">[0,0,0,0]</Element>
            <Element name="StationName">'PN-Device'</Element>
          </Default>
          <Name name="local:TDeviceIdent">Io Device Identification</Name>
        </Parameter>
        <Parameter ParameterId="3" type="std:STRING">
          <Attributes channel="none" download="true" offlineaccess="readwrite" onlineaccess="read" />
          <Default>'PNDevice.data'</Default>
          <Name name="local:FileName">FileName</Name>
          <Description name="local:FileName.Desc">File for persisting Stationname and IP</Description>
        </Parameter>
        <Parameter ParameterId="5" type="std:UDINT">
          <Attributes channel="none" download="true" offlineaccess="readwrite" onlineaccess="read" />
          <!-- 
					Bit 0:	name and IP assignment
							0 = use remanent data
							1 = use project settings
					-->
          <Default>2#0</Default>
          <Name name="local:DriverOptions">DriverOptions</Name>
          <Description name="local:FileName.Desc">Driver Config Options (Flags)</Description>
        </Parameter>
        <Parameter ParameterId="12" type="std:STRING(16)">
          <Attributes channel="none" download="true" offlineaccess="readwrite" onlineaccess="read" />
          <Default>'n.a.'</Default>
          <Name name="local:SerialNumber">SerialNumber</Name>
          <Description name="local:SerialNumber.Desc">SerialNumber of Device</Description>
        </Parameter>
        <Parameter ParameterId="16" type="std:BIT">
          <Attributes channel="input" />
          <Default />
          <Name name="local:SignalLED">Signal LED</Name>
          <Description name="local:SignalLED.Desc">If a DCP-Signal command is received, this Bit pulses for 3 s with a frequency of 1 Hz (500 ms on, 500 ms off). Use it to flash any LED or for an alternative signalization. </Description>
        </Parameter>
        <Parameter ParameterId="1879052288" type="std:UDINT">
          <Attributes download="false" offlineaccess="read" onlineaccess="read" channel="none" />
          <Default>16#03050A00</Default>
          <Name name="local:ConfigVersion">ConfigVersion</Name>
        </Parameter>
        <Parameter ParameterId="69632" type="local:PNDeviceSubmoduleType">
          <Attributes download="true" offlineaccess="read" onlineaccess="readwrite" />
          <Default>
            <Element name="SlotNumber">0</Element>
            <Element name="SubslotNumber">1</Element>
            <Element name="ModuleId">16#00000001</Element>
            <Element name="SubmoduleId">16#00000001</Element>
            <Element name="ProvidedDataLen">0</Element>
            <Element name="ConsumedDataLen">0</Element>
          </Default>
          <Name name="local:IDT_NAME_VS1">Submodule V1</Name>
        </Parameter>
        <Parameter ParameterId="69633" type="local:PNDeviceSubmoduleType">
          <Attributes download="true" offlineaccess="read" onlineaccess="readwrite" />
          <Default>
            <Element name="SlotNumber">0</Element>
            <Element name="SubslotNumber">32768</Element>
            <Element name="ModuleId">16#00000001</Element>
            <Element name="SubmoduleId">16#00001000</Element>
            <Element name="ProvidedDataLen">0</Element>
            <Element name="ConsumedDataLen">0</Element>
          </Default>
          <Name name="local:IDT_NAME_IS">I</Name>
        </Parameter>
        <Parameter ParameterId="69634" type="local:PNDeviceSubmoduleType">
          <Attributes download="true" offlineaccess="read" onlineaccess="readwrite" />
          <Default>
            <Element name="SlotNumber">0</Element>
            <Element name="SubslotNumber">32769</Element>
            <Element name="ModuleId">16#00000001</Element>
            <Element name="SubmoduleId">16#00001001</Element>
            <Element name="ProvidedDataLen">0</Element>
            <Element name="ConsumedDataLen">0</Element>
          </Default>
          <Name name="local:IDT_NAME_PS1">P1</Name>
        </Parameter>
        <Parameter ParameterId="1879048197" type="std:UINT">
          <Attributes channel="none" download="true" functional="false" offlineaccess="readwrite" onlineaccess="read" />
          <Default>2#0101</Default>
          <!--
					  Bit 0: Sort Mappings
					  Bit 1: reserved (Assemble Bits)
					  Bit 2: Byte - aggregate succeeding mappings with a size of Byte/8 Bits
					  Bit 3: GreaterByte - aggregate succeeding mappings with a size of 8 Bits or more (DPM- and Host-Byteorder have to be the same)
					-->
          <Name name="local:Id1879048197">IO-Channel Optimization</Name>
          <Description name="local:1879048197.Desc">IO-Channel Optimization (by Plugin)</Description>
        </Parameter>
        <Parameter ParameterId="300" type="local:DriverDiagT">
          <Attributes channel="diag" download="true" functional="false" offlineaccess="read" onlineaccess="read" />
          <Name name="local:DriverDiag">Driver Diag</Name>
          <Description name="local:DriverDiag.Desc">Profinet IO Device Driver diagnostic information</Description>
        </Parameter>
      </HostParameterSet>
    </Connector>
    <ExtendedSettings>
      <ts:TargetSettings>
        <ts:section name="library-management">
          <ts:section name="placeholder-libraries">
            <ts:setting name="IoDrvProfinetDevice" type="string" access="visible">
              <ts:value>IoDrvProfinetDevice, 3.5.10.0 (3S - Smart Software Solutions GmbH)</ts:value>
            </ts:setting>
            <ts:setting name="Profinet" type="string" access="visible">
              <ts:value>Profinet, 3.5.10.0 (3S - Smart Software Solutions GmbH)</ts:value>
            </ts:setting>
            <ts:setting name="ProfinetCommon" type="string" access="visible">
              <ts:value>ProfinetCommon, 3.5.10.0 (3S - Smart Software Solutions GmbH)</ts:value>
            </ts:setting>
            <ts:setting name="RPC" type="string" access="visible">
              <ts:value>Remote Procedure Calls, 3.5.10.0 (3S - Smart Software Solutions GmbH)</ts:value>
            </ts:setting>
          </ts:section>
        </ts:section>
      </ts:TargetSettings>
    </ExtendedSettings>
  </Device>
  <Modules>
    <Module showParamsInDevDescOrder="true">
      <ModuleId>IDM_1</ModuleId>
      <DeviceInfo>
        <Name name="local:IDT_NAME_M1">Input 8Bit</Name>
        <Description name="local:IDT_INFO_MIn">Module provides Controller Input-Data</Description>
        <Vendor name="local:vendorText">3S - Smart Software Solutions GmbH</Vendor>
        <OrderNumber>-</OrderNumber>
        <Icon name="local:moduleIcon">Module.ico</Icon>
        <Category>87</Category>
        <AdditionalFiles>
          <File name="local:NativeDeviceDescription" key="NativeDeviceDescription">GSDML-V2.32-3S - Smart Software Solutions GmbH-Codesys PLC-20160824.xml</File>
        </AdditionalFiles>
        <SubCategory name="local:IDT_CATEGORY_DI" TypeCategory="IDC_DI">Input</SubCategory>
      </DeviceInfo>
      <Connector moduleType="87" interface="PN-Device.0x02CC_0x1017" role="child" connectorId="0" hostpath="-1">
        <InterfaceName name="local:ProfinetDeviceModule">Profinet Device Module</InterfaceName>
        <Slot count="1" allowEmpty="false" />
        <HostParameterSet>
          <Parameter ParameterId="1879052288" type="std:UDINT">
            <Attributes download="false" offlineaccess="read" onlineaccess="read" channel="none" />
            <Default>16#03050A00</Default>
            <Name name="local:ConfigVersion">ConfigVersion</Name>
          </Parameter>
          <Parameter ParameterId="69632" type="local:PNDeviceSubmoduleType">
            <Attributes download="true" offlineaccess="read" onlineaccess="readwrite" />
            <Default>
              <Element name="SlotNumber">0</Element>
              <Element name="SubslotNumber">1</Element>
              <Element name="ModuleId">16#00001001</Element>
              <Element name="SubmoduleId">16#00001001</Element>
              <Element name="ProvidedDataLen">1</Element>
              <Element name="ConsumedDataLen">0</Element>
            </Default>
            <Name name="local:IDT_NAME_S">Submodule</Name>
          </Parameter>
          <Parameter ParameterId="81920" type="local:TUnsigned8">
            <Attributes channel="output" />
            <Default />
            <Name name="local:IDT_Input">Input Data</Name>
          </Parameter>
        </HostParameterSet>
      </Connector>
    </Module>
    <Module showParamsInDevDescOrder="true">
      <ModuleId>IDM_2</ModuleId>
      <DeviceInfo>
        <Name name="local:IDT_NAME_M2">Output 8Bit</Name>
        <Description name="local:IDT_INFO_MOut">Module consumes Controller Output-Data</Description>
        <Vendor name="local:vendorText">3S - Smart Software Solutions GmbH</Vendor>
        <OrderNumber>-</OrderNumber>
        <Icon name="local:moduleIcon">Module.ico</Icon>
        <Category>87</Category>
        <AdditionalFiles>
          <File name="local:NativeDeviceDescription" key="NativeDeviceDescription">GSDML-V2.32-3S - Smart Software Solutions GmbH-Codesys PLC-20160824.xml</File>
        </AdditionalFiles>
        <SubCategory name="local:IDT_CATEGORY_DO" TypeCategory="IDC_DO">Output</SubCategory>
      </DeviceInfo>
      <Connector moduleType="87" interface="PN-Device.0x02CC_0x1017" role="child" connectorId="0" hostpath="-1">
        <InterfaceName name="local:ProfinetDeviceModule">Profinet Device Module</InterfaceName>
        <Slot count="1" allowEmpty="false" />
        <HostParameterSet>
          <Parameter ParameterId="1879052288" type="std:UDINT">
            <Attributes download="false" offlineaccess="read" onlineaccess="read" channel="none" />
            <Default>16#03050A00</Default>
            <Name name="local:ConfigVersion">ConfigVersion</Name>
          </Parameter>
          <Parameter ParameterId="69632" type="local:PNDeviceSubmoduleType">
            <Attributes download="true" offlineaccess="read" onlineaccess="readwrite" />
            <Default>
              <Element name="SlotNumber">0</Element>
              <Element name="SubslotNumber">1</Element>
              <Element name="ModuleId">16#00001002</Element>
              <Element name="SubmoduleId">16#00001002</Element>
              <Element name="ProvidedDataLen">0</Element>
              <Element name="ConsumedDataLen">1</Element>
            </Default>
            <Name name="local:IDT_NAME_S">Submodule</Name>
          </Parameter>
          <Parameter ParameterId="77824" type="local:TUnsigned8">
            <Attributes channel="input" />
            <Default />
            <Name name="local:IDT_Output">Output Data</Name>
          </Parameter>
        </HostParameterSet>
      </Connector>
    </Module>
    <Module showParamsInDevDescOrder="true">
      <ModuleId>IDM_3</ModuleId>
      <DeviceInfo>
        <Name name="local:IDT_NAME_M3">InOut 8Bit</Name>
        <Description name="local:IDT_INFO_MInOut">Module with Input- and Output-Data</Description>
        <Vendor name="local:vendorText">3S - Smart Software Solutions GmbH</Vendor>
        <OrderNumber>-</OrderNumber>
        <Icon name="local:moduleIcon">Module.ico</Icon>
        <Category>87</Category>
        <AdditionalFiles>
          <File name="local:NativeDeviceDescription" key="NativeDeviceDescription">GSDML-V2.32-3S - Smart Software Solutions GmbH-Codesys PLC-20160824.xml</File>
        </AdditionalFiles>
        <SubCategory name="local:IDT_CATEGORY_DIO" TypeCategory="IDC_DIO">Input/Output</SubCategory>
      </DeviceInfo>
      <Connector moduleType="87" interface="PN-Device.0x02CC_0x1017" role="child" connectorId="0" hostpath="-1">
        <InterfaceName name="local:ProfinetDeviceModule">Profinet Device Module</InterfaceName>
        <Slot count="1" allowEmpty="false" />
        <HostParameterSet>
          <Parameter ParameterId="1879052288" type="std:UDINT">
            <Attributes download="false" offlineaccess="read" onlineaccess="read" channel="none" />
            <Default>16#03050A00</Default>
            <Name name="local:ConfigVersion">ConfigVersion</Name>
          </Parameter>
          <Parameter ParameterId="69632" type="local:PNDeviceSubmoduleType">
            <Attributes download="true" offlineaccess="read" onlineaccess="readwrite" />
            <Default>
              <Element name="SlotNumber">0</Element>
              <Element name="SubslotNumber">1</Element>
              <Element name="ModuleId">16#00001003</Element>
              <Element name="SubmoduleId">16#00001003</Element>
              <Element name="ProvidedDataLen">1</Element>
              <Element name="ConsumedDataLen">1</Element>
            </Default>
            <Name name="local:IDT_NAME_S">Submodule</Name>
          </Parameter>
          <Parameter ParameterId="81920" type="local:TUnsigned8">
            <Attributes channel="output" />
            <Default />
            <Name name="local:IDT_Input">Input Data</Name>
          </Parameter>
          <Parameter ParameterId="77824" type="local:TUnsigned8">
            <Attributes channel="input" />
            <Default />
            <Name name="local:IDT_Output">Output Data</Name>
          </Parameter>
        </HostParameterSet>
      </Connector>
    </Module>
    <Module showParamsInDevDescOrder="true">
      <ModuleId>IDM_64x3</ModuleId>
      <DeviceInfo>
        <Name name="local:IDT_NAME_M64x3">InOut 64 Byte</Name>
        <Description name="local:IDT_INFO_MInOut">Module with Input- and Output-Data</Description>
        <Vendor name="local:vendorText">3S - Smart Software Solutions GmbH</Vendor>
        <OrderNumber>-</OrderNumber>
        <Icon name="local:moduleIcon">Module.ico</Icon>
        <Category>87</Category>
        <AdditionalFiles>
          <File name="local:NativeDeviceDescription" key="NativeDeviceDescription">GSDML-V2.32-3S - Smart Software Solutions GmbH-Codesys PLC-20160824.xml</File>
        </AdditionalFiles>
        <SubCategory name="local:IDT_CATEGORY_DIO" TypeCategory="IDC_DIO">Input/Output</SubCategory>
      </DeviceInfo>
      <Connector moduleType="87" interface="PN-Device.0x02CC_0x1017" role="child" connectorId="0" hostpath="-1">
        <InterfaceName name="local:ProfinetDeviceModule">Profinet Device Module</InterfaceName>
        <Slot count="1" allowEmpty="false" />
        <HostParameterSet>
          <Parameter ParameterId="1879052288" type="std:UDINT">
            <Attributes download="false" offlineaccess="read" onlineaccess="read" channel="none" />
            <Default>16#03050A00</Default>
            <Name name="local:ConfigVersion">ConfigVersion</Name>
          </Parameter>
          <Parameter ParameterId="69632" type="local:PNDeviceSubmoduleType">
            <Attributes download="true" offlineaccess="read" onlineaccess="readwrite" />
            <Default>
              <Element name="SlotNumber">0</Element>
              <Element name="SubslotNumber">1</Element>
              <Element name="ModuleId">16#00001006</Element>
              <Element name="SubmoduleId">16#00001006</Element>
              <Element name="ProvidedDataLen">64</Element>
              <Element name="ConsumedDataLen">64</Element>
            </Default>
            <Name name="local:IDT_NAME_S">Submodule</Name>
          </Parameter>
          <Parameter ParameterId="81920" type="local:TARRAY_100">
            <Attributes channel="output" />
            <Default />
            <Name name="local:IDT_Input">Input Data</Name>
          </Parameter>
          <Parameter ParameterId="77824" type="local:TARRAY_100">
            <Attributes channel="input" />
            <Default />
            <Name name="local:IDT_Output">Output Data</Name>
          </Parameter>
        </HostParameterSet>
      </Connector>
    </Module>
    <Module showParamsInDevDescOrder="true">
      <ModuleId>IDM_11</ModuleId>
      <DeviceInfo>
        <Name name="local:IDT_NAME_M11">Input Unsigned32</Name>
        <Description name="local:IDT_INFO_MIn">Module provides Controller Input-Data</Description>
        <Vendor name="local:vendorText">3S - Smart Software Solutions GmbH</Vendor>
        <OrderNumber>-</OrderNumber>
        <Icon name="local:moduleIcon">Module.ico</Icon>
        <Category>87</Category>
        <AdditionalFiles>
          <File name="local:NativeDeviceDescription" key="NativeDeviceDescription">GSDML-V2.32-3S - Smart Software Solutions GmbH-Codesys PLC-20160824.xml</File>
        </AdditionalFiles>
        <SubCategory name="local:IDT_CATEGORY_DI" TypeCategory="IDC_DI">Input</SubCategory>
      </DeviceInfo>
      <Connector moduleType="87" interface="PN-Device.0x02CC_0x1017" role="child" connectorId="0" hostpath="-1">
        <InterfaceName name="local:ProfinetDeviceModule">Profinet Device Module</InterfaceName>
        <Slot count="1" allowEmpty="false" />
        <HostParameterSet>
          <Parameter ParameterId="1879052288" type="std:UDINT">
            <Attributes download="false" offlineaccess="read" onlineaccess="read" channel="none" />
            <Default>16#03050A00</Default>
            <Name name="local:ConfigVersion">ConfigVersion</Name>
          </Parameter>
          <Parameter ParameterId="69632" type="local:PNDeviceSubmoduleType">
            <Attributes download="true" offlineaccess="read" onlineaccess="readwrite" />
            <Default>
              <Element name="SlotNumber">0</Element>
              <Element name="SubslotNumber">1</Element>
              <Element name="ModuleId">16#00001011</Element>
              <Element name="SubmoduleId">16#00001011</Element>
              <Element name="ProvidedDataLen">4</Element>
              <Element name="ConsumedDataLen">0</Element>
            </Default>
            <Name name="local:IDT_NAME_S">Submodule</Name>
          </Parameter>
          <Parameter ParameterId="81920" type="std:UDINT">
            <Attributes channel="output" />
            <Default />
            <Name name="local:IDT_Input">Input Data</Name>
          </Parameter>
        </HostParameterSet>
      </Connector>
    </Module>
    <Module showParamsInDevDescOrder="true">
      <ModuleId>IDM_12</ModuleId>
      <DeviceInfo>
        <Name name="local:IDT_NAME_M12">Output Unsigned32</Name>
        <Description name="local:IDT_INFO_MOut">Module consumes Controller Output-Data</Description>
        <Vendor name="local:vendorText">3S - Smart Software Solutions GmbH</Vendor>
        <OrderNumber>-</OrderNumber>
        <Icon name="local:moduleIcon">Module.ico</Icon>
        <Category>87</Category>
        <AdditionalFiles>
          <File name="local:NativeDeviceDescription" key="NativeDeviceDescription">GSDML-V2.32-3S - Smart Software Solutions GmbH-Codesys PLC-20160824.xml</File>
        </AdditionalFiles>
        <SubCategory name="local:IDT_CATEGORY_DO" TypeCategory="IDC_DO">Output</SubCategory>
      </DeviceInfo>
      <Connector moduleType="87" interface="PN-Device.0x02CC_0x1017" role="child" connectorId="0" hostpath="-1">
        <InterfaceName name="local:ProfinetDeviceModule">Profinet Device Module</InterfaceName>
        <Slot count="1" allowEmpty="false" />
        <HostParameterSet>
          <Parameter ParameterId="1879052288" type="std:UDINT">
            <Attributes download="false" offlineaccess="read" onlineaccess="read" channel="none" />
            <Default>16#03050A00</Default>
            <Name name="local:ConfigVersion">ConfigVersion</Name>
          </Parameter>
          <Parameter ParameterId="69632" type="local:PNDeviceSubmoduleType">
            <Attributes download="true" offlineaccess="read" onlineaccess="readwrite" />
            <Default>
              <Element name="SlotNumber">0</Element>
              <Element name="SubslotNumber">1</Element>
              <Element name="ModuleId">16#00001012</Element>
              <Element name="SubmoduleId">16#00001012</Element>
              <Element name="ProvidedDataLen">0</Element>
              <Element name="ConsumedDataLen">4</Element>
            </Default>
            <Name name="local:IDT_NAME_S">Submodule</Name>
          </Parameter>
          <Parameter ParameterId="77824" type="std:UDINT">
            <Attributes channel="input" />
            <Default />
            <Name name="local:IDT_Output">Output Data</Name>
          </Parameter>
        </HostParameterSet>
      </Connector>
    </Module>
    <Module showParamsInDevDescOrder="true">
      <ModuleId>IDM_13</ModuleId>
      <DeviceInfo>
        <Name name="local:IDT_NAME_M13">InOut Unsigned32</Name>
        <Description name="local:IDT_INFO_MInOut">Module with Input- and Output-Data</Description>
        <Vendor name="local:vendorText">3S - Smart Software Solutions GmbH</Vendor>
        <OrderNumber>-</OrderNumber>
        <Icon name="local:moduleIcon">Module.ico</Icon>
        <Category>87</Category>
        <AdditionalFiles>
          <File name="local:NativeDeviceDescription" key="NativeDeviceDescription">GSDML-V2.32-3S - Smart Software Solutions GmbH-Codesys PLC-20160824.xml</File>
        </AdditionalFiles>
        <SubCategory name="local:IDT_CATEGORY_DIO" TypeCategory="IDC_DIO">Input/Output</SubCategory>
      </DeviceInfo>
      <Connector moduleType="87" interface="PN-Device.0x02CC_0x1017" role="child" connectorId="0" hostpath="-1">
        <InterfaceName name="local:ProfinetDeviceModule">Profinet Device Module</InterfaceName>
        <Slot count="1" allowEmpty="false" />
        <HostParameterSet>
          <Parameter ParameterId="1879052288" type="std:UDINT">
            <Attributes download="false" offlineaccess="read" onlineaccess="read" channel="none" />
            <Default>16#03050A00</Default>
            <Name name="local:ConfigVersion">ConfigVersion</Name>
          </Parameter>
          <Parameter ParameterId="69632" type="local:PNDeviceSubmoduleType">
            <Attributes download="true" offlineaccess="read" onlineaccess="readwrite" />
            <Default>
              <Element name="SlotNumber">0</Element>
              <Element name="SubslotNumber">1</Element>
              <Element name="ModuleId">16#00001013</Element>
              <Element name="SubmoduleId">16#00001013</Element>
              <Element name="ProvidedDataLen">4</Element>
              <Element name="ConsumedDataLen">4</Element>
            </Default>
            <Name name="local:IDT_NAME_S">Submodule</Name>
          </Parameter>
          <Parameter ParameterId="81920" type="std:UDINT">
            <Attributes channel="output" />
            <Default />
            <Name name="local:IDT_Input">Input Data</Name>
          </Parameter>
          <Parameter ParameterId="77824" type="std:UDINT">
            <Attributes channel="input" />
            <Default />
            <Name name="local:IDT_Output">Output Data</Name>
          </Parameter>
        </HostParameterSet>
      </Connector>
    </Module>
    <Module showParamsInDevDescOrder="true">
      <ModuleId>IDM_8x11</ModuleId>
      <DeviceInfo>
        <Name name="local:IDT_NAME_M8x11">Input Unsigned32*8</Name>
        <Description name="local:IDT_INFO_MIn">Module provides Controller Input-Data</Description>
        <Vendor name="local:vendorText">3S - Smart Software Solutions GmbH</Vendor>
        <OrderNumber>-</OrderNumber>
        <Icon name="local:moduleIcon">Module.ico</Icon>
        <Category>87</Category>
        <AdditionalFiles>
          <File name="local:NativeDeviceDescription" key="NativeDeviceDescription">GSDML-V2.32-3S - Smart Software Solutions GmbH-Codesys PLC-20160824.xml</File>
        </AdditionalFiles>
        <SubCategory name="local:IDT_CATEGORY_DI" TypeCategory="IDC_DI">Input</SubCategory>
      </DeviceInfo>
      <Connector moduleType="87" interface="PN-Device.0x02CC_0x1017" role="child" connectorId="0" hostpath="-1">
        <InterfaceName name="local:ProfinetDeviceModule">Profinet Device Module</InterfaceName>
        <Slot count="1" allowEmpty="false" />
        <HostParameterSet>
          <Parameter ParameterId="1879052288" type="std:UDINT">
            <Attributes download="false" offlineaccess="read" onlineaccess="read" channel="none" />
            <Default>16#03050A00</Default>
            <Name name="local:ConfigVersion">ConfigVersion</Name>
          </Parameter>
          <Parameter ParameterId="69632" type="local:PNDeviceSubmoduleType">
            <Attributes download="true" offlineaccess="read" onlineaccess="readwrite" />
            <Default>
              <Element name="SlotNumber">0</Element>
              <Element name="SubslotNumber">1</Element>
              <Element name="ModuleId">16#00001811</Element>
              <Element name="SubmoduleId">16#00001811</Element>
              <Element name="ProvidedDataLen">32</Element>
              <Element name="ConsumedDataLen">0</Element>
            </Default>
            <Name name="local:IDT_NAME_S">Submodule</Name>
          </Parameter>
          <Parameter ParameterId="81920" type="local:IOType_0">
            <Attributes channel="output" />
            <Default />
            <Name name="local:InputData">Input Data</Name>
          </Parameter>
        </HostParameterSet>
      </Connector>
    </Module>
    <Module showParamsInDevDescOrder="true">
      <ModuleId>IDM_8x12</ModuleId>
      <DeviceInfo>
        <Name name="local:IDT_NAME_M8x12">Output Unsigned32*8</Name>
        <Description name="local:IDT_INFO_MOut">Module consumes Controller Output-Data</Description>
        <Vendor name="local:vendorText">3S - Smart Software Solutions GmbH</Vendor>
        <OrderNumber>-</OrderNumber>
        <Icon name="local:moduleIcon">Module.ico</Icon>
        <Category>87</Category>
        <AdditionalFiles>
          <File name="local:NativeDeviceDescription" key="NativeDeviceDescription">GSDML-V2.32-3S - Smart Software Solutions GmbH-Codesys PLC-20160824.xml</File>
        </AdditionalFiles>
        <SubCategory name="local:IDT_CATEGORY_DO" TypeCategory="IDC_DO">Output</SubCategory>
      </DeviceInfo>
      <Connector moduleType="87" interface="PN-Device.0x02CC_0x1017" role="child" connectorId="0" hostpath="-1">
        <InterfaceName name="local:ProfinetDeviceModule">Profinet Device Module</InterfaceName>
        <Slot count="1" allowEmpty="false" />
        <HostParameterSet>
          <Parameter ParameterId="1879052288" type="std:UDINT">
            <Attributes download="false" offlineaccess="read" onlineaccess="read" channel="none" />
            <Default>16#03050A00</Default>
            <Name name="local:ConfigVersion">ConfigVersion</Name>
          </Parameter>
          <Parameter ParameterId="69632" type="local:PNDeviceSubmoduleType">
            <Attributes download="true" offlineaccess="read" onlineaccess="readwrite" />
            <Default>
              <Element name="SlotNumber">0</Element>
              <Element name="SubslotNumber">1</Element>
              <Element name="ModuleId">16#00001812</Element>
              <Element name="SubmoduleId">16#00001812</Element>
              <Element name="ProvidedDataLen">0</Element>
              <Element name="ConsumedDataLen">32</Element>
            </Default>
            <Name name="local:IDT_NAME_S">Submodule</Name>
          </Parameter>
          <Parameter ParameterId="77824" type="local:IOType_1">
            <Attributes channel="input" />
            <Default />
            <Name name="local:OutputData">Output Data</Name>
          </Parameter>
        </HostParameterSet>
      </Connector>
    </Module>
    <Module showParamsInDevDescOrder="true">
      <ModuleId>IDM_8x13</ModuleId>
      <DeviceInfo>
        <Name name="local:IDT_NAME_M8x13">InOut Unsigned32*8</Name>
        <Description name="local:IDT_INFO_MInOut">Module with Input- and Output-Data</Description>
        <Vendor name="local:vendorText">3S - Smart Software Solutions GmbH</Vendor>
        <OrderNumber>-</OrderNumber>
        <Icon name="local:moduleIcon">Module.ico</Icon>
        <Category>87</Category>
        <AdditionalFiles>
          <File name="local:NativeDeviceDescription" key="NativeDeviceDescription">GSDML-V2.32-3S - Smart Software Solutions GmbH-Codesys PLC-20160824.xml</File>
        </AdditionalFiles>
        <SubCategory name="local:IDT_CATEGORY_DIO" TypeCategory="IDC_DIO">Input/Output</SubCategory>
      </DeviceInfo>
      <Connector moduleType="87" interface="PN-Device.0x02CC_0x1017" role="child" connectorId="0" hostpath="-1">
        <InterfaceName name="local:ProfinetDeviceModule">Profinet Device Module</InterfaceName>
        <Slot count="1" allowEmpty="false" />
        <HostParameterSet>
          <Parameter ParameterId="1879052288" type="std:UDINT">
            <Attributes download="false" offlineaccess="read" onlineaccess="read" channel="none" />
            <Default>16#03050A00</Default>
            <Name name="local:ConfigVersion">ConfigVersion</Name>
          </Parameter>
          <Parameter ParameterId="69632" type="local:PNDeviceSubmoduleType">
            <Attributes download="true" offlineaccess="read" onlineaccess="readwrite" />
            <Default>
              <Element name="SlotNumber">0</Element>
              <Element name="SubslotNumber">1</Element>
              <Element name="ModuleId">16#00001813</Element>
              <Element name="SubmoduleId">16#00001813</Element>
              <Element name="ProvidedDataLen">32</Element>
              <Element name="ConsumedDataLen">32</Element>
            </Default>
            <Name name="local:IDT_NAME_S">Submodule</Name>
          </Parameter>
          <Parameter ParameterId="81920" type="local:IOType_0">
            <Attributes channel="output" />
            <Default />
            <Name name="local:InputData">Input Data</Name>
          </Parameter>
          <Parameter ParameterId="77824" type="local:IOType_1">
            <Attributes channel="input" />
            <Default />
            <Name name="local:OutputData">Output Data</Name>
          </Parameter>
        </HostParameterSet>
      </Connector>
    </Module>
    <Module showParamsInDevDescOrder="true">
      <ModuleId>IDM_21</ModuleId>
      <DeviceInfo>
        <Name name="local:IDT_NAME_M21">Input Float32</Name>
        <Description name="local:IDT_INFO_MIn">Module provides Controller Input-Data</Description>
        <Vendor name="local:vendorText">3S - Smart Software Solutions GmbH</Vendor>
        <OrderNumber>-</OrderNumber>
        <Icon name="local:moduleIcon">Module.ico</Icon>
        <Category>87</Category>
        <AdditionalFiles>
          <File name="local:NativeDeviceDescription" key="NativeDeviceDescription">GSDML-V2.32-3S - Smart Software Solutions GmbH-Codesys PLC-20160824.xml</File>
        </AdditionalFiles>
        <SubCategory name="local:IDT_CATEGORY_DI" TypeCategory="IDC_DI">Input</SubCategory>
      </DeviceInfo>
      <Connector moduleType="87" interface="PN-Device.0x02CC_0x1017" role="child" connectorId="0" hostpath="-1">
        <InterfaceName name="local:ProfinetDeviceModule">Profinet Device Module</InterfaceName>
        <Slot count="1" allowEmpty="false" />
        <HostParameterSet>
          <Parameter ParameterId="1879052288" type="std:UDINT">
            <Attributes download="false" offlineaccess="read" onlineaccess="read" channel="none" />
            <Default>16#03050A00</Default>
            <Name name="local:ConfigVersion">ConfigVersion</Name>
          </Parameter>
          <Parameter ParameterId="69632" type="local:PNDeviceSubmoduleType">
            <Attributes download="true" offlineaccess="read" onlineaccess="readwrite" />
            <Default>
              <Element name="SlotNumber">0</Element>
              <Element name="SubslotNumber">1</Element>
              <Element name="ModuleId">16#00001021</Element>
              <Element name="SubmoduleId">16#00001021</Element>
              <Element name="ProvidedDataLen">4</Element>
              <Element name="ConsumedDataLen">0</Element>
            </Default>
            <Name name="local:IDT_NAME_S">Submodule</Name>
          </Parameter>
          <Parameter ParameterId="81920" type="std:REAL">
            <Attributes channel="output" />
            <Default />
            <Name name="local:IDT_Input">Input Data</Name>
          </Parameter>
        </HostParameterSet>
      </Connector>
    </Module>
    <Module showParamsInDevDescOrder="true">
      <ModuleId>IDM_22</ModuleId>
      <DeviceInfo>
        <Name name="local:IDT_NAME_M22">Output Float32</Name>
        <Description name="local:IDT_INFO_MOut">Module consumes Controller Output-Data</Description>
        <Vendor name="local:vendorText">3S - Smart Software Solutions GmbH</Vendor>
        <OrderNumber>-</OrderNumber>
        <Icon name="local:moduleIcon">Module.ico</Icon>
        <Category>87</Category>
        <AdditionalFiles>
          <File name="local:NativeDeviceDescription" key="NativeDeviceDescription">GSDML-V2.32-3S - Smart Software Solutions GmbH-Codesys PLC-20160824.xml</File>
        </AdditionalFiles>
        <SubCategory name="local:IDT_CATEGORY_DO" TypeCategory="IDC_DO">Output</SubCategory>
      </DeviceInfo>
      <Connector moduleType="87" interface="PN-Device.0x02CC_0x1017" role="child" connectorId="0" hostpath="-1">
        <InterfaceName name="local:ProfinetDeviceModule">Profinet Device Module</InterfaceName>
        <Slot count="1" allowEmpty="false" />
        <HostParameterSet>
          <Parameter ParameterId="1879052288" type="std:UDINT">
            <Attributes download="false" offlineaccess="read" onlineaccess="read" channel="none" />
            <Default>16#03050A00</Default>
            <Name name="local:ConfigVersion">ConfigVersion</Name>
          </Parameter>
          <Parameter ParameterId="69632" type="local:PNDeviceSubmoduleType">
            <Attributes download="true" offlineaccess="read" onlineaccess="readwrite" />
            <Default>
              <Element name="SlotNumber">0</Element>
              <Element name="SubslotNumber">1</Element>
              <Element name="ModuleId">16#00001022</Element>
              <Element name="SubmoduleId">16#00001022</Element>
              <Element name="ProvidedDataLen">0</Element>
              <Element name="ConsumedDataLen">4</Element>
            </Default>
            <Name name="local:IDT_NAME_S">Submodule</Name>
          </Parameter>
          <Parameter ParameterId="77824" type="std:REAL">
            <Attributes channel="input" />
            <Default />
            <Name name="local:IDT_Output">Output Data</Name>
          </Parameter>
        </HostParameterSet>
      </Connector>
    </Module>
    <Module showParamsInDevDescOrder="true">
      <ModuleId>IDM_23</ModuleId>
      <DeviceInfo>
        <Name name="local:IDT_NAME_M23">InOut Float32</Name>
        <Description name="local:IDT_INFO_MInOut">Module with Input- and Output-Data</Description>
        <Vendor name="local:vendorText">3S - Smart Software Solutions GmbH</Vendor>
        <OrderNumber>-</OrderNumber>
        <Icon name="local:moduleIcon">Module.ico</Icon>
        <Category>87</Category>
        <AdditionalFiles>
          <File name="local:NativeDeviceDescription" key="NativeDeviceDescription">GSDML-V2.32-3S - Smart Software Solutions GmbH-Codesys PLC-20160824.xml</File>
        </AdditionalFiles>
        <SubCategory name="local:IDT_CATEGORY_DIO" TypeCategory="IDC_DIO">Input/Output</SubCategory>
      </DeviceInfo>
      <Connector moduleType="87" interface="PN-Device.0x02CC_0x1017" role="child" connectorId="0" hostpath="-1">
        <InterfaceName name="local:ProfinetDeviceModule">Profinet Device Module</InterfaceName>
        <Slot count="1" allowEmpty="false" />
        <HostParameterSet>
          <Parameter ParameterId="1879052288" type="std:UDINT">
            <Attributes download="false" offlineaccess="read" onlineaccess="read" channel="none" />
            <Default>16#03050A00</Default>
            <Name name="local:ConfigVersion">ConfigVersion</Name>
          </Parameter>
          <Parameter ParameterId="69632" type="local:PNDeviceSubmoduleType">
            <Attributes download="true" offlineaccess="read" onlineaccess="readwrite" />
            <Default>
              <Element name="SlotNumber">0</Element>
              <Element name="SubslotNumber">1</Element>
              <Element name="ModuleId">16#00001023</Element>
              <Element name="SubmoduleId">16#00001023</Element>
              <Element name="ProvidedDataLen">4</Element>
              <Element name="ConsumedDataLen">4</Element>
            </Default>
            <Name name="local:IDT_NAME_S">Submodule</Name>
          </Parameter>
          <Parameter ParameterId="81920" type="std:REAL">
            <Attributes channel="output" />
            <Default />
            <Name name="local:IDT_Input">Input Data</Name>
          </Parameter>
          <Parameter ParameterId="77824" type="std:REAL">
            <Attributes channel="input" />
            <Default />
            <Name name="local:IDT_Output">Output Data</Name>
          </Parameter>
        </HostParameterSet>
      </Connector>
    </Module>
    <Module showParamsInDevDescOrder="true">
      <ModuleId>IDM_8x21</ModuleId>
      <DeviceInfo>
        <Name name="local:IDT_NAME_M8x21">Input Float32*8</Name>
        <Description name="local:IDT_INFO_MIn">Module provides Controller Input-Data</Description>
        <Vendor name="local:vendorText">3S - Smart Software Solutions GmbH</Vendor>
        <OrderNumber>-</OrderNumber>
        <Icon name="local:moduleIcon">Module.ico</Icon>
        <Category>87</Category>
        <AdditionalFiles>
          <File name="local:NativeDeviceDescription" key="NativeDeviceDescription">GSDML-V2.32-3S - Smart Software Solutions GmbH-Codesys PLC-20160824.xml</File>
        </AdditionalFiles>
        <SubCategory name="local:IDT_CATEGORY_DI" TypeCategory="IDC_DI">Input</SubCategory>
      </DeviceInfo>
      <Connector moduleType="87" interface="PN-Device.0x02CC_0x1017" role="child" connectorId="0" hostpath="-1">
        <InterfaceName name="local:ProfinetDeviceModule">Profinet Device Module</InterfaceName>
        <Slot count="1" allowEmpty="false" />
        <HostParameterSet>
          <Parameter ParameterId="1879052288" type="std:UDINT">
            <Attributes download="false" offlineaccess="read" onlineaccess="read" channel="none" />
            <Default>16#03050A00</Default>
            <Name name="local:ConfigVersion">ConfigVersion</Name>
          </Parameter>
          <Parameter ParameterId="69632" type="local:PNDeviceSubmoduleType">
            <Attributes download="true" offlineaccess="read" onlineaccess="readwrite" />
            <Default>
              <Element name="SlotNumber">0</Element>
              <Element name="SubslotNumber">1</Element>
              <Element name="ModuleId">16#00002811</Element>
              <Element name="SubmoduleId">16#00002811</Element>
              <Element name="ProvidedDataLen">32</Element>
              <Element name="ConsumedDataLen">0</Element>
            </Default>
            <Name name="local:IDT_NAME_S">Submodule</Name>
          </Parameter>
          <Parameter ParameterId="81920" type="local:IOType_2">
            <Attributes channel="output" />
            <Default />
            <Name name="local:InputData">Input Data</Name>
          </Parameter>
        </HostParameterSet>
      </Connector>
    </Module>
    <Module showParamsInDevDescOrder="true">
      <ModuleId>IDM_8x22</ModuleId>
      <DeviceInfo>
        <Name name="local:IDT_NAME_M8x22">Output Float32*8</Name>
        <Description name="local:IDT_INFO_MOut">Module consumes Controller Output-Data</Description>
        <Vendor name="local:vendorText">3S - Smart Software Solutions GmbH</Vendor>
        <OrderNumber>-</OrderNumber>
        <Icon name="local:moduleIcon">Module.ico</Icon>
        <Category>87</Category>
        <AdditionalFiles>
          <File name="local:NativeDeviceDescription" key="NativeDeviceDescription">GSDML-V2.32-3S - Smart Software Solutions GmbH-Codesys PLC-20160824.xml</File>
        </AdditionalFiles>
        <SubCategory name="local:IDT_CATEGORY_DO" TypeCategory="IDC_DO">Output</SubCategory>
      </DeviceInfo>
      <Connector moduleType="87" interface="PN-Device.0x02CC_0x1017" role="child" connectorId="0" hostpath="-1">
        <InterfaceName name="local:ProfinetDeviceModule">Profinet Device Module</InterfaceName>
        <Slot count="1" allowEmpty="false" />
        <HostParameterSet>
          <Parameter ParameterId="1879052288" type="std:UDINT">
            <Attributes download="false" offlineaccess="read" onlineaccess="read" channel="none" />
            <Default>16#03050A00</Default>
            <Name name="local:ConfigVersion">ConfigVersion</Name>
          </Parameter>
          <Parameter ParameterId="69632" type="local:PNDeviceSubmoduleType">
            <Attributes download="true" offlineaccess="read" onlineaccess="readwrite" />
            <Default>
              <Element name="SlotNumber">0</Element>
              <Element name="SubslotNumber">1</Element>
              <Element name="ModuleId">16#00001822</Element>
              <Element name="SubmoduleId">16#00001822</Element>
              <Element name="ProvidedDataLen">0</Element>
              <Element name="ConsumedDataLen">32</Element>
            </Default>
            <Name name="local:IDT_NAME_S">Submodule</Name>
          </Parameter>
          <Parameter ParameterId="77824" type="local:IOType_3">
            <Attributes channel="input" />
            <Default />
            <Name name="local:OutputData">Output Data</Name>
          </Parameter>
        </HostParameterSet>
      </Connector>
    </Module>
    <Module showParamsInDevDescOrder="true">
      <ModuleId>IDM_8x23</ModuleId>
      <DeviceInfo>
        <Name name="local:IDT_NAME_M8x23">InOut Float32*8</Name>
        <Description name="local:IDT_INFO_MInOut">Module with Input- and Output-Data</Description>
        <Vendor name="local:vendorText">3S - Smart Software Solutions GmbH</Vendor>
        <OrderNumber>-</OrderNumber>
        <Icon name="local:moduleIcon">Module.ico</Icon>
        <Category>87</Category>
        <AdditionalFiles>
          <File name="local:NativeDeviceDescription" key="NativeDeviceDescription">GSDML-V2.32-3S - Smart Software Solutions GmbH-Codesys PLC-20160824.xml</File>
        </AdditionalFiles>
        <SubCategory name="local:IDT_CATEGORY_DIO" TypeCategory="IDC_DIO">Input/Output</SubCategory>
      </DeviceInfo>
      <Connector moduleType="87" interface="PN-Device.0x02CC_0x1017" role="child" connectorId="0" hostpath="-1">
        <InterfaceName name="local:ProfinetDeviceModule">Profinet Device Module</InterfaceName>
        <Slot count="1" allowEmpty="false" />
        <HostParameterSet>
          <Parameter ParameterId="1879052288" type="std:UDINT">
            <Attributes download="false" offlineaccess="read" onlineaccess="read" channel="none" />
            <Default>16#03050A00</Default>
            <Name name="local:ConfigVersion">ConfigVersion</Name>
          </Parameter>
          <Parameter ParameterId="69632" type="local:PNDeviceSubmoduleType">
            <Attributes download="true" offlineaccess="read" onlineaccess="readwrite" />
            <Default>
              <Element name="SlotNumber">0</Element>
              <Element name="SubslotNumber">1</Element>
              <Element name="ModuleId">16#00001823</Element>
              <Element name="SubmoduleId">16#00001823</Element>
              <Element name="ProvidedDataLen">32</Element>
              <Element name="ConsumedDataLen">32</Element>
            </Default>
            <Name name="local:IDT_NAME_S">Submodule</Name>
          </Parameter>
          <Parameter ParameterId="81920" type="local:IOType_2">
            <Attributes channel="output" />
            <Default />
            <Name name="local:InputData">Input Data</Name>
          </Parameter>
          <Parameter ParameterId="77824" type="local:IOType_3">
            <Attributes channel="input" />
            <Default />
            <Name name="local:OutputData">Output Data</Name>
          </Parameter>
        </HostParameterSet>
      </Connector>
    </Module>
    <Module showParamsInDevDescOrder="true">
      <ModuleId>IDM_83</ModuleId>
      <DeviceInfo>
        <Name name="local:IDT_NAME_M83">InOut Structured</Name>
        <Description name="local:IDT_INFO_MInOut">Module with Input- and Output-Data</Description>
        <Vendor name="local:vendorText">3S - Smart Software Solutions GmbH</Vendor>
        <OrderNumber>-</OrderNumber>
        <Icon name="local:moduleIcon">Module.ico</Icon>
        <Category>87</Category>
        <AdditionalFiles>
          <File name="local:NativeDeviceDescription" key="NativeDeviceDescription">GSDML-V2.32-3S - Smart Software Solutions GmbH-Codesys PLC-20160824.xml</File>
        </AdditionalFiles>
        <SubCategory name="local:IDT_CATEGORY_DIO" TypeCategory="IDC_DIO">Input/Output</SubCategory>
      </DeviceInfo>
      <Connector moduleType="87" interface="PN-Device.0x02CC_0x1017" role="child" connectorId="0" hostpath="-1">
        <InterfaceName name="local:ProfinetDeviceModule">Profinet Device Module</InterfaceName>
        <Slot count="1" allowEmpty="false" />
        <HostParameterSet>
          <Parameter ParameterId="1879052288" type="std:UDINT">
            <Attributes download="false" offlineaccess="read" onlineaccess="read" channel="none" />
            <Default>16#03050A00</Default>
            <Name name="local:ConfigVersion">ConfigVersion</Name>
          </Parameter>
          <Parameter ParameterId="69632" type="local:PNDeviceSubmoduleType">
            <Attributes download="true" offlineaccess="read" onlineaccess="readwrite" />
            <Default>
              <Element name="SlotNumber">0</Element>
              <Element name="SubslotNumber">1</Element>
              <Element name="ModuleId">16#00001083</Element>
              <Element name="SubmoduleId">16#00001083</Element>
              <Element name="ProvidedDataLen">16</Element>
              <Element name="ConsumedDataLen">16</Element>
            </Default>
            <Name name="local:IDT_NAME_S">Submodule</Name>
          </Parameter>
          <Parameter ParameterId="81920" type="local:IOType_4">
            <Attributes channel="output" />
            <Default />
            <Name name="local:InputData">Input Data</Name>
          </Parameter>
          <Parameter ParameterId="77824" type="local:IOType_5">
            <Attributes channel="input" />
            <Default />
            <Name name="local:OutputData">Output Data</Name>
          </Parameter>
        </HostParameterSet>
      </Connector>
    </Module>
  </Modules>
</DeviceDescription>