<?xml version="1.0" encoding="iso-8859-1"?>
<!-- A small example. May be used as a template for own development. Nothing special. -->
<ISO15745Profile xmlns="http://www.profibus.com/GSDML/2003/11/DeviceProfile" xmlns:xsi="http://www.w3.org/2001/XMLSchema-instance" xsi:schemaLocation="http://www.profibus.com/GSDML/2003/11/DeviceProfile ..\xsd\GSDML-DeviceProfile-V2.32.xsd">
	<!-- ProfileHeader definition as defined in ISO 15745-1. Please do not change the content. -->
	<ProfileHeader>
		<ProfileIdentification>PROFINET Device Profile</ProfileIdentification>
		<ProfileRevision>1.00</ProfileRevision>
		<ProfileName>Device Profile for PROFINET Devices</ProfileName>
		<ProfileSource>PROFIBUS Nutzerorganisation e. V. (PNO)</ProfileSource>
		<ProfileClassID>Device</ProfileClassID>
		<ISO15745Reference>
			<ISO15745Part>4</ISO15745Part>
			<ISO15745Edition>1</ISO15745Edition>
			<ProfileTechnology>GSDML</ProfileTechnology>
		</ISO15745Reference>
	</ProfileHeader>
	<ProfileBody>
		<DeviceIdentity VendorID="0x02CC" DeviceID="0x1017">
			<InfoText TextId="IDT_INFO_Device"/>
			<VendorName Value="3S - Smart Software Solutions GmbH"/>
		</DeviceIdentity>
		<DeviceFunction>
			<Family MainFamily="I/O" ProductFamily="CODESYS PLC"/>
		</DeviceFunction>
		<ApplicationProcess>
			<DeviceAccessPointList>
				<DeviceAccessPointItem ID="IDD_1" PNIO_Version="V2.31" PhysicalSlots="0..64" ModuleIdentNumber="0x00000001" MinDeviceInterval="64" DNS_CompatibleName="PN-Device" FixedInSlots="0" ObjectUUID_LocalIndex="1" MultipleWriteSupported="true" RequiredSchemaVersion="V2.1" DeviceAccessSupported="false" CheckDeviceID_Allowed="true" NameOfStationNotTransferable="false" LLDP_NoD_Supported="true" ResetToFactoryModes="2 4">
					<ModuleInfo>
						<Name TextId="IDT_NAME_DAP1"/>
						<InfoText TextId="IDT_INFO_DAP1"/>
						<VendorName Value="3S - Smart Software Solutions GmbH"/>
						<OrderNumber Value="-"/>
					</ModuleInfo>
					<CertificationInfo ConformanceClass="A" ApplicationClass="" NetloadClass="I"/>
					<!--SubslotList>
						<SubslotItem SubslotNumber="1" TextId="IDT_SUBSLOT_1"/>
						<SubslotItem SubslotNumber="32768" TextId="IDT_SUBSLOT_Interface"/>
						<SubslotItem SubslotNumber="32769" TextId="IDT_SUBSLOT_Port1"/>
						<SubslotItem SubslotNumber="32770" TextId="IDT_SUBSLOT_Port2"/>
					</SubslotList-->
					<IOConfigData MaxInputLength="1440" MaxOutputLength="1440" MaxDataLength="2880"/>
					<UseableModules>
						<ModuleItemRef ModuleItemTarget="IDM_1" AllowedInSlots="1..64"/>
						<ModuleItemRef ModuleItemTarget="IDM_2" AllowedInSlots="1..64"/>
						<ModuleItemRef ModuleItemTarget="IDM_3" AllowedInSlots="1..64"/>
						<ModuleItemRef ModuleItemTarget="IDM_64x3" AllowedInSlots="1..64"/>
						<ModuleItemRef ModuleItemTarget="IDM_11" AllowedInSlots="1..64"/>
						<ModuleItemRef ModuleItemTarget="IDM_12" AllowedInSlots="1..64"/>
						<ModuleItemRef ModuleItemTarget="IDM_13" AllowedInSlots="1..64"/>	
						<ModuleItemRef ModuleItemTarget="IDM_8x11" AllowedInSlots="1..64"/>
						<ModuleItemRef ModuleItemTarget="IDM_8x12" AllowedInSlots="1..64"/>
						<ModuleItemRef ModuleItemTarget="IDM_8x13" AllowedInSlots="1..64"/>	
						<ModuleItemRef ModuleItemTarget="IDM_21" AllowedInSlots="1..64"/>
						<ModuleItemRef ModuleItemTarget="IDM_22" AllowedInSlots="1..64"/>
						<ModuleItemRef ModuleItemTarget="IDM_23" AllowedInSlots="1..64"/>	
						<ModuleItemRef ModuleItemTarget="IDM_8x21" AllowedInSlots="1..64"/>
						<ModuleItemRef ModuleItemTarget="IDM_8x22" AllowedInSlots="1..64"/>
						<ModuleItemRef ModuleItemTarget="IDM_8x23" AllowedInSlots="1..64"/>	
						<ModuleItemRef ModuleItemTarget="IDM_83" AllowedInSlots="1..64"/>						
					</UseableModules>
					<VirtualSubmoduleList>
						<VirtualSubmoduleItem ID="IDS_V1" SubmoduleIdentNumber="0x00000001" MayIssueProcessAlarm="false" Writeable_IM_Records="1 2 3">
							<IOData/>
							<!--
							<RecordDataList>
								<ParameterRecordDataItem Index="1" Length="2">
									<Name TextId="IDT_RECORD_NAME_Head"/>
									<Const Data="0x04"/>
									<Ref DataType="Unsigned8" ByteOffset="1" DefaultValue="0" AllowedValues="0..99" Changeable="true" Visible="true" TextId="IDT_REF_Power"/>
								</ParameterRecordDataItem>
							</RecordDataList>
							-->
							<ModuleInfo>
								<Name TextId="IDT_NAME_VS1"/>
								<InfoText TextId="IDT_INFO_VS1"/>
							</ModuleInfo>
						</VirtualSubmoduleItem>
					</VirtualSubmoduleList>
					<SystemDefinedSubmoduleList>
						<InterfaceSubmoduleItem ID="IDS_I" SubmoduleIdentNumber="0x00001000" SubslotNumber="32768" TextId="IDT_NAME_IS" SupportedRT_Classes="RT_CLASS_1" SupportedProtocols="SNMP;LLDP" SupportedMibs="MIB2" PTP_BoundarySupported="true" DCP_BoundarySupported="true">
						   <ApplicationRelations StartupMode="Advanced;Legacy" >
								<TimingProperties SendClock="32" ReductionRatio="1 2 4 8 16 32 64 128 256 512"/>
							</ApplicationRelations>
						</InterfaceSubmoduleItem>
						<PortSubmoduleItem ID="IDS_P1" SubmoduleIdentNumber="0x00001001" SubslotNumber="32769" TextId="IDT_NAME_PS1" MaxPortRxDelay="350" MaxPortTxDelay="160">
							<MAUTypeList>
								<MAUTypeItem Value="16"/>
							</MAUTypeList>						
						</PortSubmoduleItem>
					</SystemDefinedSubmoduleList>
				</DeviceAccessPointItem>
			</DeviceAccessPointList>

			<ModuleList>
				<!-- 8 Bit Modules--> 
				<ModuleItem ID="IDM_1" ModuleIdentNumber="0x00001001">
					<ModuleInfo CategoryRef="IDC_DI">
						<Name TextId="IDT_NAME_M1"/>
						<InfoText TextId="IDT_INFO_MIn"/>
						<OrderNumber Value="-"/>
					</ModuleInfo>
					<VirtualSubmoduleList>
						<VirtualSubmoduleItem ID="IDS_1" SubmoduleIdentNumber="0x00001001" MayIssueProcessAlarm="false">
							<IOData>
								<Input>
									<DataItem DataType="Unsigned8" UseAsBits="true" TextId="IDT_Input"/>
								</Input>
							</IOData>
							<ModuleInfo>
								<Name TextId="IDT_NAME_S"/>
								<InfoText TextId="IDT_INFO_S"/>
								<OrderNumber Value="-"/>
							</ModuleInfo>
						</VirtualSubmoduleItem>
					</VirtualSubmoduleList>
				</ModuleItem>
				
				<ModuleItem ID="IDM_2" ModuleIdentNumber="0x00001002">
					<ModuleInfo CategoryRef="IDC_DO">
						<Name TextId="IDT_NAME_M2"/>
						<InfoText TextId="IDT_INFO_MOut"/>
						<OrderNumber Value="-"/>
					</ModuleInfo>
					<VirtualSubmoduleList>
						<VirtualSubmoduleItem ID="IDS_2" SubmoduleIdentNumber="0x00001002" MayIssueProcessAlarm="false">
							<IOData>
								<Output>
									<DataItem DataType="Unsigned8" UseAsBits="true" TextId="IDT_Output"/>
								</Output>
							</IOData>
							<ModuleInfo>
								<Name TextId="IDT_NAME_S"/>
								<InfoText TextId="IDT_INFO_S"/>
								<OrderNumber Value="-"/>
							</ModuleInfo>
						</VirtualSubmoduleItem>
					</VirtualSubmoduleList>
				</ModuleItem>
				
				<ModuleItem ID="IDM_3" ModuleIdentNumber="0x00001003">
					<ModuleInfo CategoryRef="IDC_DIO">
						<Name TextId="IDT_NAME_M3"/>
						<InfoText TextId="IDT_INFO_MInOut"/>
						<OrderNumber Value="-"/>
					</ModuleInfo>
					<VirtualSubmoduleList>
						<VirtualSubmoduleItem ID="IDS_3" SubmoduleIdentNumber="0x00001003" MayIssueProcessAlarm="false">
							<IOData>
								<Input>
									<DataItem DataType="Unsigned8" UseAsBits="true" TextId="IDT_Input"/>
								</Input>
								<Output>
									<DataItem DataType="Unsigned8" UseAsBits="true" TextId="IDT_Output"/>
								</Output>								
							</IOData>
							<ModuleInfo>
								<Name TextId="IDT_NAME_S"/>
								<InfoText TextId="IDT_INFO_S"/>
								<OrderNumber Value="-"/>
							</ModuleInfo>
						</VirtualSubmoduleItem>
					</VirtualSubmoduleList>
				</ModuleItem>

				<ModuleItem ID="IDM_64x3" ModuleIdentNumber="0x00001006">
					<ModuleInfo CategoryRef="IDC_DIO">
						<Name TextId="IDT_NAME_M64x3"/>
						<InfoText TextId="IDT_INFO_MInOut"/>
						<OrderNumber Value="-"/>
					</ModuleInfo>
					<VirtualSubmoduleList>
						<VirtualSubmoduleItem ID="IDS_64x3" SubmoduleIdentNumber="0x00001006" MayIssueProcessAlarm="false">
							<IOData>
								<Input>
									<DataItem DataType="OctetString" Length="64" TextId="IDT_Input"/>
								</Input>
								<Output>
									<DataItem DataType="OctetString" Length="64" TextId="IDT_Output"/>
								</Output>								
							</IOData>
							<ModuleInfo>
								<Name TextId="IDT_NAME_S"/>
								<InfoText TextId="IDT_INFO_S"/>
								<OrderNumber Value="-"/>
							</ModuleInfo>
						</VirtualSubmoduleItem>
					</VirtualSubmoduleList>
				</ModuleItem>				

				<!-- Unsigned32 Modules--> 
				<ModuleItem ID="IDM_11" ModuleIdentNumber="0x00001011">
					<ModuleInfo CategoryRef="IDC_DI">
						<Name TextId="IDT_NAME_M11"/>
						<InfoText TextId="IDT_INFO_MIn"/>
						<OrderNumber Value="-"/>
					</ModuleInfo>
					<VirtualSubmoduleList>
						<VirtualSubmoduleItem ID="IDS_11" SubmoduleIdentNumber="0x00001011" MayIssueProcessAlarm="false">
							<IOData>
								<Input>
									<DataItem DataType="Unsigned32" TextId="IDT_Input"/>
								</Input>
							</IOData>
							<ModuleInfo>
								<Name TextId="IDT_NAME_S"/>
								<InfoText TextId="IDT_INFO_S"/>
								<OrderNumber Value="-"/>
							</ModuleInfo>
						</VirtualSubmoduleItem>
					</VirtualSubmoduleList>
				</ModuleItem>
				
				<ModuleItem ID="IDM_12" ModuleIdentNumber="0x00001012">
					<ModuleInfo CategoryRef="IDC_DO">
						<Name TextId="IDT_NAME_M12"/>
						<InfoText TextId="IDT_INFO_MOut"/>
						<OrderNumber Value="-"/>
					</ModuleInfo>
					<VirtualSubmoduleList>
						<VirtualSubmoduleItem ID="IDS_12" SubmoduleIdentNumber="0x00001012" MayIssueProcessAlarm="false">
							<IOData>
								<Output>
									<DataItem DataType="Unsigned32" TextId="IDT_Output"/>
								</Output>
							</IOData>
							<ModuleInfo>
								<Name TextId="IDT_NAME_S"/>
								<InfoText TextId="IDT_INFO_S"/>
								<OrderNumber Value="-"/>
							</ModuleInfo>
						</VirtualSubmoduleItem>
					</VirtualSubmoduleList>
				</ModuleItem>
				
				<ModuleItem ID="IDM_13" ModuleIdentNumber="0x00001013">
					<ModuleInfo CategoryRef="IDC_DIO">
						<Name TextId="IDT_NAME_M13"/>
						<InfoText TextId="IDT_INFO_MInOut"/>
						<OrderNumber Value="-"/>
					</ModuleInfo>
					<VirtualSubmoduleList>
						<VirtualSubmoduleItem ID="IDS_13" SubmoduleIdentNumber="0x00001013" MayIssueProcessAlarm="false">
							<IOData>
								<Input>
									<DataItem DataType="Unsigned32" TextId="IDT_Input"/>
								</Input>
								<Output>
									<DataItem DataType="Unsigned32" TextId="IDT_Output"/>
								</Output>								
							</IOData>
							<ModuleInfo>
								<Name TextId="IDT_NAME_S"/>
								<InfoText TextId="IDT_INFO_S"/>
								<OrderNumber Value="-"/>
							</ModuleInfo>
						</VirtualSubmoduleItem>
					</VirtualSubmoduleList>
				</ModuleItem>


				<ModuleItem ID="IDM_8x11" ModuleIdentNumber="0x00001811">
					<ModuleInfo CategoryRef="IDC_DI">
						<Name TextId="IDT_NAME_M8x11"/>
						<InfoText TextId="IDT_INFO_MIn"/>
						<OrderNumber Value="-"/>
					</ModuleInfo>
					<VirtualSubmoduleList>
						<VirtualSubmoduleItem ID="IDS_8x11" SubmoduleIdentNumber="0x00001811" MayIssueProcessAlarm="false">
							<IOData>
								<Input>
									<DataItem DataType="Unsigned32" TextId="IDT_Input"/>
									<DataItem DataType="Unsigned32" TextId="IDT_Input"/>
									<DataItem DataType="Unsigned32" TextId="IDT_Input"/>
									<DataItem DataType="Unsigned32" TextId="IDT_Input"/>
									<DataItem DataType="Unsigned32" TextId="IDT_Input"/>
									<DataItem DataType="Unsigned32" TextId="IDT_Input"/>
									<DataItem DataType="Unsigned32" TextId="IDT_Input"/>
									<DataItem DataType="Unsigned32" TextId="IDT_Input"/>									
								</Input>
							</IOData>
							<ModuleInfo>
								<Name TextId="IDT_NAME_S"/>
								<InfoText TextId="IDT_INFO_S"/>
								<OrderNumber Value="-"/>
							</ModuleInfo>
						</VirtualSubmoduleItem>
					</VirtualSubmoduleList>
				</ModuleItem>
				
				<ModuleItem ID="IDM_8x12" ModuleIdentNumber="0x00001812">
					<ModuleInfo CategoryRef="IDC_DO">
						<Name TextId="IDT_NAME_M8x12"/>
						<InfoText TextId="IDT_INFO_MOut"/>
						<OrderNumber Value="-"/>
					</ModuleInfo>
					<VirtualSubmoduleList>
						<VirtualSubmoduleItem ID="IDS_8x12" SubmoduleIdentNumber="0x00001812" MayIssueProcessAlarm="false">
							<IOData>
								<Output>
									<DataItem DataType="Unsigned32" TextId="IDT_Output"/>
									<DataItem DataType="Unsigned32" TextId="IDT_Output"/>
									<DataItem DataType="Unsigned32" TextId="IDT_Output"/>
									<DataItem DataType="Unsigned32" TextId="IDT_Output"/>
									<DataItem DataType="Unsigned32" TextId="IDT_Output"/>
									<DataItem DataType="Unsigned32" TextId="IDT_Output"/>
									<DataItem DataType="Unsigned32" TextId="IDT_Output"/>
									<DataItem DataType="Unsigned32" TextId="IDT_Output"/>									
								</Output>
							</IOData>
							<ModuleInfo>
								<Name TextId="IDT_NAME_S"/>
								<InfoText TextId="IDT_INFO_S"/>
								<OrderNumber Value="-"/>
							</ModuleInfo>
						</VirtualSubmoduleItem>
					</VirtualSubmoduleList>
				</ModuleItem>
				
				<ModuleItem ID="IDM_8x13" ModuleIdentNumber="0x00001813">
					<ModuleInfo CategoryRef="IDC_DIO">
						<Name TextId="IDT_NAME_M8x13"/>
						<InfoText TextId="IDT_INFO_MInOut"/>
						<OrderNumber Value="-"/>
					</ModuleInfo>
					<VirtualSubmoduleList>
						<VirtualSubmoduleItem ID="IDS_8x13" SubmoduleIdentNumber="0x00001813" MayIssueProcessAlarm="false">
							<IOData>
								<Input>
									<DataItem DataType="Unsigned32" TextId="IDT_Input"/>
									<DataItem DataType="Unsigned32" TextId="IDT_Input"/>
									<DataItem DataType="Unsigned32" TextId="IDT_Input"/>
									<DataItem DataType="Unsigned32" TextId="IDT_Input"/>
									<DataItem DataType="Unsigned32" TextId="IDT_Input"/>
									<DataItem DataType="Unsigned32" TextId="IDT_Input"/>
									<DataItem DataType="Unsigned32" TextId="IDT_Input"/>
									<DataItem DataType="Unsigned32" TextId="IDT_Input"/>	
								</Input>
								<Output>
									<DataItem DataType="Unsigned32" TextId="IDT_Output"/>
									<DataItem DataType="Unsigned32" TextId="IDT_Output"/>
									<DataItem DataType="Unsigned32" TextId="IDT_Output"/>
									<DataItem DataType="Unsigned32" TextId="IDT_Output"/>
									<DataItem DataType="Unsigned32" TextId="IDT_Output"/>
									<DataItem DataType="Unsigned32" TextId="IDT_Output"/>
									<DataItem DataType="Unsigned32" TextId="IDT_Output"/>
									<DataItem DataType="Unsigned32" TextId="IDT_Output"/>	
								</Output>								
							</IOData>
							<ModuleInfo>
								<Name TextId="IDT_NAME_S"/>
								<InfoText TextId="IDT_INFO_S"/>
								<OrderNumber Value="-"/>
							</ModuleInfo>
						</VirtualSubmoduleItem>
					</VirtualSubmoduleList>
				</ModuleItem>


				<!-- Float32 Modules--> 
				<ModuleItem ID="IDM_21" ModuleIdentNumber="0x00001021">
					<ModuleInfo CategoryRef="IDC_DI">
						<Name TextId="IDT_NAME_M21"/>
						<InfoText TextId="IDT_INFO_MIn"/>
						<OrderNumber Value="-"/>
					</ModuleInfo>
					<VirtualSubmoduleList>
						<VirtualSubmoduleItem ID="IDS_21" SubmoduleIdentNumber="0x00001021" MayIssueProcessAlarm="false">
							<IOData>
								<Input>
									<DataItem DataType="Float32" TextId="IDT_Input"/>
								</Input>
							</IOData>
							<ModuleInfo>
								<Name TextId="IDT_NAME_S"/>
								<InfoText TextId="IDT_INFO_S"/>
								<OrderNumber Value="-"/>
							</ModuleInfo>
						</VirtualSubmoduleItem>
					</VirtualSubmoduleList>
				</ModuleItem>
				
				<ModuleItem ID="IDM_22" ModuleIdentNumber="0x00001022">
					<ModuleInfo CategoryRef="IDC_DO">
						<Name TextId="IDT_NAME_M22"/>
						<InfoText TextId="IDT_INFO_MOut"/>
						<OrderNumber Value="-"/>
					</ModuleInfo>
					<VirtualSubmoduleList>
						<VirtualSubmoduleItem ID="IDS_22" SubmoduleIdentNumber="0x00001022" MayIssueProcessAlarm="false">
							<IOData>
								<Output>
									<DataItem DataType="Float32" TextId="IDT_Output"/>
								</Output>
							</IOData>
							<ModuleInfo>
								<Name TextId="IDT_NAME_S"/>
								<InfoText TextId="IDT_INFO_S"/>
								<OrderNumber Value="-"/>
							</ModuleInfo>
						</VirtualSubmoduleItem>
					</VirtualSubmoduleList>
				</ModuleItem>
				
				<ModuleItem ID="IDM_23" ModuleIdentNumber="0x00001023">
					<ModuleInfo CategoryRef="IDC_DIO">
						<Name TextId="IDT_NAME_M23"/>
						<InfoText TextId="IDT_INFO_MInOut"/>
						<OrderNumber Value="-"/>
					</ModuleInfo>
					<VirtualSubmoduleList>
						<VirtualSubmoduleItem ID="IDS_23" SubmoduleIdentNumber="0x00001023" MayIssueProcessAlarm="false">
							<IOData>
								<Input>
									<DataItem DataType="Float32" TextId="IDT_Input"/>
								</Input>
								<Output>
									<DataItem DataType="Float32" TextId="IDT_Output"/>
								</Output>								
							</IOData>
							<ModuleInfo>
								<Name TextId="IDT_NAME_S"/>
								<InfoText TextId="IDT_INFO_S"/>
								<OrderNumber Value="-"/>
							</ModuleInfo>
						</VirtualSubmoduleItem>
					</VirtualSubmoduleList>
				</ModuleItem>


				<ModuleItem ID="IDM_8x21" ModuleIdentNumber="0x00002811">
					<ModuleInfo CategoryRef="IDC_DI">
						<Name TextId="IDT_NAME_M8x21"/>
						<InfoText TextId="IDT_INFO_MIn"/>
						<OrderNumber Value="-"/>
					</ModuleInfo>
					<VirtualSubmoduleList>
						<VirtualSubmoduleItem ID="IDS_8x21" SubmoduleIdentNumber="0x00002811" MayIssueProcessAlarm="false">
							<IOData>
								<Input>
									<DataItem DataType="Float32" TextId="IDT_Input"/>
									<DataItem DataType="Float32" TextId="IDT_Input"/>
									<DataItem DataType="Float32" TextId="IDT_Input"/>
									<DataItem DataType="Float32" TextId="IDT_Input"/>
									<DataItem DataType="Float32" TextId="IDT_Input"/>
									<DataItem DataType="Float32" TextId="IDT_Input"/>
									<DataItem DataType="Float32" TextId="IDT_Input"/>
									<DataItem DataType="Float32" TextId="IDT_Input"/>									
								</Input>
							</IOData>
							<ModuleInfo>
								<Name TextId="IDT_NAME_S"/>
								<InfoText TextId="IDT_INFO_S"/>
								<OrderNumber Value="-"/>
							</ModuleInfo>
						</VirtualSubmoduleItem>
					</VirtualSubmoduleList>
				</ModuleItem>
				
				<ModuleItem ID="IDM_8x22" ModuleIdentNumber="0x00001822">
					<ModuleInfo CategoryRef="IDC_DO">
						<Name TextId="IDT_NAME_M8x22"/>
						<InfoText TextId="IDT_INFO_MOut"/>
						<OrderNumber Value="-"/>
					</ModuleInfo>
					<VirtualSubmoduleList>
						<VirtualSubmoduleItem ID="IDS_8x22" SubmoduleIdentNumber="0x00001822" MayIssueProcessAlarm="false">
							<IOData>
								<Output>
									<DataItem DataType="Float32" TextId="IDT_Output"/>
									<DataItem DataType="Float32" TextId="IDT_Output"/>
									<DataItem DataType="Float32" TextId="IDT_Output"/>
									<DataItem DataType="Float32" TextId="IDT_Output"/>
									<DataItem DataType="Float32" TextId="IDT_Output"/>
									<DataItem DataType="Float32" TextId="IDT_Output"/>
									<DataItem DataType="Float32" TextId="IDT_Output"/>
									<DataItem DataType="Float32" TextId="IDT_Output"/>									
								</Output>
							</IOData>
							<ModuleInfo>
								<Name TextId="IDT_NAME_S"/>
								<InfoText TextId="IDT_INFO_S"/>
								<OrderNumber Value="-"/>
							</ModuleInfo>
						</VirtualSubmoduleItem>
					</VirtualSubmoduleList>
				</ModuleItem>
				
				<ModuleItem ID="IDM_8x23" ModuleIdentNumber="0x00001823">
					<ModuleInfo CategoryRef="IDC_DIO">
						<Name TextId="IDT_NAME_M8x23"/>
						<InfoText TextId="IDT_INFO_MInOut"/>
						<OrderNumber Value="-"/>
					</ModuleInfo>
					<VirtualSubmoduleList>
						<VirtualSubmoduleItem ID="IDS_8x23" SubmoduleIdentNumber="0x00001823" MayIssueProcessAlarm="false">
							<IOData>
								<Input>
									<DataItem DataType="Float32" TextId="IDT_Input"/>
									<DataItem DataType="Float32" TextId="IDT_Input"/>
									<DataItem DataType="Float32" TextId="IDT_Input"/>
									<DataItem DataType="Float32" TextId="IDT_Input"/>
									<DataItem DataType="Float32" TextId="IDT_Input"/>
									<DataItem DataType="Float32" TextId="IDT_Input"/>
									<DataItem DataType="Float32" TextId="IDT_Input"/>
									<DataItem DataType="Float32" TextId="IDT_Input"/>	
								</Input>
								<Output>
									<DataItem DataType="Float32" TextId="IDT_Output"/>
									<DataItem DataType="Float32" TextId="IDT_Output"/>
									<DataItem DataType="Float32" TextId="IDT_Output"/>
									<DataItem DataType="Float32" TextId="IDT_Output"/>
									<DataItem DataType="Float32" TextId="IDT_Output"/>
									<DataItem DataType="Float32" TextId="IDT_Output"/>
									<DataItem DataType="Float32" TextId="IDT_Output"/>
									<DataItem DataType="Float32" TextId="IDT_Output"/>	
								</Output>								
							</IOData>
							<ModuleInfo>
								<Name TextId="IDT_NAME_S"/>
								<InfoText TextId="IDT_INFO_S"/>
								<OrderNumber Value="-"/>
							</ModuleInfo>
						</VirtualSubmoduleItem>
					</VirtualSubmoduleList>
				</ModuleItem>

				<!-- Mixed Data-type Modules--> 
				<ModuleItem ID="IDM_83" ModuleIdentNumber="0x00001083">
					<ModuleInfo CategoryRef="IDC_DIO">
						<Name TextId="IDT_NAME_M83"/>
						<InfoText TextId="IDT_INFO_MInOut"/>
						<OrderNumber Value="-"/>
					</ModuleInfo>
					<VirtualSubmoduleList>
						<VirtualSubmoduleItem ID="IDS_83" SubmoduleIdentNumber="0x00001083" MayIssueProcessAlarm="false">
							<IOData>
								<Input>
									<DataItem DataType="Unsigned8" UseAsBits="true" TextId="IDT_Input"/>
									<DataItem DataType="Unsigned8" UseAsBits="true" TextId="IDT_Input"/>
									<DataItem DataType="Unsigned16" TextId="IDT_Input"/>								
									<DataItem DataType="Unsigned32"  TextId="IDT_Input"/>									
									<DataItem DataType="Integer64"  TextId="IDT_Input"/>
								</Input>
								<Output>
									<DataItem DataType="Unsigned8" UseAsBits="true" TextId="IDT_Output"/>
									<DataItem DataType="Unsigned8" UseAsBits="true" TextId="IDT_Output"/>
									<DataItem DataType="Unsigned16" TextId="IDT_Output"/>								
									<DataItem DataType="Unsigned32"  TextId="IDT_Output"/>									
									<DataItem DataType="Integer64"  TextId="IDT_Output"/>
								</Output>								
							</IOData>
							<ModuleInfo>
								<Name TextId="IDT_NAME_S"/>
								<InfoText TextId="IDT_INFO_S"/>
								<OrderNumber Value="-"/>
							</ModuleInfo>
						</VirtualSubmoduleItem>
					</VirtualSubmoduleList>
				</ModuleItem>
				
			</ModuleList>

			

			<CategoryList>
				<CategoryItem ID="IDC_DI" TextId="IDT_CATEGORY_DI">
					<InfoText TextId="IDT_INFO_DI"/>
				</CategoryItem>
				<CategoryItem ID="IDC_DO" TextId="IDT_CATEGORY_DO">
					<InfoText TextId="IDT_INFO_DO"/>
				</CategoryItem>
				<CategoryItem ID="IDC_DIO" TextId="IDT_CATEGORY_DIO">
					<InfoText TextId="IDT_INFO_DIO"/>
				</CategoryItem>				
			</CategoryList>
			<ExternalTextList>
				<PrimaryLanguage>
					<Text TextId="IDT_INFO_Device" Value="CODESYS Profinet Device"/>
					<Text TextId="IDT_NAME_DAP1" Value="CODESYS Profinet Device"/>
					<Text TextId="IDT_INFO_DAP1" Value="CODESYS PLC running as Profinet Device."/>		<!-- Description of device --> 
					<Text TextId="IDT_SUBSLOT_1" Value="Subslot 1"/>
					<Text TextId="IDT_SUBSLOT_Interface" Value="Interface"/>
					<Text TextId="IDT_SUBSLOT_Port1" Value="Port 1"/>
					<Text TextId="IDT_SUBSLOT_Port2" Value="Port 2"/>
					<Text TextId="IDT_RECORD_NAME_Head" Value="Parameters of head module"/>
					<Text TextId="IDT_REF_Power" Value="Percent power"/>
					<Text TextId="IDT_NAME_VS1" Value="Submodule V1"/>
					<Text TextId="IDT_INFO_VS1" Value="Description of submodule V1"/>
					<Text TextId="IDT_NAME_IS" Value="I"/>
					<Text TextId="IDT_NAME_PS1" Value="P1"/>
					<Text TextId="IDT_NAME_PS2" Value="P2"/>
					
					<!-- Module Names -->
					<Text TextId="IDT_NAME_M1" Value="Input 8Bit"/>
					<Text TextId="IDT_NAME_M2" Value="Output 8Bit"/>
					<Text TextId="IDT_NAME_M3" Value="InOut 8Bit"/>
					
					<Text TextId="IDT_NAME_M11" Value="Input Unsigned32"/>
					<Text TextId="IDT_NAME_M12" Value="Output Unsigned32"/>
					<Text TextId="IDT_NAME_M13" Value="InOut Unsigned32"/>
					
					<Text TextId="IDT_NAME_M8x11" Value="Input Unsigned32*8"/>
					<Text TextId="IDT_NAME_M8x12" Value="Output Unsigned32*8"/>
					<Text TextId="IDT_NAME_M8x13" Value="InOut Unsigned32*8"/>

					<Text TextId="IDT_NAME_M21" Value="Input Float32"/>
					<Text TextId="IDT_NAME_M22" Value="Output Float32"/>
					<Text TextId="IDT_NAME_M23" Value="InOut Float32"/>
					
					<Text TextId="IDT_NAME_M8x21" Value="Input Float32*8"/>
					<Text TextId="IDT_NAME_M8x22" Value="Output Float32*8"/>
					<Text TextId="IDT_NAME_M8x23" Value="InOut Float32*8"/>

					<Text TextId="IDT_NAME_M83" Value="InOut Structured"/>				
					<Text TextId="IDT_NAME_M64x3" Value="InOut 64 Byte"/>	
					
					<Text TextId="IDT_Input" Value="Input Data"/>
					<Text TextId="IDT_Output" Value="Output Data"/>
					<Text TextId="IDT_INFO_MIn" Value="Module provides Controller Input-Data"/>
					<Text TextId="IDT_INFO_MOut" Value="Module consumes Controller Output-Data"/>
					<Text TextId="IDT_INFO_MInOut" Value="Module with Input- and Output-Data"/>					

					<Text TextId="IDT_NAME_S" Value="Submodule"/>
					<Text TextId="IDT_INFO_S" Value="Description of submodule"/>
					
					<Text TextId="IDT_CATEGORY_DI" Value="Input"/>
					<Text TextId="IDT_INFO_DI" Value="Description of input"/>
					<Text TextId="IDT_CATEGORY_DO" Value="Output"/>
					<Text TextId="IDT_INFO_DO" Value="Description of output"/>
					<Text TextId="IDT_CATEGORY_DIO" Value="Input/Output"/>
					<Text TextId="IDT_INFO_DIO" Value="Description of input/output"/>
					
					<Text TextId="Inputs" Value="Inputs"/>
					<Text TextId="Outputs" Value="Outputs"/>
				</PrimaryLanguage>
			</ExternalTextList>
		</ApplicationProcess>
	</ProfileBody>
</ISO15745Profile>
