﻿<?xml version="1.0" encoding="utf-8"?>
<Symbolconfiguration xmlns="http://www.3s-software.com/schemas/Symbolconfiguration.xsd">
  <Header>
    <Version>3.5.10.0</Version>
    <SymbolConfigObject version="3.5.10.20" runtimeid="3.5.10.30" libversion="3.5.10.0" settings="LayoutCalculator=OptimizedClientSideLayoutCalculator" />
    <ProjectInfo name="DEM22004_HMI_CODESYS_iR-ETN40R_Demo" devicename="Device" appname="Application" />
  </Header>
  <TypeList>
    <TypeSimple name="T_BIT_X_0" size="1" swapsize="0" typeclass="Bool" iecname="BIT" bitoffset="0" />
    <TypeSimple name="T_BIT_X_1" size="1" swapsize="0" typeclass="Bool" iecname="BIT" bitoffset="1" />
    <TypeSimple name="T_BIT_X_2" size="1" swapsize="0" typeclass="Bool" iecname="BIT" bitoffset="2" />
    <TypeSimple name="T_BIT_X_3" size="1" swapsize="0" typeclass="Bool" iecname="BIT" bitoffset="3" />
    <TypeSimple name="T_BIT_X_4" size="1" swapsize="0" typeclass="Bool" iecname="BIT" bitoffset="4" />
    <TypeSimple name="T_BIT_X_5" size="1" swapsize="0" typeclass="Bool" iecname="BIT" bitoffset="5" />
    <TypeSimple name="T_BIT_X_6" size="1" swapsize="0" typeclass="Bool" iecname="BIT" bitoffset="6" />
    <TypeSimple name="T_BIT_X_7" size="1" swapsize="0" typeclass="Bool" iecname="BIT" bitoffset="7" />
    <TypeSimple name="T_BOOL" size="1" swapsize="0" typeclass="Bool" iecname="BOOL" />
  </TypeList>
  <NodeList>
    <Node name="Application">
      <Node name="GVL">
        <Node name="DI_I_00" type="T_BIT_X_0" access="Read" directaddress="%IX0.0" />
        <Node name="DI_I_01" type="T_BIT_X_1" access="Read" directaddress="%IX0.1" />
        <Node name="DI_I_02" type="T_BIT_X_2" access="Read" directaddress="%IX0.2" />
        <Node name="DI_I_03" type="T_BIT_X_3" access="Read" directaddress="%IX0.3" />
        <Node name="DI_I_04" type="T_BIT_X_4" access="Read" directaddress="%IX0.4" />
        <Node name="DI_I_05" type="T_BIT_X_5" access="Read" directaddress="%IX0.5" />
        <Node name="DI_I_06" type="T_BIT_X_6" access="Read" directaddress="%IX0.6" />
        <Node name="DI_I_07" type="T_BIT_X_7" access="Read" directaddress="%IX0.7" />
        <Node name="DI_I_08" type="T_BIT_X_0" access="Read" directaddress="%IX1.0" />
        <Node name="DI_I_09" type="T_BIT_X_1" access="Read" directaddress="%IX1.1" />
        <Node name="DI_I_10" type="T_BIT_X_2" access="Read" directaddress="%IX1.2" />
        <Node name="DI_I_11" type="T_BIT_X_3" access="Read" directaddress="%IX1.3" />
        <Node name="DI_II_00" type="T_BIT_X_0" access="Read" directaddress="%IX3.0" />
        <Node name="DI_II_01" type="T_BIT_X_1" access="Read" directaddress="%IX3.1" />
        <Node name="DI_II_02" type="T_BIT_X_2" access="Read" directaddress="%IX3.2" />
        <Node name="DI_II_03" type="T_BIT_X_3" access="Read" directaddress="%IX3.3" />
        <Node name="DI_II_04" type="T_BIT_X_4" access="Read" directaddress="%IX3.4" />
        <Node name="DI_II_05" type="T_BIT_X_5" access="Read" directaddress="%IX3.5" />
        <Node name="DI_II_06" type="T_BIT_X_6" access="Read" directaddress="%IX3.6" />
        <Node name="DI_II_07" type="T_BIT_X_7" access="Read" directaddress="%IX3.7" />
        <Node name="DI_II_08" type="T_BIT_X_0" access="Read" directaddress="%IX4.0" />
        <Node name="DI_II_09" type="T_BIT_X_1" access="Read" directaddress="%IX4.1" />
        <Node name="DI_II_10" type="T_BIT_X_2" access="Read" directaddress="%IX4.2" />
        <Node name="DI_II_11" type="T_BIT_X_3" access="Read" directaddress="%IX4.3" />
        <Node name="DQ_I_04" type="T_BIT_X_0" access="ReadWrite" directaddress="%QX0.0" />
        <Node name="DQ_I_05" type="T_BIT_X_1" access="ReadWrite" directaddress="%QX0.1" />
        <Node name="DQ_I_06" type="T_BIT_X_2" access="ReadWrite" directaddress="%QX0.2" />
        <Node name="DQ_I_07" type="T_BIT_X_3" access="ReadWrite" directaddress="%QX0.3" />
        <Node name="DQ_II_04" type="T_BIT_X_0" access="ReadWrite" directaddress="%QX1.0" />
        <Node name="DQ_II_05" type="T_BIT_X_1" access="ReadWrite" directaddress="%QX1.1" />
        <Node name="DQ_II_06" type="T_BIT_X_2" access="ReadWrite" directaddress="%QX1.2" />
        <Node name="DQ_II_07" type="T_BIT_X_3" access="ReadWrite" directaddress="%QX1.3" />
      </Node>
      <Node name="POU">
        <Node name="HMI_DI_I_00" type="T_BOOL" access="ReadWrite" />
        <Node name="HMI_DI_I_01" type="T_BOOL" access="ReadWrite" />
        <Node name="HMI_DI_I_02" type="T_BOOL" access="ReadWrite" />
        <Node name="HMI_DI_I_03" type="T_BOOL" access="ReadWrite" />
        <Node name="HMI_DI_I_04" type="T_BOOL" access="ReadWrite" />
        <Node name="HMI_DI_I_05" type="T_BOOL" access="ReadWrite" />
        <Node name="HMI_DI_I_06" type="T_BOOL" access="ReadWrite" />
        <Node name="HMI_DI_I_07" type="T_BOOL" access="ReadWrite" />
        <Node name="HMI_DI_I_08" type="T_BOOL" access="ReadWrite" />
        <Node name="HMI_DI_I_09" type="T_BOOL" access="ReadWrite" />
        <Node name="HMI_DI_I_10" type="T_BOOL" access="ReadWrite" />
        <Node name="HMI_DI_I_11" type="T_BOOL" access="ReadWrite" />
        <Node name="HMI_DI_II_00" type="T_BOOL" access="ReadWrite" />
        <Node name="HMI_DI_II_01" type="T_BOOL" access="ReadWrite" />
        <Node name="HMI_DI_II_02" type="T_BOOL" access="ReadWrite" />
        <Node name="HMI_DI_II_03" type="T_BOOL" access="ReadWrite" />
        <Node name="HMI_DI_II_04" type="T_BOOL" access="ReadWrite" />
        <Node name="HMI_DI_II_05" type="T_BOOL" access="ReadWrite" />
        <Node name="HMI_DI_II_06" type="T_BOOL" access="ReadWrite" />
        <Node name="HMI_DI_II_07" type="T_BOOL" access="ReadWrite" />
        <Node name="HMI_DI_II_08" type="T_BOOL" access="ReadWrite" />
        <Node name="HMI_DI_II_09" type="T_BOOL" access="ReadWrite" />
        <Node name="HMI_DI_II_10" type="T_BOOL" access="ReadWrite" />
        <Node name="HMI_DI_II_11" type="T_BOOL" access="ReadWrite" />
        <Node name="HMI_DQ_I_00" type="T_BOOL" access="ReadWrite" />
        <Node name="HMI_DQ_I_01" type="T_BOOL" access="ReadWrite" />
        <Node name="HMI_DQ_I_02" type="T_BOOL" access="ReadWrite" />
        <Node name="HMI_DQ_I_03" type="T_BOOL" access="ReadWrite" />
        <Node name="HMI_DQ_I_04" type="T_BOOL" access="ReadWrite" />
        <Node name="HMI_DQ_I_05" type="T_BOOL" access="ReadWrite" />
        <Node name="HMI_DQ_I_06" type="T_BOOL" access="ReadWrite" />
        <Node name="HMI_DQ_I_07" type="T_BOOL" access="ReadWrite" />
        <Node name="HMI_DQ_II_00" type="T_BOOL" access="ReadWrite" />
        <Node name="HMI_DQ_II_01" type="T_BOOL" access="ReadWrite" />
        <Node name="HMI_DQ_II_02" type="T_BOOL" access="ReadWrite" />
        <Node name="HMI_DQ_II_03" type="T_BOOL" access="ReadWrite" />
        <Node name="HMI_DQ_II_04" type="T_BOOL" access="ReadWrite" />
        <Node name="HMI_DQ_II_05" type="T_BOOL" access="ReadWrite" />
        <Node name="HMI_DQ_II_06" type="T_BOOL" access="ReadWrite" />
        <Node name="HMI_DQ_II_07" type="T_BOOL" access="ReadWrite" />
      </Node>
    </Node>
  </NodeList>
</Symbolconfiguration>